CLUSTER_GRUPO;CEP_RISCO;DS_MOD_PRC;MOD_PRC;DS_MOD_ADC;MOD_ADC;OFERTA;OFERTA_GERAL;OFERTA_DIGITAL;OFERTA_URA;OFERTA_PAP;OFERTA_OUTBOUND
G1;d. SEM RISCO;HVI3;R01;G1 - BHV;R01;15;15;15;15;15;15
G1;d. SEM RISCO;HVI3;R01;G1 - BHV;R02;15;15;15;15;15;15
G1;d. SEM RISCO;HVI3;R01;G1 - BHV;R03;15;15;15;15;15;15
G1;d. SEM RISCO;HVI3;R01;G1 - BHV;R04;15;15;15;15;15;15
G1;d. SEM RISCO;HVI3;R01;G1 - BHV;R05;15;15;15;15;15;15
G1;d. SEM RISCO;HVI3;R01;G1 - BHV;R06;15;15;15;15;15;15
G1;d. SEM RISCO;HVI3;R01;G1 - BHV;R07;15;15;15;15;15;15
G1;d. SEM RISCO;HVI3;R01;G1 - BHV;R08;15;15;15;15;15;15
G1;d. SEM RISCO;HVI3;R01;G1 - BHV;R09;15;15;15;15;15;15
G1;d. SEM RISCO;HVI3;R01;G1 - BHV;R10;15;15;15;15;15;15
G1;d. SEM RISCO;HVI3;R01;G1 - BHV;R11;15;15;15;15;15;15
G1;d. SEM RISCO;HVI3;R01;G1 - BHV;R12;15;15;15;15;15;15
G1;d. SEM RISCO;HVI3;R01;G1 - BHV;R13;15;15;15;15;15;15
G1;d. SEM RISCO;HVI3;R01;G1 - BHV;R14;15;15;15;15;15;15
G1;d. SEM RISCO;HVI3;R01;G1 - BHV;R15;15;15;15;15;15;15
G1;d. SEM RISCO;HVI3;R01;G1 - BHV;R16;15;15;15;15;15;15
G1;d. SEM RISCO;HVI3;R01;G1 - BHV;R17;15;15;15;15;15;15
G1;d. SEM RISCO;HVI3;R01;G1 - BHV;R18;15;15;15;15;15;15
G1;d. SEM RISCO;HVI3;R01;G1 - BHV;R19;15;15;15;15;15;15
G1;d. SEM RISCO;HVI3;R01;G1 - BHV;R20;15;15;15;15;15;15
G1;d. SEM RISCO;HVI3;R01;Restritivos;y. Sem Rest;15;15;15;15;15;15
G1;d. SEM RISCO;HVI3;R01;Restritivos;z. Com Rest;15;15;15;15;15;15
G1;d. SEM RISCO;HVI3;R02;G1 - BHV;R01;15;15;15;15;15;15
G1;d. SEM RISCO;HVI3;R02;G1 - BHV;R02;15;15;15;15;15;15
G1;d. SEM RISCO;HVI3;R02;G1 - BHV;R03;15;15;15;15;15;15
G1;d. SEM RISCO;HVI3;R02;G1 - BHV;R04;15;15;15;15;15;15
G1;d. SEM RISCO;HVI3;R02;G1 - BHV;R05;15;15;15;15;15;15
G1;d. SEM RISCO;HVI3;R02;G1 - BHV;R06;15;15;15;15;15;15
G1;d. SEM RISCO;HVI3;R02;G1 - BHV;R07;15;15;15;15;15;15
G1;d. SEM RISCO;HVI3;R02;G1 - BHV;R08;15;15;15;15;15;15
G1;d. SEM RISCO;HVI3;R02;G1 - BHV;R09;15;15;15;15;15;15
G1;d. SEM RISCO;HVI3;R02;G1 - BHV;R10;15;15;15;15;15;15
G1;d. SEM RISCO;HVI3;R02;G1 - BHV;R11;15;15;15;15;15;15
G1;d. SEM RISCO;HVI3;R02;G1 - BHV;R12;15;15;15;15;15;15
G1;d. SEM RISCO;HVI3;R02;G1 - BHV;R13;15;15;15;15;15;15
G1;d. SEM RISCO;HVI3;R02;G1 - BHV;R14;15;15;15;15;15;15
G1;d. SEM RISCO;HVI3;R02;G1 - BHV;R15;15;15;15;15;15;15
G1;d. SEM RISCO;HVI3;R02;G1 - BHV;R16;15;15;15;15;15;15
G1;d. SEM RISCO;HVI3;R02;G1 - BHV;R17;15;15;15;15;15;15
G1;d. SEM RISCO;HVI3;R02;G1 - BHV;R18;15;15;15;15;15;15
G1;d. SEM RISCO;HVI3;R02;G1 - BHV;R19;15;15;15;15;15;15
G1;d. SEM RISCO;HVI3;R02;G1 - BHV;R20;15;15;15;15;15;15
G1;d. SEM RISCO;HVI3;R02;Restritivos;y. Sem Rest;15;15;15;15;15;15
G1;d. SEM RISCO;HVI3;R02;Restritivos;z. Com Rest;15;15;15;15;15;15
G1;d. SEM RISCO;HVI3;R03;G1 - BHV;R01;15;15;15;15;15;15
G1;d. SEM RISCO;HVI3;R03;G1 - BHV;R02;15;15;15;15;15;15
G1;d. SEM RISCO;HVI3;R03;G1 - BHV;R03;15;15;15;15;15;15
G1;d. SEM RISCO;HVI3;R03;G1 - BHV;R04;15;15;15;15;15;15
G1;d. SEM RISCO;HVI3;R03;G1 - BHV;R05;15;15;15;15;15;15
G1;d. SEM RISCO;HVI3;R03;G1 - BHV;R06;15;15;15;15;15;15
G1;d. SEM RISCO;HVI3;R03;G1 - BHV;R07;15;15;15;15;15;15
G1;d. SEM RISCO;HVI3;R03;G1 - BHV;R08;15;15;15;15;15;15
G1;d. SEM RISCO;HVI3;R03;G1 - BHV;R09;15;15;15;15;15;15
G1;d. SEM RISCO;HVI3;R03;G1 - BHV;R10;15;15;15;15;15;15
G1;d. SEM RISCO;HVI3;R03;G1 - BHV;R11;15;15;15;15;15;15
G1;d. SEM RISCO;HVI3;R03;G1 - BHV;R12;15;15;15;15;15;15
G1;d. SEM RISCO;HVI3;R03;G1 - BHV;R13;15;15;15;15;15;15
G1;d. SEM RISCO;HVI3;R03;G1 - BHV;R14;15;15;15;15;15;15
G1;d. SEM RISCO;HVI3;R03;G1 - BHV;R15;15;15;15;15;15;15
G1;d. SEM RISCO;HVI3;R03;G1 - BHV;R16;15;15;15;15;15;15
G1;d. SEM RISCO;HVI3;R03;G1 - BHV;R17;15;15;15;15;15;15
G1;d. SEM RISCO;HVI3;R03;G1 - BHV;R18;15;15;15;15;15;15
G1;d. SEM RISCO;HVI3;R03;G1 - BHV;R19;15;15;15;15;15;15
G1;d. SEM RISCO;HVI3;R03;G1 - BHV;R20;15;15;15;15;15;15
G1;d. SEM RISCO;HVI3;R03;Restritivos;y. Sem Rest;15;15;15;15;15;15
G1;d. SEM RISCO;HVI3;R03;Restritivos;z. Com Rest;15;15;15;15;15;15
G1;d. SEM RISCO;HVI3;R04;G1 - BHV;R01;15;15;15;15;15;15
G1;d. SEM RISCO;HVI3;R04;G1 - BHV;R02;15;15;15;15;15;15
G1;d. SEM RISCO;HVI3;R04;G1 - BHV;R03;15;15;15;15;15;15
G1;d. SEM RISCO;HVI3;R04;G1 - BHV;R04;15;15;15;15;15;15
G1;d. SEM RISCO;HVI3;R04;G1 - BHV;R05;15;15;15;15;15;15
G1;d. SEM RISCO;HVI3;R04;G1 - BHV;R06;15;15;15;15;15;15
G1;d. SEM RISCO;HVI3;R04;G1 - BHV;R07;15;15;15;15;15;15
G1;d. SEM RISCO;HVI3;R04;G1 - BHV;R08;15;15;15;15;15;15
G1;d. SEM RISCO;HVI3;R04;G1 - BHV;R09;15;15;15;15;15;15
G1;d. SEM RISCO;HVI3;R04;G1 - BHV;R10;15;15;15;15;15;15
G1;d. SEM RISCO;HVI3;R04;G1 - BHV;R11;15;15;15;15;15;15
G1;d. SEM RISCO;HVI3;R04;G1 - BHV;R12;15;15;15;15;15;15
G1;d. SEM RISCO;HVI3;R04;G1 - BHV;R13;15;15;15;15;15;15
G1;d. SEM RISCO;HVI3;R04;G1 - BHV;R14;15;15;15;15;15;15
G1;d. SEM RISCO;HVI3;R04;G1 - BHV;R15;15;15;15;15;15;15
G1;d. SEM RISCO;HVI3;R04;G1 - BHV;R16;15;15;15;15;15;15
G1;d. SEM RISCO;HVI3;R04;G1 - BHV;R17;15;15;15;15;15;15
G1;d. SEM RISCO;HVI3;R04;G1 - BHV;R18;15;15;15;15;15;15
G1;d. SEM RISCO;HVI3;R04;G1 - BHV;R19;15;15;15;15;15;15
G1;d. SEM RISCO;HVI3;R04;G1 - BHV;R20;15;15;15;15;15;15
G1;d. SEM RISCO;HVI3;R04;Restritivos;y. Sem Rest;15;15;15;15;15;15
G1;d. SEM RISCO;HVI3;R04;Restritivos;z. Com Rest;15;15;15;15;15;15
G1;d. SEM RISCO;HVI3;R05;G1 - BHV;R01;15;15;15;15;15;15
G1;d. SEM RISCO;HVI3;R05;G1 - BHV;R02;15;15;15;15;15;15
G1;d. SEM RISCO;HVI3;R05;G1 - BHV;R03;15;15;15;15;15;15
G1;d. SEM RISCO;HVI3;R05;G1 - BHV;R04;15;15;15;15;15;15
G1;d. SEM RISCO;HVI3;R05;G1 - BHV;R05;15;15;15;15;15;15
G1;d. SEM RISCO;HVI3;R05;G1 - BHV;R06;15;15;15;15;15;15
G1;d. SEM RISCO;HVI3;R05;G1 - BHV;R07;15;15;15;15;15;15
G1;d. SEM RISCO;HVI3;R05;G1 - BHV;R08;15;15;15;15;15;15
G1;d. SEM RISCO;HVI3;R05;G1 - BHV;R09;15;15;15;15;15;15
G1;d. SEM RISCO;HVI3;R05;G1 - BHV;R10;15;15;15;15;15;15
G1;d. SEM RISCO;HVI3;R05;G1 - BHV;R11;15;15;15;15;15;15
G1;d. SEM RISCO;HVI3;R05;G1 - BHV;R12;15;15;15;15;15;15
G1;d. SEM RISCO;HVI3;R05;G1 - BHV;R13;15;15;15;15;15;15
G1;d. SEM RISCO;HVI3;R05;G1 - BHV;R14;15;15;15;15;15;15
G1;d. SEM RISCO;HVI3;R05;G1 - BHV;R15;15;15;15;15;15;15
G1;d. SEM RISCO;HVI3;R05;G1 - BHV;R16;15;15;15;15;15;15
G1;d. SEM RISCO;HVI3;R05;G1 - BHV;R17;15;15;15;15;15;15
G1;d. SEM RISCO;HVI3;R05;G1 - BHV;R18;15;15;15;15;15;15
G1;d. SEM RISCO;HVI3;R05;G1 - BHV;R19;15;15;15;15;15;15
G1;d. SEM RISCO;HVI3;R05;G1 - BHV;R20;15;15;15;15;15;15
G1;d. SEM RISCO;HVI3;R05;Restritivos;y. Sem Rest;15;15;15;15;15;15
G1;d. SEM RISCO;HVI3;R05;Restritivos;z. Com Rest;15;15;15;15;15;15
G1;d. SEM RISCO;HVI3;R06;G1 - BHV;R01;15;15;15;15;15;15
G1;d. SEM RISCO;HVI3;R06;G1 - BHV;R02;15;15;15;15;15;15
G1;d. SEM RISCO;HVI3;R06;G1 - BHV;R03;15;15;15;15;15;15
G1;d. SEM RISCO;HVI3;R06;G1 - BHV;R04;15;15;15;15;15;15
G1;d. SEM RISCO;HVI3;R06;G1 - BHV;R05;15;15;15;15;15;15
G1;d. SEM RISCO;HVI3;R06;G1 - BHV;R06;15;15;15;15;15;15
G1;d. SEM RISCO;HVI3;R06;G1 - BHV;R07;15;15;15;15;15;15
G1;d. SEM RISCO;HVI3;R06;G1 - BHV;R08;15;15;15;15;15;15
G1;d. SEM RISCO;HVI3;R06;G1 - BHV;R09;15;15;15;15;15;15
G1;d. SEM RISCO;HVI3;R06;G1 - BHV;R10;15;15;15;15;15;15
G1;d. SEM RISCO;HVI3;R06;G1 - BHV;R11;15;15;15;15;15;15
G1;d. SEM RISCO;HVI3;R06;G1 - BHV;R12;15;15;15;15;15;15
G1;d. SEM RISCO;HVI3;R06;G1 - BHV;R13;15;15;15;15;15;15
G1;d. SEM RISCO;HVI3;R06;G1 - BHV;R14;15;15;15;15;15;15
G1;d. SEM RISCO;HVI3;R06;G1 - BHV;R15;15;15;15;15;15;15
G1;d. SEM RISCO;HVI3;R06;G1 - BHV;R16;15;15;15;15;15;15
G1;d. SEM RISCO;HVI3;R06;G1 - BHV;R17;12;12;12;12;12;12
G1;d. SEM RISCO;HVI3;R06;G1 - BHV;R18;12;12;12;12;12;12
G1;d. SEM RISCO;HVI3;R06;G1 - BHV;R19;12;12;12;12;12;12
G1;d. SEM RISCO;HVI3;R06;G1 - BHV;R20;12;12;12;12;12;12
G1;d. SEM RISCO;HVI3;R06;Restritivos;y. Sem Rest;15;15;15;15;15;15
G1;d. SEM RISCO;HVI3;R06;Restritivos;z. Com Rest;15;15;15;15;15;15
G1;d. SEM RISCO;HVI3;R07;G1 - BHV;R01;15;15;15;15;15;15
G1;d. SEM RISCO;HVI3;R07;G1 - BHV;R02;15;15;15;15;15;15
G1;d. SEM RISCO;HVI3;R07;G1 - BHV;R03;15;15;15;15;15;15
G1;d. SEM RISCO;HVI3;R07;G1 - BHV;R04;15;15;15;15;15;15
G1;d. SEM RISCO;HVI3;R07;G1 - BHV;R05;15;15;15;15;15;15
G1;d. SEM RISCO;HVI3;R07;G1 - BHV;R06;15;15;15;15;15;15
G1;d. SEM RISCO;HVI3;R07;G1 - BHV;R07;15;15;15;15;15;15
G1;d. SEM RISCO;HVI3;R07;G1 - BHV;R08;15;15;15;15;15;15
G1;d. SEM RISCO;HVI3;R07;G1 - BHV;R09;15;15;15;15;15;15
G1;d. SEM RISCO;HVI3;R07;G1 - BHV;R10;15;15;15;15;15;15
G1;d. SEM RISCO;HVI3;R07;G1 - BHV;R11;15;15;15;15;15;15
G1;d. SEM RISCO;HVI3;R07;G1 - BHV;R12;15;15;15;15;15;15
G1;d. SEM RISCO;HVI3;R07;G1 - BHV;R13;15;15;15;15;15;15
G1;d. SEM RISCO;HVI3;R07;G1 - BHV;R14;15;15;15;15;15;15
G1;d. SEM RISCO;HVI3;R07;G1 - BHV;R15;15;15;15;15;15;15
G1;d. SEM RISCO;HVI3;R07;G1 - BHV;R16;15;15;15;15;15;15
G1;d. SEM RISCO;HVI3;R07;G1 - BHV;R17;12;12;12;12;12;12
G1;d. SEM RISCO;HVI3;R07;G1 - BHV;R18;12;12;12;12;12;12
G1;d. SEM RISCO;HVI3;R07;G1 - BHV;R19;12;12;12;12;12;12
G1;d. SEM RISCO;HVI3;R07;G1 - BHV;R20;12;12;12;12;12;12
G1;d. SEM RISCO;HVI3;R07;Restritivos;y. Sem Rest;15;15;15;15;15;15
G1;d. SEM RISCO;HVI3;R07;Restritivos;z. Com Rest;15;15;15;15;15;15
G1;d. SEM RISCO;HVI3;R08;G1 - BHV;R01;15;15;15;15;15;15
G1;d. SEM RISCO;HVI3;R08;G1 - BHV;R02;15;15;15;15;15;15
G1;d. SEM RISCO;HVI3;R08;G1 - BHV;R03;15;15;15;15;15;15
G1;d. SEM RISCO;HVI3;R08;G1 - BHV;R04;15;15;15;15;15;15
G1;d. SEM RISCO;HVI3;R08;G1 - BHV;R05;15;15;15;15;15;15
G1;d. SEM RISCO;HVI3;R08;G1 - BHV;R06;15;15;15;15;15;15
G1;d. SEM RISCO;HVI3;R08;G1 - BHV;R07;15;15;15;15;15;15
G1;d. SEM RISCO;HVI3;R08;G1 - BHV;R08;15;15;15;15;15;15
G1;d. SEM RISCO;HVI3;R08;G1 - BHV;R09;15;15;15;15;15;15
G1;d. SEM RISCO;HVI3;R08;G1 - BHV;R10;15;15;15;15;15;15
G1;d. SEM RISCO;HVI3;R08;G1 - BHV;R11;15;15;15;15;15;15
G1;d. SEM RISCO;HVI3;R08;G1 - BHV;R12;15;15;15;15;15;15
G1;d. SEM RISCO;HVI3;R08;G1 - BHV;R13;12;12;12;12;12;12
G1;d. SEM RISCO;HVI3;R08;G1 - BHV;R14;12;12;12;12;12;12
G1;d. SEM RISCO;HVI3;R08;G1 - BHV;R15;12;12;12;12;12;12
G1;d. SEM RISCO;HVI3;R08;G1 - BHV;R16;12;12;12;12;12;12
G1;d. SEM RISCO;HVI3;R08;G1 - BHV;R17;12;12;12;12;12;12
G1;d. SEM RISCO;HVI3;R08;G1 - BHV;R18;12;12;12;12;12;12
G1;d. SEM RISCO;HVI3;R08;G1 - BHV;R19;12;12;12;12;12;12
G1;d. SEM RISCO;HVI3;R08;G1 - BHV;R20;12;12;12;12;12;12
G1;d. SEM RISCO;HVI3;R08;Restritivos;y. Sem Rest;15;15;15;15;15;15
G1;d. SEM RISCO;HVI3;R08;Restritivos;z. Com Rest;12;12;12;12;12;12
G1;d. SEM RISCO;HVI3;R09;G1 - BHV;R01;15;15;15;15;15;15
G1;d. SEM RISCO;HVI3;R09;G1 - BHV;R02;15;15;15;15;15;15
G1;d. SEM RISCO;HVI3;R09;G1 - BHV;R03;15;15;15;15;15;15
G1;d. SEM RISCO;HVI3;R09;G1 - BHV;R04;15;15;15;15;15;15
G1;d. SEM RISCO;HVI3;R09;G1 - BHV;R05;15;15;15;15;15;15
G1;d. SEM RISCO;HVI3;R09;G1 - BHV;R06;15;15;15;15;15;15
G1;d. SEM RISCO;HVI3;R09;G1 - BHV;R07;15;15;15;15;15;15
G1;d. SEM RISCO;HVI3;R09;G1 - BHV;R08;15;15;15;15;15;15
G1;d. SEM RISCO;HVI3;R09;G1 - BHV;R09;15;15;15;15;15;15
G1;d. SEM RISCO;HVI3;R09;G1 - BHV;R10;15;15;15;15;15;15
G1;d. SEM RISCO;HVI3;R09;G1 - BHV;R11;15;15;15;15;15;15
G1;d. SEM RISCO;HVI3;R09;G1 - BHV;R12;15;15;15;15;15;15
G1;d. SEM RISCO;HVI3;R09;G1 - BHV;R13;12;12;12;12;12;12
G1;d. SEM RISCO;HVI3;R09;G1 - BHV;R14;12;12;12;12;12;12
G1;d. SEM RISCO;HVI3;R09;G1 - BHV;R15;12;12;12;12;12;12
G1;d. SEM RISCO;HVI3;R09;G1 - BHV;R16;12;12;12;12;12;12
G1;d. SEM RISCO;HVI3;R09;G1 - BHV;R17;12;12;12;12;12;12
G1;d. SEM RISCO;HVI3;R09;G1 - BHV;R18;12;12;12;12;12;12
G1;d. SEM RISCO;HVI3;R09;G1 - BHV;R19;12;12;12;12;12;12
G1;d. SEM RISCO;HVI3;R09;G1 - BHV;R20;12;12;12;12;12;12
G1;d. SEM RISCO;HVI3;R09;Restritivos;y. Sem Rest;12;12;12;12;12;12
G1;d. SEM RISCO;HVI3;R09;Restritivos;z. Com Rest;12;12;12;12;12;12
G1;d. SEM RISCO;HVI3;R10;G1 - BHV;R01;15;15;15;15;15;15
G1;d. SEM RISCO;HVI3;R10;G1 - BHV;R02;15;15;15;15;15;15
G1;d. SEM RISCO;HVI3;R10;G1 - BHV;R03;15;15;15;15;15;15
G1;d. SEM RISCO;HVI3;R10;G1 - BHV;R04;15;15;15;15;15;15
G1;d. SEM RISCO;HVI3;R10;G1 - BHV;R05;15;15;15;15;15;15
G1;d. SEM RISCO;HVI3;R10;G1 - BHV;R06;15;15;15;15;15;15
G1;d. SEM RISCO;HVI3;R10;G1 - BHV;R07;15;15;15;15;15;15
G1;d. SEM RISCO;HVI3;R10;G1 - BHV;R08;15;15;15;15;15;15
G1;d. SEM RISCO;HVI3;R10;G1 - BHV;R09;12;12;12;12;12;12
G1;d. SEM RISCO;HVI3;R10;G1 - BHV;R10;12;12;12;12;12;12
G1;d. SEM RISCO;HVI3;R10;G1 - BHV;R11;12;12;12;12;12;12
G1;d. SEM RISCO;HVI3;R10;G1 - BHV;R12;12;12;12;12;12;12
G1;d. SEM RISCO;HVI3;R10;G1 - BHV;R13;12;12;12;12;12;12
G1;d. SEM RISCO;HVI3;R10;G1 - BHV;R14;12;12;12;12;12;12
G1;d. SEM RISCO;HVI3;R10;G1 - BHV;R15;12;12;12;12;12;12
G1;d. SEM RISCO;HVI3;R10;G1 - BHV;R16;12;12;12;12;12;12
G1;d. SEM RISCO;HVI3;R10;G1 - BHV;R17;12;12;12;12;12;12
G1;d. SEM RISCO;HVI3;R10;G1 - BHV;R18;12;12;12;12;12;12
G1;d. SEM RISCO;HVI3;R10;G1 - BHV;R19;12;12;12;12;12;12
G1;d. SEM RISCO;HVI3;R10;G1 - BHV;R20;12;12;12;12;12;12
G1;d. SEM RISCO;HVI3;R10;Restritivos;y. Sem Rest;12;12;12;12;12;12
G1;d. SEM RISCO;HVI3;R10;Restritivos;z. Com Rest;8;8;8;8;8;8
G1;d. SEM RISCO;HVI3;R11;G1 - BHV;R01;15;15;15;15;15;15
G1;d. SEM RISCO;HVI3;R11;G1 - BHV;R02;15;15;15;15;15;15
G1;d. SEM RISCO;HVI3;R11;G1 - BHV;R03;15;15;15;15;15;15
G1;d. SEM RISCO;HVI3;R11;G1 - BHV;R04;15;15;15;15;15;15
G1;d. SEM RISCO;HVI3;R11;G1 - BHV;R05;12;12;12;12;12;12
G1;d. SEM RISCO;HVI3;R11;G1 - BHV;R06;12;12;12;12;12;12
G1;d. SEM RISCO;HVI3;R11;G1 - BHV;R07;12;12;12;12;12;12
G1;d. SEM RISCO;HVI3;R11;G1 - BHV;R08;12;12;12;12;12;12
G1;d. SEM RISCO;HVI3;R11;G1 - BHV;R09;12;12;12;12;12;12
G1;d. SEM RISCO;HVI3;R11;G1 - BHV;R10;12;12;12;12;12;12
G1;d. SEM RISCO;HVI3;R11;G1 - BHV;R11;12;12;12;12;12;12
G1;d. SEM RISCO;HVI3;R11;G1 - BHV;R12;12;12;12;12;12;12
G1;d. SEM RISCO;HVI3;R11;G1 - BHV;R13;12;12;12;12;12;12
G1;d. SEM RISCO;HVI3;R11;G1 - BHV;R14;12;12;12;12;12;12
G1;d. SEM RISCO;HVI3;R11;G1 - BHV;R15;12;12;12;12;12;12
G1;d. SEM RISCO;HVI3;R11;G1 - BHV;R16;12;12;12;12;12;12
G1;d. SEM RISCO;HVI3;R11;G1 - BHV;R17;12;12;12;12;12;12
G1;d. SEM RISCO;HVI3;R11;G1 - BHV;R18;12;12;12;12;12;12
G1;d. SEM RISCO;HVI3;R11;G1 - BHV;R19;12;12;12;12;12;12
G1;d. SEM RISCO;HVI3;R11;G1 - BHV;R20;12;12;12;12;12;12
G1;d. SEM RISCO;HVI3;R11;Restritivos;y. Sem Rest;8;8;8;8;8;8
G1;d. SEM RISCO;HVI3;R11;Restritivos;z. Com Rest;8;8;8;8;8;8
G1;d. SEM RISCO;HVI3;R12;G1 - BHV;R01;15;15;15;15;15;15
G1;d. SEM RISCO;HVI3;R12;G1 - BHV;R02;15;15;15;15;15;15
G1;d. SEM RISCO;HVI3;R12;G1 - BHV;R03;15;15;15;15;15;15
G1;d. SEM RISCO;HVI3;R12;G1 - BHV;R04;15;15;15;15;15;15
G1;d. SEM RISCO;HVI3;R12;G1 - BHV;R05;12;12;12;12;12;12
G1;d. SEM RISCO;HVI3;R12;G1 - BHV;R06;12;12;12;12;12;12
G1;d. SEM RISCO;HVI3;R12;G1 - BHV;R07;12;12;12;12;12;12
G1;d. SEM RISCO;HVI3;R12;G1 - BHV;R08;12;12;12;12;12;12
G1;d. SEM RISCO;HVI3;R12;G1 - BHV;R09;12;12;12;12;12;12
G1;d. SEM RISCO;HVI3;R12;G1 - BHV;R10;12;12;12;12;12;12
G1;d. SEM RISCO;HVI3;R12;G1 - BHV;R11;12;12;12;12;12;12
G1;d. SEM RISCO;HVI3;R12;G1 - BHV;R12;12;12;12;12;12;12
G1;d. SEM RISCO;HVI3;R12;G1 - BHV;R13;12;12;12;12;12;12
G1;d. SEM RISCO;HVI3;R12;G1 - BHV;R14;12;12;12;12;12;12
G1;d. SEM RISCO;HVI3;R12;G1 - BHV;R15;12;12;12;12;12;12
G1;d. SEM RISCO;HVI3;R12;G1 - BHV;R16;12;12;12;12;12;12
G1;d. SEM RISCO;HVI3;R12;G1 - BHV;R17;12;12;12;12;12;12
G1;d. SEM RISCO;HVI3;R12;G1 - BHV;R18;12;12;12;12;12;12
G1;d. SEM RISCO;HVI3;R12;G1 - BHV;R19;12;12;12;12;12;12
G1;d. SEM RISCO;HVI3;R12;G1 - BHV;R20;12;12;12;12;12;12
G1;d. SEM RISCO;HVI3;R12;Restritivos;y. Sem Rest;8;8;8;8;8;8
G1;d. SEM RISCO;HVI3;R12;Restritivos;z. Com Rest;8;8;8;8;8;8
G1;d. SEM RISCO;HVI3;R13;G1 - BHV;R01;12;12;12;12;12;12
G1;d. SEM RISCO;HVI3;R13;G1 - BHV;R02;12;12;12;12;12;12
G1;d. SEM RISCO;HVI3;R13;G1 - BHV;R03;12;12;12;12;12;12
G1;d. SEM RISCO;HVI3;R13;G1 - BHV;R04;12;12;12;12;12;12
G1;d. SEM RISCO;HVI3;R13;G1 - BHV;R05;12;12;12;12;12;12
G1;d. SEM RISCO;HVI3;R13;G1 - BHV;R06;12;12;12;12;12;12
G1;d. SEM RISCO;HVI3;R13;G1 - BHV;R07;12;12;12;12;12;12
G1;d. SEM RISCO;HVI3;R13;G1 - BHV;R08;12;12;12;12;12;12
G1;d. SEM RISCO;HVI3;R13;G1 - BHV;R09;12;12;12;12;12;12
G1;d. SEM RISCO;HVI3;R13;G1 - BHV;R10;12;12;12;12;12;12
G1;d. SEM RISCO;HVI3;R13;G1 - BHV;R11;12;12;12;12;12;12
G1;d. SEM RISCO;HVI3;R13;G1 - BHV;R12;12;12;12;12;12;12
G1;d. SEM RISCO;HVI3;R13;G1 - BHV;R13;12;12;12;12;12;12
G1;d. SEM RISCO;HVI3;R13;G1 - BHV;R14;12;12;12;12;12;12
G1;d. SEM RISCO;HVI3;R13;G1 - BHV;R15;12;12;12;12;12;12
G1;d. SEM RISCO;HVI3;R13;G1 - BHV;R16;12;12;12;12;12;12
G1;d. SEM RISCO;HVI3;R13;G1 - BHV;R17;12;12;12;12;12;12
G1;d. SEM RISCO;HVI3;R13;G1 - BHV;R18;12;12;12;12;12;12
G1;d. SEM RISCO;HVI3;R13;G1 - BHV;R19;12;12;12;12;12;12
G1;d. SEM RISCO;HVI3;R13;G1 - BHV;R20;12;12;12;12;12;12
G1;d. SEM RISCO;HVI3;R13;Restritivos;y. Sem Rest;8;8;8;8;8;8
G1;d. SEM RISCO;HVI3;R13;Restritivos;z. Com Rest;8;8;8;8;8;8
G1;d. SEM RISCO;HVI3;R14;G1 - BHV;R01;12;12;12;12;12;12
G1;d. SEM RISCO;HVI3;R14;G1 - BHV;R02;12;12;12;12;12;12
G1;d. SEM RISCO;HVI3;R14;G1 - BHV;R03;12;12;12;12;12;12
G1;d. SEM RISCO;HVI3;R14;G1 - BHV;R04;12;12;12;12;12;12
G1;d. SEM RISCO;HVI3;R14;G1 - BHV;R05;12;12;12;12;12;12
G1;d. SEM RISCO;HVI3;R14;G1 - BHV;R06;12;12;12;12;12;12
G1;d. SEM RISCO;HVI3;R14;G1 - BHV;R07;12;12;12;12;12;12
G1;d. SEM RISCO;HVI3;R14;G1 - BHV;R08;12;12;12;12;12;12
G1;d. SEM RISCO;HVI3;R14;G1 - BHV;R09;12;12;12;12;12;12
G1;d. SEM RISCO;HVI3;R14;G1 - BHV;R10;12;12;12;12;12;12
G1;d. SEM RISCO;HVI3;R14;G1 - BHV;R11;12;12;12;12;12;12
G1;d. SEM RISCO;HVI3;R14;G1 - BHV;R12;12;12;12;12;12;12
G1;d. SEM RISCO;HVI3;R14;G1 - BHV;R13;12;12;12;12;12;12
G1;d. SEM RISCO;HVI3;R14;G1 - BHV;R14;12;12;12;12;12;12
G1;d. SEM RISCO;HVI3;R14;G1 - BHV;R15;12;12;12;12;12;12
G1;d. SEM RISCO;HVI3;R14;G1 - BHV;R16;12;12;12;12;12;12
G1;d. SEM RISCO;HVI3;R14;G1 - BHV;R17;12;12;12;12;12;12
G1;d. SEM RISCO;HVI3;R14;G1 - BHV;R18;12;12;12;12;12;12
G1;d. SEM RISCO;HVI3;R14;G1 - BHV;R19;12;12;12;12;12;12
G1;d. SEM RISCO;HVI3;R14;G1 - BHV;R20;12;12;12;12;12;12
G1;d. SEM RISCO;HVI3;R14;Restritivos;y. Sem Rest;8;8;8;8;8;8
G1;d. SEM RISCO;HVI3;R14;Restritivos;z. Com Rest;5;5;5;5;5;5
G1;d. SEM RISCO;HVI3;R15;G1 - BHV;R01;12;12;12;0;12;12
G1;d. SEM RISCO;HVI3;R15;G1 - BHV;R02;12;12;12;0;12;12
G1;d. SEM RISCO;HVI3;R15;G1 - BHV;R03;12;12;12;0;12;12
G1;d. SEM RISCO;HVI3;R15;G1 - BHV;R04;12;12;12;0;12;12
G1;d. SEM RISCO;HVI3;R15;G1 - BHV;R05;12;12;12;0;12;12
G1;d. SEM RISCO;HVI3;R15;G1 - BHV;R06;12;12;12;0;12;12
G1;d. SEM RISCO;HVI3;R15;G1 - BHV;R07;12;12;12;0;12;12
G1;d. SEM RISCO;HVI3;R15;G1 - BHV;R08;12;12;12;0;12;12
G1;d. SEM RISCO;HVI3;R15;G1 - BHV;R09;12;12;12;0;12;12
G1;d. SEM RISCO;HVI3;R15;G1 - BHV;R10;12;12;12;0;12;12
G1;d. SEM RISCO;HVI3;R15;G1 - BHV;R11;12;12;12;0;12;12
G1;d. SEM RISCO;HVI3;R15;G1 - BHV;R12;12;12;12;0;12;12
G1;d. SEM RISCO;HVI3;R15;G1 - BHV;R13;12;12;12;0;12;12
G1;d. SEM RISCO;HVI3;R15;G1 - BHV;R14;12;12;12;0;12;12
G1;d. SEM RISCO;HVI3;R15;G1 - BHV;R15;12;12;12;0;12;12
G1;d. SEM RISCO;HVI3;R15;G1 - BHV;R16;12;12;12;0;12;12
G1;d. SEM RISCO;HVI3;R15;G1 - BHV;R17;12;12;12;0;12;12
G1;d. SEM RISCO;HVI3;R15;G1 - BHV;R18;12;12;12;0;12;12
G1;d. SEM RISCO;HVI3;R15;G1 - BHV;R19;12;12;12;0;12;12
G1;d. SEM RISCO;HVI3;R15;G1 - BHV;R20;12;12;12;0;12;12
G1;d. SEM RISCO;HVI3;R15;Restritivos;y. Sem Rest;5;5;5;0;5;5
G1;d. SEM RISCO;HVI3;R15;Restritivos;z. Com Rest;5;5;5;0;5;5
G1;d. SEM RISCO;HVI3;R16;G1 - BHV;R01;12;12;12;0;12;12
G1;d. SEM RISCO;HVI3;R16;G1 - BHV;R02;12;12;12;0;12;12
G1;d. SEM RISCO;HVI3;R16;G1 - BHV;R03;12;12;12;0;12;12
G1;d. SEM RISCO;HVI3;R16;G1 - BHV;R04;12;12;12;0;12;12
G1;d. SEM RISCO;HVI3;R16;G1 - BHV;R05;12;12;12;0;12;12
G1;d. SEM RISCO;HVI3;R16;G1 - BHV;R06;12;12;12;0;12;12
G1;d. SEM RISCO;HVI3;R16;G1 - BHV;R07;12;12;12;0;12;12
G1;d. SEM RISCO;HVI3;R16;G1 - BHV;R08;12;12;12;0;12;12
G1;d. SEM RISCO;HVI3;R16;G1 - BHV;R09;12;12;12;0;12;12
G1;d. SEM RISCO;HVI3;R16;G1 - BHV;R10;12;12;12;0;12;12
G1;d. SEM RISCO;HVI3;R16;G1 - BHV;R11;12;12;12;0;12;12
G1;d. SEM RISCO;HVI3;R16;G1 - BHV;R12;12;12;12;0;12;12
G1;d. SEM RISCO;HVI3;R16;G1 - BHV;R13;12;12;12;0;12;12
G1;d. SEM RISCO;HVI3;R16;G1 - BHV;R14;12;12;12;0;12;12
G1;d. SEM RISCO;HVI3;R16;G1 - BHV;R15;12;12;12;0;12;12
G1;d. SEM RISCO;HVI3;R16;G1 - BHV;R16;12;12;12;0;12;12
G1;d. SEM RISCO;HVI3;R16;G1 - BHV;R17;12;12;12;0;12;12
G1;d. SEM RISCO;HVI3;R16;G1 - BHV;R18;12;12;12;0;12;12
G1;d. SEM RISCO;HVI3;R16;G1 - BHV;R19;12;12;12;0;12;12
G1;d. SEM RISCO;HVI3;R16;G1 - BHV;R20;12;12;12;0;12;12
G1;d. SEM RISCO;HVI3;R16;Restritivos;y. Sem Rest;5;5;5;0;5;5
G1;d. SEM RISCO;HVI3;R16;Restritivos;z. Com Rest;5;5;5;0;5;5
G1;d. SEM RISCO;HVI3;R17;G1 - BHV;R01;12;12;12;0;12;12
G1;d. SEM RISCO;HVI3;R17;G1 - BHV;R02;12;12;12;0;12;12
G1;d. SEM RISCO;HVI3;R17;G1 - BHV;R03;12;12;12;0;12;12
G1;d. SEM RISCO;HVI3;R17;G1 - BHV;R04;12;12;12;0;12;12
G1;d. SEM RISCO;HVI3;R17;G1 - BHV;R05;12;12;12;0;12;12
G1;d. SEM RISCO;HVI3;R17;G1 - BHV;R06;12;12;12;0;12;12
G1;d. SEM RISCO;HVI3;R17;G1 - BHV;R07;12;12;12;0;12;12
G1;d. SEM RISCO;HVI3;R17;G1 - BHV;R08;12;12;12;0;12;12
G1;d. SEM RISCO;HVI3;R17;G1 - BHV;R09;12;12;12;0;12;12
G1;d. SEM RISCO;HVI3;R17;G1 - BHV;R10;12;12;12;0;12;12
G1;d. SEM RISCO;HVI3;R17;G1 - BHV;R11;12;12;12;0;12;12
G1;d. SEM RISCO;HVI3;R17;G1 - BHV;R12;12;12;12;0;12;12
G1;d. SEM RISCO;HVI3;R17;G1 - BHV;R13;12;12;12;0;12;12
G1;d. SEM RISCO;HVI3;R17;G1 - BHV;R14;12;12;12;0;12;12
G1;d. SEM RISCO;HVI3;R17;G1 - BHV;R15;12;12;12;0;12;12
G1;d. SEM RISCO;HVI3;R17;G1 - BHV;R16;12;12;12;0;12;12
G1;d. SEM RISCO;HVI3;R17;G1 - BHV;R17;12;12;12;0;12;12
G1;d. SEM RISCO;HVI3;R17;G1 - BHV;R18;12;12;12;0;12;12
G1;d. SEM RISCO;HVI3;R17;G1 - BHV;R19;12;12;12;0;12;12
G1;d. SEM RISCO;HVI3;R17;G1 - BHV;R20;12;12;12;0;12;12
G1;d. SEM RISCO;HVI3;R17;Restritivos;y. Sem Rest;5;5;5;0;5;5
G1;d. SEM RISCO;HVI3;R17;Restritivos;z. Com Rest;5;5;5;0;5;5
G1;d. SEM RISCO;HVI3;R18;G1 - BHV;R01;12;12;12;0;12;12
G1;d. SEM RISCO;HVI3;R18;G1 - BHV;R02;12;12;12;0;12;12
G1;d. SEM RISCO;HVI3;R18;G1 - BHV;R03;12;12;12;0;12;12
G1;d. SEM RISCO;HVI3;R18;G1 - BHV;R04;12;12;12;0;12;12
G1;d. SEM RISCO;HVI3;R18;G1 - BHV;R05;12;12;12;0;12;12
G1;d. SEM RISCO;HVI3;R18;G1 - BHV;R06;12;12;12;0;12;12
G1;d. SEM RISCO;HVI3;R18;G1 - BHV;R07;12;12;12;0;12;12
G1;d. SEM RISCO;HVI3;R18;G1 - BHV;R08;12;12;12;0;12;12
G1;d. SEM RISCO;HVI3;R18;G1 - BHV;R09;12;12;12;0;12;12
G1;d. SEM RISCO;HVI3;R18;G1 - BHV;R10;12;12;12;0;12;12
G1;d. SEM RISCO;HVI3;R18;G1 - BHV;R11;12;12;12;0;12;12
G1;d. SEM RISCO;HVI3;R18;G1 - BHV;R12;12;12;12;0;12;12
G1;d. SEM RISCO;HVI3;R18;G1 - BHV;R13;12;12;12;0;12;12
G1;d. SEM RISCO;HVI3;R18;G1 - BHV;R14;12;12;12;0;12;12
G1;d. SEM RISCO;HVI3;R18;G1 - BHV;R15;12;12;12;0;12;12
G1;d. SEM RISCO;HVI3;R18;G1 - BHV;R16;12;12;12;0;12;12
G1;d. SEM RISCO;HVI3;R18;G1 - BHV;R17;12;12;12;0;12;12
G1;d. SEM RISCO;HVI3;R18;G1 - BHV;R18;12;12;12;0;12;12
G1;d. SEM RISCO;HVI3;R18;G1 - BHV;R19;12;12;12;0;12;12
G1;d. SEM RISCO;HVI3;R18;G1 - BHV;R20;12;12;12;0;12;12
G1;d. SEM RISCO;HVI3;R18;Restritivos;y. Sem Rest;5;5;5;0;5;5
G1;d. SEM RISCO;HVI3;R18;Restritivos;z. Com Rest;5;5;5;0;5;5
G1;d. SEM RISCO;HVI3;R19;G1 - BHV;R01;12;12;12;0;12;12
G1;d. SEM RISCO;HVI3;R19;G1 - BHV;R02;12;12;12;0;12;12
G1;d. SEM RISCO;HVI3;R19;G1 - BHV;R03;12;12;12;0;12;12
G1;d. SEM RISCO;HVI3;R19;G1 - BHV;R04;12;12;12;0;12;12
G1;d. SEM RISCO;HVI3;R19;G1 - BHV;R05;12;12;12;0;12;12
G1;d. SEM RISCO;HVI3;R19;G1 - BHV;R06;12;12;12;0;12;12
G1;d. SEM RISCO;HVI3;R19;G1 - BHV;R07;12;12;12;0;12;12
G1;d. SEM RISCO;HVI3;R19;G1 - BHV;R08;12;12;12;0;12;12
G1;d. SEM RISCO;HVI3;R19;G1 - BHV;R09;12;12;12;0;12;12
G1;d. SEM RISCO;HVI3;R19;G1 - BHV;R10;12;12;12;0;12;12
G1;d. SEM RISCO;HVI3;R19;G1 - BHV;R11;12;12;12;0;12;12
G1;d. SEM RISCO;HVI3;R19;G1 - BHV;R12;12;12;12;0;12;12
G1;d. SEM RISCO;HVI3;R19;G1 - BHV;R13;12;12;12;0;12;12
G1;d. SEM RISCO;HVI3;R19;G1 - BHV;R14;12;12;12;0;12;12
G1;d. SEM RISCO;HVI3;R19;G1 - BHV;R15;12;12;12;0;12;12
G1;d. SEM RISCO;HVI3;R19;G1 - BHV;R16;12;12;12;0;12;12
G1;d. SEM RISCO;HVI3;R19;G1 - BHV;R17;12;12;12;0;12;12
G1;d. SEM RISCO;HVI3;R19;G1 - BHV;R18;12;12;12;0;12;12
G1;d. SEM RISCO;HVI3;R19;G1 - BHV;R19;12;12;12;0;12;12
G1;d. SEM RISCO;HVI3;R19;G1 - BHV;R20;12;12;12;0;12;12
G1;d. SEM RISCO;HVI3;R19;Restritivos;y. Sem Rest;5;5;5;0;5;5
G1;d. SEM RISCO;HVI3;R19;Restritivos;z. Com Rest;5;0;0;0;0;0
G1;d. SEM RISCO;HVI3;R20;G1 - BHV;R01;12;12;12;0;12;12
G1;d. SEM RISCO;HVI3;R20;G1 - BHV;R02;12;12;12;0;12;12
G1;d. SEM RISCO;HVI3;R20;G1 - BHV;R03;12;12;12;0;12;12
G1;d. SEM RISCO;HVI3;R20;G1 - BHV;R04;12;12;12;0;12;12
G1;d. SEM RISCO;HVI3;R20;G1 - BHV;R05;12;12;12;0;12;12
G1;d. SEM RISCO;HVI3;R20;G1 - BHV;R06;12;12;12;0;12;12
G1;d. SEM RISCO;HVI3;R20;G1 - BHV;R07;12;12;12;0;12;12
G1;d. SEM RISCO;HVI3;R20;G1 - BHV;R08;12;12;12;0;12;12
G1;d. SEM RISCO;HVI3;R20;G1 - BHV;R09;12;12;12;0;12;12
G1;d. SEM RISCO;HVI3;R20;G1 - BHV;R10;12;12;12;0;12;12
G1;d. SEM RISCO;HVI3;R20;G1 - BHV;R11;12;12;12;0;12;12
G1;d. SEM RISCO;HVI3;R20;G1 - BHV;R12;12;12;12;0;12;12
G1;d. SEM RISCO;HVI3;R20;G1 - BHV;R13;12;12;12;0;12;12
G1;d. SEM RISCO;HVI3;R20;G1 - BHV;R14;12;12;12;0;12;12
G1;d. SEM RISCO;HVI3;R20;G1 - BHV;R15;12;12;12;0;12;12
G1;d. SEM RISCO;HVI3;R20;G1 - BHV;R16;12;12;12;0;12;12
G1;d. SEM RISCO;HVI3;R20;G1 - BHV;R17;12;12;12;0;12;12
G1;d. SEM RISCO;HVI3;R20;G1 - BHV;R18;12;12;12;0;12;12
G1;d. SEM RISCO;HVI3;R20;G1 - BHV;R19;12;12;12;0;12;12
G1;d. SEM RISCO;HVI3;R20;G1 - BHV;R20;12;12;12;0;12;12
G1;d. SEM RISCO;HVI3;R20;Restritivos;y. Sem Rest;5;5;5;0;5;5
G1;d. SEM RISCO;HVI3;R20;Restritivos;z. Com Rest;5;0;0;0;0;0
G1;d. SEM RISCO;HVI3;R99;G1 - BHV;R01;12;12;12;0;12;12
G1;d. SEM RISCO;HVI3;R99;G1 - BHV;R02;12;12;12;0;12;12
G1;d. SEM RISCO;HVI3;R99;G1 - BHV;R03;12;12;12;0;12;12
G1;d. SEM RISCO;HVI3;R99;G1 - BHV;R04;12;12;12;0;12;12
G1;d. SEM RISCO;HVI3;R99;G1 - BHV;R05;12;12;12;0;12;12
G1;d. SEM RISCO;HVI3;R99;G1 - BHV;R06;12;12;12;0;12;12
G1;d. SEM RISCO;HVI3;R99;G1 - BHV;R07;12;12;12;0;12;12
G1;d. SEM RISCO;HVI3;R99;G1 - BHV;R08;12;12;12;0;12;12
G1;d. SEM RISCO;HVI3;R99;G1 - BHV;R09;12;12;12;0;12;12
G1;d. SEM RISCO;HVI3;R99;G1 - BHV;R10;12;12;12;0;12;12
G1;d. SEM RISCO;HVI3;R99;G1 - BHV;R11;12;12;12;0;12;12
G1;d. SEM RISCO;HVI3;R99;G1 - BHV;R12;12;12;12;0;12;12
G1;d. SEM RISCO;HVI3;R99;G1 - BHV;R13;12;12;12;0;12;12
G1;d. SEM RISCO;HVI3;R99;G1 - BHV;R14;12;12;12;0;12;12
G1;d. SEM RISCO;HVI3;R99;G1 - BHV;R15;12;12;12;0;12;12
G1;d. SEM RISCO;HVI3;R99;G1 - BHV;R16;12;12;12;0;12;12
G1;d. SEM RISCO;HVI3;R99;G1 - BHV;R17;12;12;12;0;12;12
G1;d. SEM RISCO;HVI3;R99;G1 - BHV;R18;12;12;12;0;12;12
G1;d. SEM RISCO;HVI3;R99;G1 - BHV;R19;12;12;12;0;12;12
G1;d. SEM RISCO;HVI3;R99;G1 - BHV;R20;12;12;12;0;12;12
G1;d. SEM RISCO;HVI3;R99;Restritivos;y. Sem Rest;5;0;0;0;0;0
G1;d. SEM RISCO;HVI3;R99;Restritivos;z. Com Rest;5;0;0;0;0;0
G2;d. SEM RISCO;HVI3;R01;G1 - BHV;R01;15;15;15;15;15;15
G2;d. SEM RISCO;HVI3;R01;G1 - BHV;R02;15;15;15;15;15;15
G2;d. SEM RISCO;HVI3;R01;G1 - BHV;R03;15;15;15;15;15;15
G2;d. SEM RISCO;HVI3;R01;G1 - BHV;R04;15;15;15;15;15;15
G2;d. SEM RISCO;HVI3;R01;G1 - BHV;R05;15;15;15;15;15;15
G2;d. SEM RISCO;HVI3;R01;G1 - BHV;R06;15;15;15;15;15;15
G2;d. SEM RISCO;HVI3;R01;G1 - BHV;R07;15;15;15;15;15;15
G2;d. SEM RISCO;HVI3;R01;G1 - BHV;R08;15;15;15;15;15;15
G2;d. SEM RISCO;HVI3;R01;G1 - BHV;R09;15;15;15;15;15;15
G2;d. SEM RISCO;HVI3;R01;G1 - BHV;R10;15;15;15;15;15;15
G2;d. SEM RISCO;HVI3;R01;G1 - BHV;R11;15;15;15;15;15;15
G2;d. SEM RISCO;HVI3;R01;G1 - BHV;R12;15;15;15;15;15;15
G2;d. SEM RISCO;HVI3;R01;G1 - BHV;R13;15;15;15;15;15;15
G2;d. SEM RISCO;HVI3;R01;G1 - BHV;R14;15;15;15;15;15;15
G2;d. SEM RISCO;HVI3;R01;G1 - BHV;R15;15;15;15;15;15;15
G2;d. SEM RISCO;HVI3;R01;G1 - BHV;R16;15;15;15;15;15;15
G2;d. SEM RISCO;HVI3;R01;G1 - BHV;R17;15;15;15;15;15;15
G2;d. SEM RISCO;HVI3;R01;G1 - BHV;R18;15;15;15;15;15;15
G2;d. SEM RISCO;HVI3;R01;G1 - BHV;R19;15;15;15;15;15;15
G2;d. SEM RISCO;HVI3;R01;G1 - BHV;R20;15;15;15;15;15;15
G2;d. SEM RISCO;HVI3;R02;G1 - BHV;R01;15;15;15;15;15;15
G2;d. SEM RISCO;HVI3;R02;G1 - BHV;R02;15;15;15;15;15;15
G2;d. SEM RISCO;HVI3;R02;G1 - BHV;R03;15;15;15;15;15;15
G2;d. SEM RISCO;HVI3;R02;G1 - BHV;R04;15;15;15;15;15;15
G2;d. SEM RISCO;HVI3;R02;G1 - BHV;R05;15;15;15;15;15;15
G2;d. SEM RISCO;HVI3;R02;G1 - BHV;R06;15;15;15;15;15;15
G2;d. SEM RISCO;HVI3;R02;G1 - BHV;R07;15;15;15;15;15;15
G2;d. SEM RISCO;HVI3;R02;G1 - BHV;R08;15;15;15;15;15;15
G2;d. SEM RISCO;HVI3;R02;G1 - BHV;R09;15;15;15;15;15;15
G2;d. SEM RISCO;HVI3;R02;G1 - BHV;R10;15;15;15;15;15;15
G2;d. SEM RISCO;HVI3;R02;G1 - BHV;R11;15;15;15;15;15;15
G2;d. SEM RISCO;HVI3;R02;G1 - BHV;R12;15;15;15;15;15;15
G2;d. SEM RISCO;HVI3;R02;G1 - BHV;R13;15;15;15;15;15;15
G2;d. SEM RISCO;HVI3;R02;G1 - BHV;R14;15;15;15;15;15;15
G2;d. SEM RISCO;HVI3;R02;G1 - BHV;R15;15;15;15;15;15;15
G2;d. SEM RISCO;HVI3;R02;G1 - BHV;R16;15;15;15;15;15;15
G2;d. SEM RISCO;HVI3;R02;G1 - BHV;R17;15;15;15;15;15;15
G2;d. SEM RISCO;HVI3;R02;G1 - BHV;R18;15;15;15;15;15;15
G2;d. SEM RISCO;HVI3;R02;G1 - BHV;R19;15;15;15;15;15;15
G2;d. SEM RISCO;HVI3;R02;G1 - BHV;R20;15;15;15;15;15;15
G2;d. SEM RISCO;HVI3;R03;G1 - BHV;R01;15;15;15;15;15;15
G2;d. SEM RISCO;HVI3;R03;G1 - BHV;R02;15;15;15;15;15;15
G2;d. SEM RISCO;HVI3;R03;G1 - BHV;R03;15;15;15;15;15;15
G2;d. SEM RISCO;HVI3;R03;G1 - BHV;R04;15;15;15;15;15;15
G2;d. SEM RISCO;HVI3;R03;G1 - BHV;R05;15;15;15;15;15;15
G2;d. SEM RISCO;HVI3;R03;G1 - BHV;R06;15;15;15;15;15;15
G2;d. SEM RISCO;HVI3;R03;G1 - BHV;R07;15;15;15;15;15;15
G2;d. SEM RISCO;HVI3;R03;G1 - BHV;R08;15;15;15;15;15;15
G2;d. SEM RISCO;HVI3;R03;G1 - BHV;R09;15;15;15;15;15;15
G2;d. SEM RISCO;HVI3;R03;G1 - BHV;R10;15;15;15;15;15;15
G2;d. SEM RISCO;HVI3;R03;G1 - BHV;R11;15;15;15;15;15;15
G2;d. SEM RISCO;HVI3;R03;G1 - BHV;R12;15;15;15;15;15;15
G2;d. SEM RISCO;HVI3;R03;G1 - BHV;R13;15;15;15;15;15;15
G2;d. SEM RISCO;HVI3;R03;G1 - BHV;R14;15;15;15;15;15;15
G2;d. SEM RISCO;HVI3;R03;G1 - BHV;R15;15;15;15;15;15;15
G2;d. SEM RISCO;HVI3;R03;G1 - BHV;R16;15;15;15;15;15;15
G2;d. SEM RISCO;HVI3;R03;G1 - BHV;R17;15;15;15;15;15;15
G2;d. SEM RISCO;HVI3;R03;G1 - BHV;R18;15;15;15;15;15;15
G2;d. SEM RISCO;HVI3;R03;G1 - BHV;R19;15;15;15;15;15;15
G2;d. SEM RISCO;HVI3;R03;G1 - BHV;R20;15;15;15;15;15;15
G2;d. SEM RISCO;HVI3;R04;G1 - BHV;R01;15;15;15;15;15;15
G2;d. SEM RISCO;HVI3;R04;G1 - BHV;R02;15;15;15;15;15;15
G2;d. SEM RISCO;HVI3;R04;G1 - BHV;R03;15;15;15;15;15;15
G2;d. SEM RISCO;HVI3;R04;G1 - BHV;R04;15;15;15;15;15;15
G2;d. SEM RISCO;HVI3;R04;G1 - BHV;R05;15;15;15;15;15;15
G2;d. SEM RISCO;HVI3;R04;G1 - BHV;R06;15;15;15;15;15;15
G2;d. SEM RISCO;HVI3;R04;G1 - BHV;R07;15;15;15;15;15;15
G2;d. SEM RISCO;HVI3;R04;G1 - BHV;R08;15;15;15;15;15;15
G2;d. SEM RISCO;HVI3;R04;G1 - BHV;R09;15;15;15;15;15;15
G2;d. SEM RISCO;HVI3;R04;G1 - BHV;R10;15;15;15;15;15;15
G2;d. SEM RISCO;HVI3;R04;G1 - BHV;R11;15;15;15;15;15;15
G2;d. SEM RISCO;HVI3;R04;G1 - BHV;R12;15;15;15;15;15;15
G2;d. SEM RISCO;HVI3;R04;G1 - BHV;R13;15;15;15;15;15;15
G2;d. SEM RISCO;HVI3;R04;G1 - BHV;R14;15;15;15;15;15;15
G2;d. SEM RISCO;HVI3;R04;G1 - BHV;R15;15;15;15;15;15;15
G2;d. SEM RISCO;HVI3;R04;G1 - BHV;R16;15;15;15;15;15;15
G2;d. SEM RISCO;HVI3;R04;G1 - BHV;R17;15;15;15;15;15;15
G2;d. SEM RISCO;HVI3;R04;G1 - BHV;R18;15;15;15;15;15;15
G2;d. SEM RISCO;HVI3;R04;G1 - BHV;R19;15;15;15;15;15;15
G2;d. SEM RISCO;HVI3;R04;G1 - BHV;R20;15;15;15;15;15;15
G2;d. SEM RISCO;HVI3;R05;G1 - BHV;R01;15;15;15;15;15;15
G2;d. SEM RISCO;HVI3;R05;G1 - BHV;R02;15;15;15;15;15;15
G2;d. SEM RISCO;HVI3;R05;G1 - BHV;R03;15;15;15;15;15;15
G2;d. SEM RISCO;HVI3;R05;G1 - BHV;R04;15;15;15;15;15;15
G2;d. SEM RISCO;HVI3;R05;G1 - BHV;R05;15;15;15;15;15;15
G2;d. SEM RISCO;HVI3;R05;G1 - BHV;R06;15;15;15;15;15;15
G2;d. SEM RISCO;HVI3;R05;G1 - BHV;R07;15;15;15;15;15;15
G2;d. SEM RISCO;HVI3;R05;G1 - BHV;R08;15;15;15;15;15;15
G2;d. SEM RISCO;HVI3;R05;G1 - BHV;R09;15;15;15;15;15;15
G2;d. SEM RISCO;HVI3;R05;G1 - BHV;R10;15;15;15;15;15;15
G2;d. SEM RISCO;HVI3;R05;G1 - BHV;R11;15;15;15;15;15;15
G2;d. SEM RISCO;HVI3;R05;G1 - BHV;R12;15;15;15;15;15;15
G2;d. SEM RISCO;HVI3;R05;G1 - BHV;R13;15;15;15;15;15;15
G2;d. SEM RISCO;HVI3;R05;G1 - BHV;R14;15;15;15;15;15;15
G2;d. SEM RISCO;HVI3;R05;G1 - BHV;R15;15;15;15;15;15;15
G2;d. SEM RISCO;HVI3;R05;G1 - BHV;R16;15;15;15;15;15;15
G2;d. SEM RISCO;HVI3;R05;G1 - BHV;R17;15;15;15;15;15;15
G2;d. SEM RISCO;HVI3;R05;G1 - BHV;R18;15;15;15;15;15;15
G2;d. SEM RISCO;HVI3;R05;G1 - BHV;R19;15;15;15;15;15;15
G2;d. SEM RISCO;HVI3;R05;G1 - BHV;R20;15;15;15;15;15;15
G2;d. SEM RISCO;HVI3;R06;G1 - BHV;R01;15;15;15;15;15;15
G2;d. SEM RISCO;HVI3;R06;G1 - BHV;R02;15;15;15;15;15;15
G2;d. SEM RISCO;HVI3;R06;G1 - BHV;R03;15;15;15;15;15;15
G2;d. SEM RISCO;HVI3;R06;G1 - BHV;R04;15;15;15;15;15;15
G2;d. SEM RISCO;HVI3;R06;G1 - BHV;R05;15;15;15;15;15;15
G2;d. SEM RISCO;HVI3;R06;G1 - BHV;R06;15;15;15;15;15;15
G2;d. SEM RISCO;HVI3;R06;G1 - BHV;R07;15;15;15;15;15;15
G2;d. SEM RISCO;HVI3;R06;G1 - BHV;R08;15;15;15;15;15;15
G2;d. SEM RISCO;HVI3;R06;G1 - BHV;R09;15;15;15;15;15;15
G2;d. SEM RISCO;HVI3;R06;G1 - BHV;R10;15;15;15;15;15;15
G2;d. SEM RISCO;HVI3;R06;G1 - BHV;R11;15;15;15;15;15;15
G2;d. SEM RISCO;HVI3;R06;G1 - BHV;R12;15;15;15;15;15;15
G2;d. SEM RISCO;HVI3;R06;G1 - BHV;R13;15;15;15;15;15;15
G2;d. SEM RISCO;HVI3;R06;G1 - BHV;R14;15;15;15;15;15;15
G2;d. SEM RISCO;HVI3;R06;G1 - BHV;R15;15;15;15;15;15;15
G2;d. SEM RISCO;HVI3;R06;G1 - BHV;R16;15;15;15;15;15;15
G2;d. SEM RISCO;HVI3;R06;G1 - BHV;R17;12;12;12;12;12;12
G2;d. SEM RISCO;HVI3;R06;G1 - BHV;R18;12;12;12;12;12;12
G2;d. SEM RISCO;HVI3;R06;G1 - BHV;R19;12;12;12;12;12;12
G2;d. SEM RISCO;HVI3;R06;G1 - BHV;R20;12;12;12;12;12;12
G2;d. SEM RISCO;HVI3;R07;G1 - BHV;R01;15;15;15;15;15;15
G2;d. SEM RISCO;HVI3;R07;G1 - BHV;R02;15;15;15;15;15;15
G2;d. SEM RISCO;HVI3;R07;G1 - BHV;R03;15;15;15;15;15;15
G2;d. SEM RISCO;HVI3;R07;G1 - BHV;R04;15;15;15;15;15;15
G2;d. SEM RISCO;HVI3;R07;G1 - BHV;R05;15;15;15;15;15;15
G2;d. SEM RISCO;HVI3;R07;G1 - BHV;R06;15;15;15;15;15;15
G2;d. SEM RISCO;HVI3;R07;G1 - BHV;R07;15;15;15;15;15;15
G2;d. SEM RISCO;HVI3;R07;G1 - BHV;R08;15;15;15;15;15;15
G2;d. SEM RISCO;HVI3;R07;G1 - BHV;R09;15;15;15;15;15;15
G2;d. SEM RISCO;HVI3;R07;G1 - BHV;R10;15;15;15;15;15;15
G2;d. SEM RISCO;HVI3;R07;G1 - BHV;R11;15;15;15;15;15;15
G2;d. SEM RISCO;HVI3;R07;G1 - BHV;R12;15;15;15;15;15;15
G2;d. SEM RISCO;HVI3;R07;G1 - BHV;R13;15;15;15;15;15;15
G2;d. SEM RISCO;HVI3;R07;G1 - BHV;R14;15;15;15;15;15;15
G2;d. SEM RISCO;HVI3;R07;G1 - BHV;R15;15;15;15;15;15;15
G2;d. SEM RISCO;HVI3;R07;G1 - BHV;R16;15;15;15;15;15;15
G2;d. SEM RISCO;HVI3;R07;G1 - BHV;R17;12;12;12;12;12;12
G2;d. SEM RISCO;HVI3;R07;G1 - BHV;R18;12;12;12;12;12;12
G2;d. SEM RISCO;HVI3;R07;G1 - BHV;R19;12;12;12;12;12;12
G2;d. SEM RISCO;HVI3;R07;G1 - BHV;R20;12;12;12;12;12;12
G2;d. SEM RISCO;HVI3;R08;G1 - BHV;R01;15;15;15;15;15;15
G2;d. SEM RISCO;HVI3;R08;G1 - BHV;R02;15;15;15;15;15;15
G2;d. SEM RISCO;HVI3;R08;G1 - BHV;R03;15;15;15;15;15;15
G2;d. SEM RISCO;HVI3;R08;G1 - BHV;R04;15;15;15;15;15;15
G2;d. SEM RISCO;HVI3;R08;G1 - BHV;R05;15;15;15;15;15;15
G2;d. SEM RISCO;HVI3;R08;G1 - BHV;R06;15;15;15;15;15;15
G2;d. SEM RISCO;HVI3;R08;G1 - BHV;R07;15;15;15;15;15;15
G2;d. SEM RISCO;HVI3;R08;G1 - BHV;R08;15;15;15;15;15;15
G2;d. SEM RISCO;HVI3;R08;G1 - BHV;R09;15;15;15;15;15;15
G2;d. SEM RISCO;HVI3;R08;G1 - BHV;R10;15;15;15;15;15;15
G2;d. SEM RISCO;HVI3;R08;G1 - BHV;R11;15;15;15;15;15;15
G2;d. SEM RISCO;HVI3;R08;G1 - BHV;R12;15;15;15;15;15;15
G2;d. SEM RISCO;HVI3;R08;G1 - BHV;R13;12;12;12;12;12;12
G2;d. SEM RISCO;HVI3;R08;G1 - BHV;R14;12;12;12;12;12;12
G2;d. SEM RISCO;HVI3;R08;G1 - BHV;R15;12;12;12;12;12;12
G2;d. SEM RISCO;HVI3;R08;G1 - BHV;R16;12;12;12;12;12;12
G2;d. SEM RISCO;HVI3;R08;G1 - BHV;R17;12;12;12;12;12;12
G2;d. SEM RISCO;HVI3;R08;G1 - BHV;R18;12;12;12;12;12;12
G2;d. SEM RISCO;HVI3;R08;G1 - BHV;R19;12;12;12;12;12;12
G2;d. SEM RISCO;HVI3;R08;G1 - BHV;R20;12;12;12;12;12;12
G2;d. SEM RISCO;HVI3;R09;G1 - BHV;R01;15;15;15;15;15;15
G2;d. SEM RISCO;HVI3;R09;G1 - BHV;R02;15;15;15;15;15;15
G2;d. SEM RISCO;HVI3;R09;G1 - BHV;R03;15;15;15;15;15;15
G2;d. SEM RISCO;HVI3;R09;G1 - BHV;R04;15;15;15;15;15;15
G2;d. SEM RISCO;HVI3;R09;G1 - BHV;R05;15;15;15;15;15;15
G2;d. SEM RISCO;HVI3;R09;G1 - BHV;R06;15;15;15;15;15;15
G2;d. SEM RISCO;HVI3;R09;G1 - BHV;R07;15;15;15;15;15;15
G2;d. SEM RISCO;HVI3;R09;G1 - BHV;R08;15;15;15;15;15;15
G2;d. SEM RISCO;HVI3;R09;G1 - BHV;R09;12;12;12;12;12;12
G2;d. SEM RISCO;HVI3;R09;G1 - BHV;R10;12;12;12;12;12;12
G2;d. SEM RISCO;HVI3;R09;G1 - BHV;R11;12;12;12;12;12;12
G2;d. SEM RISCO;HVI3;R09;G1 - BHV;R12;12;12;12;12;12;12
G2;d. SEM RISCO;HVI3;R09;G1 - BHV;R13;12;12;12;12;12;12
G2;d. SEM RISCO;HVI3;R09;G1 - BHV;R14;12;12;12;12;12;12
G2;d. SEM RISCO;HVI3;R09;G1 - BHV;R15;12;12;12;12;12;12
G2;d. SEM RISCO;HVI3;R09;G1 - BHV;R16;12;12;12;12;12;12
G2;d. SEM RISCO;HVI3;R09;G1 - BHV;R17;12;12;12;12;12;12
G2;d. SEM RISCO;HVI3;R09;G1 - BHV;R18;12;12;12;12;12;12
G2;d. SEM RISCO;HVI3;R09;G1 - BHV;R19;12;12;12;12;12;12
G2;d. SEM RISCO;HVI3;R09;G1 - BHV;R20;12;12;12;12;12;12
G2;d. SEM RISCO;HVI3;R10;G1 - BHV;R01;15;15;15;15;15;15
G2;d. SEM RISCO;HVI3;R10;G1 - BHV;R02;15;15;15;15;15;15
G2;d. SEM RISCO;HVI3;R10;G1 - BHV;R03;15;15;15;15;15;15
G2;d. SEM RISCO;HVI3;R10;G1 - BHV;R04;15;15;15;15;15;15
G2;d. SEM RISCO;HVI3;R10;G1 - BHV;R05;15;15;15;15;15;15
G2;d. SEM RISCO;HVI3;R10;G1 - BHV;R06;15;15;15;15;15;15
G2;d. SEM RISCO;HVI3;R10;G1 - BHV;R07;15;15;15;15;15;15
G2;d. SEM RISCO;HVI3;R10;G1 - BHV;R08;15;15;15;15;15;15
G2;d. SEM RISCO;HVI3;R10;G1 - BHV;R09;12;12;12;12;12;12
G2;d. SEM RISCO;HVI3;R10;G1 - BHV;R10;12;12;12;12;12;12
G2;d. SEM RISCO;HVI3;R10;G1 - BHV;R11;12;12;12;12;12;12
G2;d. SEM RISCO;HVI3;R10;G1 - BHV;R12;12;12;12;12;12;12
G2;d. SEM RISCO;HVI3;R10;G1 - BHV;R13;12;12;12;12;12;12
G2;d. SEM RISCO;HVI3;R10;G1 - BHV;R14;12;12;12;12;12;12
G2;d. SEM RISCO;HVI3;R10;G1 - BHV;R15;12;12;12;12;12;12
G2;d. SEM RISCO;HVI3;R10;G1 - BHV;R16;12;12;12;12;12;12
G2;d. SEM RISCO;HVI3;R10;G1 - BHV;R17;12;12;12;12;12;12
G2;d. SEM RISCO;HVI3;R10;G1 - BHV;R18;12;12;12;12;12;12
G2;d. SEM RISCO;HVI3;R10;G1 - BHV;R19;12;12;12;12;12;12
G2;d. SEM RISCO;HVI3;R10;G1 - BHV;R20;12;12;12;12;12;12
G2;d. SEM RISCO;HVI3;R11;G1 - BHV;R01;12;12;12;12;12;12
G2;d. SEM RISCO;HVI3;R11;G1 - BHV;R02;12;12;12;12;12;12
G2;d. SEM RISCO;HVI3;R11;G1 - BHV;R03;12;12;12;12;12;12
G2;d. SEM RISCO;HVI3;R11;G1 - BHV;R04;12;12;12;12;12;12
G2;d. SEM RISCO;HVI3;R11;G1 - BHV;R05;12;12;12;12;12;12
G2;d. SEM RISCO;HVI3;R11;G1 - BHV;R06;12;12;12;12;12;12
G2;d. SEM RISCO;HVI3;R11;G1 - BHV;R07;12;12;12;12;12;12
G2;d. SEM RISCO;HVI3;R11;G1 - BHV;R08;12;12;12;12;12;12
G2;d. SEM RISCO;HVI3;R11;G1 - BHV;R09;12;12;12;12;12;12
G2;d. SEM RISCO;HVI3;R11;G1 - BHV;R10;12;12;12;12;12;12
G2;d. SEM RISCO;HVI3;R11;G1 - BHV;R11;12;12;12;12;12;12
G2;d. SEM RISCO;HVI3;R11;G1 - BHV;R12;12;12;12;12;12;12
G2;d. SEM RISCO;HVI3;R11;G1 - BHV;R13;12;12;12;12;12;12
G2;d. SEM RISCO;HVI3;R11;G1 - BHV;R14;12;12;12;12;12;12
G2;d. SEM RISCO;HVI3;R11;G1 - BHV;R15;12;12;12;12;12;12
G2;d. SEM RISCO;HVI3;R11;G1 - BHV;R16;12;12;12;12;12;12
G2;d. SEM RISCO;HVI3;R11;G1 - BHV;R17;12;12;12;12;12;12
G2;d. SEM RISCO;HVI3;R11;G1 - BHV;R18;12;12;12;12;12;12
G2;d. SEM RISCO;HVI3;R11;G1 - BHV;R19;12;12;12;12;12;12
G2;d. SEM RISCO;HVI3;R11;G1 - BHV;R20;12;12;12;12;12;12
G2;d. SEM RISCO;HVI3;R12;G1 - BHV;R01;12;12;12;12;12;12
G2;d. SEM RISCO;HVI3;R12;G1 - BHV;R02;12;12;12;12;12;12
G2;d. SEM RISCO;HVI3;R12;G1 - BHV;R03;12;12;12;12;12;12
G2;d. SEM RISCO;HVI3;R12;G1 - BHV;R04;12;12;12;12;12;12
G2;d. SEM RISCO;HVI3;R12;G1 - BHV;R05;12;12;12;12;12;12
G2;d. SEM RISCO;HVI3;R12;G1 - BHV;R06;12;12;12;12;12;12
G2;d. SEM RISCO;HVI3;R12;G1 - BHV;R07;12;12;12;12;12;12
G2;d. SEM RISCO;HVI3;R12;G1 - BHV;R08;12;12;12;12;12;12
G2;d. SEM RISCO;HVI3;R12;G1 - BHV;R09;12;12;12;12;12;12
G2;d. SEM RISCO;HVI3;R12;G1 - BHV;R10;12;12;12;12;12;12
G2;d. SEM RISCO;HVI3;R12;G1 - BHV;R11;12;12;12;12;12;12
G2;d. SEM RISCO;HVI3;R12;G1 - BHV;R12;12;12;12;12;12;12
G2;d. SEM RISCO;HVI3;R12;G1 - BHV;R13;12;12;12;12;12;12
G2;d. SEM RISCO;HVI3;R12;G1 - BHV;R14;12;12;12;12;12;12
G2;d. SEM RISCO;HVI3;R12;G1 - BHV;R15;12;12;12;12;12;12
G2;d. SEM RISCO;HVI3;R12;G1 - BHV;R16;12;12;12;12;12;12
G2;d. SEM RISCO;HVI3;R12;G1 - BHV;R17;8;8;8;8;8;8
G2;d. SEM RISCO;HVI3;R12;G1 - BHV;R18;8;8;8;8;8;8
G2;d. SEM RISCO;HVI3;R12;G1 - BHV;R19;8;8;8;8;8;8
G2;d. SEM RISCO;HVI3;R12;G1 - BHV;R20;8;8;8;8;8;8
G2;d. SEM RISCO;HVI3;R13;G1 - BHV;R01;12;12;12;12;12;12
G2;d. SEM RISCO;HVI3;R13;G1 - BHV;R02;12;12;12;12;12;12
G2;d. SEM RISCO;HVI3;R13;G1 - BHV;R03;12;12;12;12;12;12
G2;d. SEM RISCO;HVI3;R13;G1 - BHV;R04;12;12;12;12;12;12
G2;d. SEM RISCO;HVI3;R13;G1 - BHV;R05;12;12;12;12;12;12
G2;d. SEM RISCO;HVI3;R13;G1 - BHV;R06;12;12;12;12;12;12
G2;d. SEM RISCO;HVI3;R13;G1 - BHV;R07;12;12;12;12;12;12
G2;d. SEM RISCO;HVI3;R13;G1 - BHV;R08;12;12;12;12;12;12
G2;d. SEM RISCO;HVI3;R13;G1 - BHV;R09;12;12;12;12;12;12
G2;d. SEM RISCO;HVI3;R13;G1 - BHV;R10;12;12;12;12;12;12
G2;d. SEM RISCO;HVI3;R13;G1 - BHV;R11;12;12;12;12;12;12
G2;d. SEM RISCO;HVI3;R13;G1 - BHV;R12;12;12;12;12;12;12
G2;d. SEM RISCO;HVI3;R13;G1 - BHV;R13;12;12;12;12;12;12
G2;d. SEM RISCO;HVI3;R13;G1 - BHV;R14;12;12;12;12;12;12
G2;d. SEM RISCO;HVI3;R13;G1 - BHV;R15;12;12;12;12;12;12
G2;d. SEM RISCO;HVI3;R13;G1 - BHV;R16;12;12;12;12;12;12
G2;d. SEM RISCO;HVI3;R13;G1 - BHV;R17;8;8;8;8;8;8
G2;d. SEM RISCO;HVI3;R13;G1 - BHV;R18;8;8;8;8;8;8
G2;d. SEM RISCO;HVI3;R13;G1 - BHV;R19;8;8;8;8;8;8
G2;d. SEM RISCO;HVI3;R13;G1 - BHV;R20;8;8;8;8;8;8
G2;d. SEM RISCO;HVI3;R14;G1 - BHV;R01;12;12;12;12;12;12
G2;d. SEM RISCO;HVI3;R14;G1 - BHV;R02;12;12;12;12;12;12
G2;d. SEM RISCO;HVI3;R14;G1 - BHV;R03;12;12;12;12;12;12
G2;d. SEM RISCO;HVI3;R14;G1 - BHV;R04;12;12;12;12;12;12
G2;d. SEM RISCO;HVI3;R14;G1 - BHV;R05;8;8;8;8;8;8
G2;d. SEM RISCO;HVI3;R14;G1 - BHV;R06;8;8;8;8;8;8
G2;d. SEM RISCO;HVI3;R14;G1 - BHV;R07;8;8;8;8;8;8
G2;d. SEM RISCO;HVI3;R14;G1 - BHV;R08;8;8;8;8;8;8
G2;d. SEM RISCO;HVI3;R14;G1 - BHV;R09;8;8;8;8;8;8
G2;d. SEM RISCO;HVI3;R14;G1 - BHV;R10;8;8;8;8;8;8
G2;d. SEM RISCO;HVI3;R14;G1 - BHV;R11;8;8;8;8;8;8
G2;d. SEM RISCO;HVI3;R14;G1 - BHV;R12;8;8;8;8;8;8
G2;d. SEM RISCO;HVI3;R14;G1 - BHV;R13;8;8;8;8;8;8
G2;d. SEM RISCO;HVI3;R14;G1 - BHV;R14;8;8;8;8;8;8
G2;d. SEM RISCO;HVI3;R14;G1 - BHV;R15;8;8;8;8;8;8
G2;d. SEM RISCO;HVI3;R14;G1 - BHV;R16;8;8;8;8;8;8
G2;d. SEM RISCO;HVI3;R14;G1 - BHV;R17;5;5;5;5;5;5
G2;d. SEM RISCO;HVI3;R14;G1 - BHV;R18;5;5;5;5;5;5
G2;d. SEM RISCO;HVI3;R14;G1 - BHV;R19;5;5;5;5;5;5
G2;d. SEM RISCO;HVI3;R14;G1 - BHV;R20;5;5;5;5;5;5
G2;d. SEM RISCO;HVI3;R15;G1 - BHV;R01;12;12;12;0;12;12
G2;d. SEM RISCO;HVI3;R15;G1 - BHV;R02;12;12;12;0;12;12
G2;d. SEM RISCO;HVI3;R15;G1 - BHV;R03;12;12;12;0;12;12
G2;d. SEM RISCO;HVI3;R15;G1 - BHV;R04;12;12;12;0;12;12
G2;d. SEM RISCO;HVI3;R15;G1 - BHV;R05;8;8;8;0;8;8
G2;d. SEM RISCO;HVI3;R15;G1 - BHV;R06;8;8;8;0;8;8
G2;d. SEM RISCO;HVI3;R15;G1 - BHV;R07;8;8;8;0;8;8
G2;d. SEM RISCO;HVI3;R15;G1 - BHV;R08;8;8;8;0;8;8
G2;d. SEM RISCO;HVI3;R15;G1 - BHV;R09;8;8;8;0;8;8
G2;d. SEM RISCO;HVI3;R15;G1 - BHV;R10;8;8;8;0;8;8
G2;d. SEM RISCO;HVI3;R15;G1 - BHV;R11;8;8;8;0;8;8
G2;d. SEM RISCO;HVI3;R15;G1 - BHV;R12;8;8;8;0;8;8
G2;d. SEM RISCO;HVI3;R15;G1 - BHV;R13;8;8;8;0;8;8
G2;d. SEM RISCO;HVI3;R15;G1 - BHV;R14;8;8;8;0;8;8
G2;d. SEM RISCO;HVI3;R15;G1 - BHV;R15;8;8;8;0;8;8
G2;d. SEM RISCO;HVI3;R15;G1 - BHV;R16;8;8;8;0;8;8
G2;d. SEM RISCO;HVI3;R15;G1 - BHV;R17;5;5;5;0;5;5
G2;d. SEM RISCO;HVI3;R15;G1 - BHV;R18;5;5;5;0;5;5
G2;d. SEM RISCO;HVI3;R15;G1 - BHV;R19;5;5;5;0;5;5
G2;d. SEM RISCO;HVI3;R15;G1 - BHV;R20;5;5;5;0;5;5
G2;d. SEM RISCO;HVI3;R16;G1 - BHV;R01;12;12;12;0;12;12
G2;d. SEM RISCO;HVI3;R16;G1 - BHV;R02;12;12;12;0;12;12
G2;d. SEM RISCO;HVI3;R16;G1 - BHV;R03;12;12;12;0;12;12
G2;d. SEM RISCO;HVI3;R16;G1 - BHV;R04;12;12;12;0;12;12
G2;d. SEM RISCO;HVI3;R16;G1 - BHV;R05;8;8;8;0;8;8
G2;d. SEM RISCO;HVI3;R16;G1 - BHV;R06;8;8;8;0;8;8
G2;d. SEM RISCO;HVI3;R16;G1 - BHV;R07;8;8;8;0;8;8
G2;d. SEM RISCO;HVI3;R16;G1 - BHV;R08;8;8;8;0;8;8
G2;d. SEM RISCO;HVI3;R16;G1 - BHV;R09;8;8;8;0;8;8
G2;d. SEM RISCO;HVI3;R16;G1 - BHV;R10;8;8;8;0;8;8
G2;d. SEM RISCO;HVI3;R16;G1 - BHV;R11;8;8;8;0;8;8
G2;d. SEM RISCO;HVI3;R16;G1 - BHV;R12;8;8;8;0;8;8
G2;d. SEM RISCO;HVI3;R16;G1 - BHV;R13;8;8;8;0;8;8
G2;d. SEM RISCO;HVI3;R16;G1 - BHV;R14;8;8;8;0;8;8
G2;d. SEM RISCO;HVI3;R16;G1 - BHV;R15;8;8;8;0;8;8
G2;d. SEM RISCO;HVI3;R16;G1 - BHV;R16;8;8;8;0;8;8
G2;d. SEM RISCO;HVI3;R16;G1 - BHV;R17;5;5;5;0;5;5
G2;d. SEM RISCO;HVI3;R16;G1 - BHV;R18;5;5;5;0;5;5
G2;d. SEM RISCO;HVI3;R16;G1 - BHV;R19;5;5;5;0;5;5
G2;d. SEM RISCO;HVI3;R16;G1 - BHV;R20;5;5;5;0;5;5
G2;d. SEM RISCO;HVI3;R17;G1 - BHV;R01;12;12;12;0;12;12
G2;d. SEM RISCO;HVI3;R17;G1 - BHV;R02;12;12;12;0;12;12
G2;d. SEM RISCO;HVI3;R17;G1 - BHV;R03;12;12;12;0;12;12
G2;d. SEM RISCO;HVI3;R17;G1 - BHV;R04;12;12;12;0;12;12
G2;d. SEM RISCO;HVI3;R17;G1 - BHV;R05;5;5;5;0;5;5
G2;d. SEM RISCO;HVI3;R17;G1 - BHV;R06;5;5;5;0;5;5
G2;d. SEM RISCO;HVI3;R17;G1 - BHV;R07;5;5;5;0;5;5
G2;d. SEM RISCO;HVI3;R17;G1 - BHV;R08;5;5;5;0;5;5
G2;d. SEM RISCO;HVI3;R17;G1 - BHV;R09;5;5;5;0;5;5
G2;d. SEM RISCO;HVI3;R17;G1 - BHV;R10;5;5;5;0;5;5
G2;d. SEM RISCO;HVI3;R17;G1 - BHV;R11;5;5;5;0;5;5
G2;d. SEM RISCO;HVI3;R17;G1 - BHV;R12;5;5;5;0;5;5
G2;d. SEM RISCO;HVI3;R17;G1 - BHV;R13;5;5;5;0;5;5
G2;d. SEM RISCO;HVI3;R17;G1 - BHV;R14;5;5;5;0;5;5
G2;d. SEM RISCO;HVI3;R17;G1 - BHV;R15;5;5;5;0;5;5
G2;d. SEM RISCO;HVI3;R17;G1 - BHV;R16;5;5;5;0;5;5
G2;d. SEM RISCO;HVI3;R17;G1 - BHV;R17;5;5;5;0;5;5
G2;d. SEM RISCO;HVI3;R17;G1 - BHV;R18;5;5;5;0;5;5
G2;d. SEM RISCO;HVI3;R17;G1 - BHV;R19;5;5;5;0;5;5
G2;d. SEM RISCO;HVI3;R17;G1 - BHV;R20;5;5;5;0;5;5
G2;d. SEM RISCO;HVI3;R18;G1 - BHV;R01;12;12;12;0;12;12
G2;d. SEM RISCO;HVI3;R18;G1 - BHV;R02;12;12;12;0;12;12
G2;d. SEM RISCO;HVI3;R18;G1 - BHV;R03;12;12;12;0;12;12
G2;d. SEM RISCO;HVI3;R18;G1 - BHV;R04;12;12;12;0;12;12
G2;d. SEM RISCO;HVI3;R18;G1 - BHV;R05;5;5;5;0;5;5
G2;d. SEM RISCO;HVI3;R18;G1 - BHV;R06;5;5;5;0;5;5
G2;d. SEM RISCO;HVI3;R18;G1 - BHV;R07;5;5;5;0;5;5
G2;d. SEM RISCO;HVI3;R18;G1 - BHV;R08;5;5;5;0;5;5
G2;d. SEM RISCO;HVI3;R18;G1 - BHV;R09;5;5;5;0;5;5
G2;d. SEM RISCO;HVI3;R18;G1 - BHV;R10;5;5;5;0;5;5
G2;d. SEM RISCO;HVI3;R18;G1 - BHV;R11;5;5;5;0;5;5
G2;d. SEM RISCO;HVI3;R18;G1 - BHV;R12;5;5;5;0;5;5
G2;d. SEM RISCO;HVI3;R18;G1 - BHV;R13;5;5;5;0;5;5
G2;d. SEM RISCO;HVI3;R18;G1 - BHV;R14;5;5;5;0;5;5
G2;d. SEM RISCO;HVI3;R18;G1 - BHV;R15;5;5;5;0;5;5
G2;d. SEM RISCO;HVI3;R18;G1 - BHV;R16;5;5;5;0;5;5
G2;d. SEM RISCO;HVI3;R18;G1 - BHV;R17;5;5;5;0;5;5
G2;d. SEM RISCO;HVI3;R18;G1 - BHV;R18;5;5;5;0;5;5
G2;d. SEM RISCO;HVI3;R18;G1 - BHV;R19;5;5;5;0;5;5
G2;d. SEM RISCO;HVI3;R18;G1 - BHV;R20;5;5;5;0;5;5
G2;d. SEM RISCO;HVI3;R19;G1 - BHV;R01;12;12;12;0;12;12
G2;d. SEM RISCO;HVI3;R19;G1 - BHV;R02;12;12;12;0;12;12
G2;d. SEM RISCO;HVI3;R19;G1 - BHV;R03;12;12;12;0;12;12
G2;d. SEM RISCO;HVI3;R19;G1 - BHV;R04;12;12;12;0;12;12
G2;d. SEM RISCO;HVI3;R19;G1 - BHV;R05;5;5;5;0;5;5
G2;d. SEM RISCO;HVI3;R19;G1 - BHV;R06;5;5;5;0;5;5
G2;d. SEM RISCO;HVI3;R19;G1 - BHV;R07;5;5;5;0;5;5
G2;d. SEM RISCO;HVI3;R19;G1 - BHV;R08;5;5;5;0;5;5
G2;d. SEM RISCO;HVI3;R19;G1 - BHV;R09;5;5;5;0;5;5
G2;d. SEM RISCO;HVI3;R19;G1 - BHV;R10;5;5;5;0;5;5
G2;d. SEM RISCO;HVI3;R19;G1 - BHV;R11;5;5;5;0;5;5
G2;d. SEM RISCO;HVI3;R19;G1 - BHV;R12;5;5;5;0;5;5
G2;d. SEM RISCO;HVI3;R19;G1 - BHV;R13;5;5;5;0;5;5
G2;d. SEM RISCO;HVI3;R19;G1 - BHV;R14;5;5;5;0;5;5
G2;d. SEM RISCO;HVI3;R19;G1 - BHV;R15;5;5;5;0;5;5
G2;d. SEM RISCO;HVI3;R19;G1 - BHV;R16;5;5;5;0;5;5
G2;d. SEM RISCO;HVI3;R19;G1 - BHV;R17;5;5;5;0;5;5
G2;d. SEM RISCO;HVI3;R19;G1 - BHV;R18;5;5;5;0;5;5
G2;d. SEM RISCO;HVI3;R19;G1 - BHV;R19;5;5;5;0;5;5
G2;d. SEM RISCO;HVI3;R19;G1 - BHV;R20;5;5;5;0;5;5
G2;d. SEM RISCO;HVI3;R20;G1 - BHV;R01;12;12;12;0;12;12
G2;d. SEM RISCO;HVI3;R20;G1 - BHV;R02;12;12;12;0;12;12
G2;d. SEM RISCO;HVI3;R20;G1 - BHV;R03;12;12;12;0;12;12
G2;d. SEM RISCO;HVI3;R20;G1 - BHV;R04;12;12;12;0;12;12
G2;d. SEM RISCO;HVI3;R20;G1 - BHV;R05;5;5;5;0;5;5
G2;d. SEM RISCO;HVI3;R20;G1 - BHV;R06;5;5;5;0;5;5
G2;d. SEM RISCO;HVI3;R20;G1 - BHV;R07;5;5;5;0;5;5
G2;d. SEM RISCO;HVI3;R20;G1 - BHV;R08;5;5;5;0;5;5
G2;d. SEM RISCO;HVI3;R20;G1 - BHV;R09;5;5;5;0;5;5
G2;d. SEM RISCO;HVI3;R20;G1 - BHV;R10;5;5;5;0;5;5
G2;d. SEM RISCO;HVI3;R20;G1 - BHV;R11;5;5;5;0;5;5
G2;d. SEM RISCO;HVI3;R20;G1 - BHV;R12;5;5;5;0;5;5
G2;d. SEM RISCO;HVI3;R20;G1 - BHV;R13;5;5;5;0;5;5
G2;d. SEM RISCO;HVI3;R20;G1 - BHV;R14;5;5;5;0;5;5
G2;d. SEM RISCO;HVI3;R20;G1 - BHV;R15;5;5;5;0;5;5
G2;d. SEM RISCO;HVI3;R20;G1 - BHV;R16;5;5;5;0;5;5
G2;d. SEM RISCO;HVI3;R20;G1 - BHV;R17;5;5;5;0;5;5
G2;d. SEM RISCO;HVI3;R20;G1 - BHV;R18;5;5;5;0;5;5
G2;d. SEM RISCO;HVI3;R20;G1 - BHV;R19;5;5;5;0;5;5
G2;d. SEM RISCO;HVI3;R20;G1 - BHV;R20;5;5;5;0;5;5
G2;d. SEM RISCO;HVI3;R99;G1 - BHV;R01;12;0;0;0;0;0
G2;d. SEM RISCO;HVI3;R99;G1 - BHV;R02;12;0;0;0;0;0
G2;d. SEM RISCO;HVI3;R99;G1 - BHV;R03;12;0;0;0;0;0
G2;d. SEM RISCO;HVI3;R99;G1 - BHV;R04;12;0;0;0;0;0
G2;d. SEM RISCO;HVI3;R99;G1 - BHV;R05;5;0;0;0;0;0
G2;d. SEM RISCO;HVI3;R99;G1 - BHV;R06;5;0;0;0;0;0
G2;d. SEM RISCO;HVI3;R99;G1 - BHV;R07;5;0;0;0;0;0
G2;d. SEM RISCO;HVI3;R99;G1 - BHV;R08;5;0;0;0;0;0
G2;d. SEM RISCO;HVI3;R99;G1 - BHV;R09;5;0;0;0;0;0
G2;d. SEM RISCO;HVI3;R99;G1 - BHV;R10;5;0;0;0;0;0
G2;d. SEM RISCO;HVI3;R99;G1 - BHV;R11;5;0;0;0;0;0
G2;d. SEM RISCO;HVI3;R99;G1 - BHV;R12;5;0;0;0;0;0
G2;d. SEM RISCO;HVI3;R99;G1 - BHV;R13;5;0;0;0;0;0
G2;d. SEM RISCO;HVI3;R99;G1 - BHV;R14;5;0;0;0;0;0
G2;d. SEM RISCO;HVI3;R99;G1 - BHV;R15;5;0;0;0;0;0
G2;d. SEM RISCO;HVI3;R99;G1 - BHV;R16;5;0;0;0;0;0
G2;d. SEM RISCO;HVI3;R99;G1 - BHV;R17;5;0;0;0;0;0
G2;d. SEM RISCO;HVI3;R99;G1 - BHV;R18;5;0;0;0;0;0
G2;d. SEM RISCO;HVI3;R99;G1 - BHV;R19;5;0;0;0;0;0
G2;d. SEM RISCO;HVI3;R99;G1 - BHV;R20;5;0;0;0;0;0
G3;c.RISCO ALTO;HVI3;R01;Restritivos;y. Sem Rest;15;15;15;0;15;15
G3;a.RISCO BAIXO;HVI3;R01;Restritivos;y. Sem Rest;15;15;15;0;15;15
G3;b.RISCO NEUTRO;HVI3;R01;Restritivos;y. Sem Rest;15;15;15;0;15;15
G3;c.RISCO ALTO;HVI3;R01;Restritivos;z. Com Rest;15;15;15;0;15;15
G3;b.RISCO NEUTRO;HVI3;R01;Restritivos;z. Com Rest;15;15;15;0;15;15
G3;a.RISCO BAIXO;HVI3;R01;Restritivos;z. Com Rest;15;15;15;0;15;15
G3;a.RISCO BAIXO;HVI3;R02;Restritivos;y. Sem Rest;15;15;15;0;15;15
G3;c.RISCO ALTO;HVI3;R02;Restritivos;y. Sem Rest;15;15;15;0;15;15
G3;b.RISCO NEUTRO;HVI3;R02;Restritivos;y. Sem Rest;15;15;15;0;15;15
G3;c.RISCO ALTO;HVI3;R02;Restritivos;z. Com Rest;15;15;15;0;15;15
G3;a.RISCO BAIXO;HVI3;R02;Restritivos;z. Com Rest;15;15;15;0;15;15
G3;b.RISCO NEUTRO;HVI3;R02;Restritivos;z. Com Rest;15;15;15;0;15;15
G3;b.RISCO NEUTRO;HVI3;R03;Restritivos;y. Sem Rest;15;15;15;0;15;15
G3;a.RISCO BAIXO;HVI3;R03;Restritivos;y. Sem Rest;15;15;15;0;15;15
G3;c.RISCO ALTO;HVI3;R03;Restritivos;y. Sem Rest;15;15;15;0;15;15
G3;a.RISCO BAIXO;HVI3;R03;Restritivos;z. Com Rest;15;15;15;0;15;15
G3;c.RISCO ALTO;HVI3;R03;Restritivos;z. Com Rest;15;15;15;0;15;15
G3;b.RISCO NEUTRO;HVI3;R03;Restritivos;z. Com Rest;15;15;15;0;15;15
G3;c.RISCO ALTO;HVI3;R04;Restritivos;y. Sem Rest;15;15;15;0;15;15
G3;a.RISCO BAIXO;HVI3;R04;Restritivos;y. Sem Rest;15;15;15;0;15;15
G3;b.RISCO NEUTRO;HVI3;R04;Restritivos;y. Sem Rest;15;15;15;0;15;15
G3;b.RISCO NEUTRO;HVI3;R04;Restritivos;z. Com Rest;15;15;15;0;15;15
G3;c.RISCO ALTO;HVI3;R04;Restritivos;z. Com Rest;15;15;15;0;15;15
G3;a.RISCO BAIXO;HVI3;R04;Restritivos;z. Com Rest;15;15;15;0;15;15
G3;c.RISCO ALTO;HVI3;R05;Restritivos;y. Sem Rest;15;15;15;0;15;15
G3;a.RISCO BAIXO;HVI3;R05;Restritivos;y. Sem Rest;15;15;15;0;15;15
G3;b.RISCO NEUTRO;HVI3;R05;Restritivos;y. Sem Rest;15;15;15;0;15;15
G3;c.RISCO ALTO;HVI3;R05;Restritivos;z. Com Rest;15;15;15;0;15;15
G3;a.RISCO BAIXO;HVI3;R05;Restritivos;z. Com Rest;15;15;15;0;15;15
G3;b.RISCO NEUTRO;HVI3;R05;Restritivos;z. Com Rest;15;15;15;0;15;15
G3;c.RISCO ALTO;HVI3;R06;Restritivos;y. Sem Rest;15;15;15;0;15;15
G3;b.RISCO NEUTRO;HVI3;R06;Restritivos;y. Sem Rest;15;15;15;0;15;15
G3;a.RISCO BAIXO;HVI3;R06;Restritivos;y. Sem Rest;15;15;15;0;15;15
G3;b.RISCO NEUTRO;HVI3;R06;Restritivos;z. Com Rest;15;15;15;0;15;15
G3;c.RISCO ALTO;HVI3;R06;Restritivos;z. Com Rest;15;15;15;0;15;15
G3;a.RISCO BAIXO;HVI3;R06;Restritivos;z. Com Rest;15;15;15;0;15;15
G3;a.RISCO BAIXO;HVI3;R07;Restritivos;y. Sem Rest;15;15;15;0;15;15
G3;b.RISCO NEUTRO;HVI3;R07;Restritivos;y. Sem Rest;15;15;15;0;15;15
G3;c.RISCO ALTO;HVI3;R07;Restritivos;y. Sem Rest;15;15;15;0;15;15
G3;a.RISCO BAIXO;HVI3;R07;Restritivos;z. Com Rest;15;15;15;0;15;15
G3;b.RISCO NEUTRO;HVI3;R07;Restritivos;z. Com Rest;15;15;15;0;15;15
G3;c.RISCO ALTO;HVI3;R07;Restritivos;z. Com Rest;15;15;15;0;15;15
G3;b.RISCO NEUTRO;HVI3;R08;Restritivos;y. Sem Rest;15;15;15;0;15;15
G3;a.RISCO BAIXO;HVI3;R08;Restritivos;y. Sem Rest;15;15;15;0;15;15
G3;c.RISCO ALTO;HVI3;R08;Restritivos;y. Sem Rest;15;15;15;0;15;15
G3;a.RISCO BAIXO;HVI3;R08;Restritivos;z. Com Rest;12;12;12;0;12;12
G3;c.RISCO ALTO;HVI3;R08;Restritivos;z. Com Rest;12;12;12;0;12;12
G3;b.RISCO NEUTRO;HVI3;R08;Restritivos;z. Com Rest;12;12;12;0;12;12
G3;c.RISCO ALTO;HVI3;R09;Restritivos;y. Sem Rest;12;12;12;0;12;12
G3;a.RISCO BAIXO;HVI3;R09;Restritivos;y. Sem Rest;12;12;12;0;12;12
G3;b.RISCO NEUTRO;HVI3;R09;Restritivos;y. Sem Rest;12;12;12;0;12;12
G3;a.RISCO BAIXO;HVI3;R09;Restritivos;z. Com Rest;12;12;12;0;12;12
G3;b.RISCO NEUTRO;HVI3;R09;Restritivos;z. Com Rest;12;12;12;0;12;12
G3;c.RISCO ALTO;HVI3;R09;Restritivos;z. Com Rest;12;12;12;0;12;12
G3;c.RISCO ALTO;HVI3;R10;Restritivos;y. Sem Rest;12;12;12;0;12;12
G3;b.RISCO NEUTRO;HVI3;R10;Restritivos;y. Sem Rest;12;12;12;0;12;12
G3;a.RISCO BAIXO;HVI3;R10;Restritivos;y. Sem Rest;12;12;12;0;12;12
G3;b.RISCO NEUTRO;HVI3;R10;Restritivos;z. Com Rest;8;8;8;0;8;8
G3;c.RISCO ALTO;HVI3;R10;Restritivos;z. Com Rest;8;8;8;0;8;8
G3;a.RISCO BAIXO;HVI3;R10;Restritivos;z. Com Rest;8;8;8;0;8;8
G3;b.RISCO NEUTRO;HVI3;R11;Restritivos;y. Sem Rest;8;8;8;0;8;8
G3;a.RISCO BAIXO;HVI3;R11;Restritivos;y. Sem Rest;8;8;8;0;8;8
G3;c.RISCO ALTO;HVI3;R11;Restritivos;y. Sem Rest;8;8;8;0;8;8
G3;c.RISCO ALTO;HVI3;R11;Restritivos;z. Com Rest;8;8;8;0;8;8
G3;b.RISCO NEUTRO;HVI3;R11;Restritivos;z. Com Rest;8;8;8;0;8;8
G3;a.RISCO BAIXO;HVI3;R11;Restritivos;z. Com Rest;8;8;8;0;8;8
G3;a.RISCO BAIXO;HVI3;R12;Restritivos;y. Sem Rest;8;8;8;0;8;8
G3;c.RISCO ALTO;HVI3;R12;Restritivos;y. Sem Rest;8;8;8;0;8;8
G3;b.RISCO NEUTRO;HVI3;R12;Restritivos;y. Sem Rest;8;8;8;0;8;8
G3;c.RISCO ALTO;HVI3;R12;Restritivos;z. Com Rest;8;8;8;0;8;8
G3;b.RISCO NEUTRO;HVI3;R12;Restritivos;z. Com Rest;8;8;8;0;8;8
G3;a.RISCO BAIXO;HVI3;R12;Restritivos;z. Com Rest;8;8;8;0;8;8
G3;c.RISCO ALTO;HVI3;R13;Restritivos;y. Sem Rest;8;8;8;0;8;8
G3;b.RISCO NEUTRO;HVI3;R13;Restritivos;y. Sem Rest;8;8;8;0;8;8
G3;a.RISCO BAIXO;HVI3;R13;Restritivos;y. Sem Rest;8;8;8;0;8;8
G3;c.RISCO ALTO;HVI3;R13;Restritivos;z. Com Rest;8;8;8;0;8;8
G3;a.RISCO BAIXO;HVI3;R13;Restritivos;z. Com Rest;8;8;8;0;8;8
G3;b.RISCO NEUTRO;HVI3;R13;Restritivos;z. Com Rest;8;8;8;0;8;8
G3;b.RISCO NEUTRO;HVI3;R14;Restritivos;y. Sem Rest;8;8;8;0;0;8
G3;c.RISCO ALTO;HVI3;R14;Restritivos;y. Sem Rest;8;8;8;0;0;8
G3;a.RISCO BAIXO;HVI3;R14;Restritivos;y. Sem Rest;8;8;8;0;0;8
G3;c.RISCO ALTO;HVI3;R14;Restritivos;z. Com Rest;5;5;5;0;0;5
G3;b.RISCO NEUTRO;HVI3;R14;Restritivos;z. Com Rest;5;5;5;0;0;5
G3;a.RISCO BAIXO;HVI3;R14;Restritivos;z. Com Rest;5;5;5;0;0;5
G3;b.RISCO NEUTRO;HVI3;R15;Restritivos;y. Sem Rest;5;5;5;0;0;0
G3;c.RISCO ALTO;HVI3;R15;Restritivos;y. Sem Rest;5;5;5;0;0;0
G3;a.RISCO BAIXO;HVI3;R15;Restritivos;y. Sem Rest;5;5;5;0;0;0
G3;b.RISCO NEUTRO;HVI3;R15;Restritivos;z. Com Rest;5;5;5;0;0;0
G3;a.RISCO BAIXO;HVI3;R15;Restritivos;z. Com Rest;5;5;5;0;0;0
G3;c.RISCO ALTO;HVI3;R15;Restritivos;z. Com Rest;5;5;5;0;0;0
G3;c.RISCO ALTO;HVI3;R16;Restritivos;y. Sem Rest;5;5;5;0;0;0
G3;b.RISCO NEUTRO;HVI3;R16;Restritivos;y. Sem Rest;5;5;5;0;0;0
G3;a.RISCO BAIXO;HVI3;R16;Restritivos;y. Sem Rest;5;5;5;0;0;0
G3;a.RISCO BAIXO;HVI3;R16;Restritivos;z. Com Rest;5;5;5;0;0;0
G3;b.RISCO NEUTRO;HVI3;R16;Restritivos;z. Com Rest;5;5;5;0;0;0
G3;c.RISCO ALTO;HVI3;R16;Restritivos;z. Com Rest;5;5;5;0;0;0
G3;b.RISCO NEUTRO;HVI3;R17;Restritivos;y. Sem Rest;5;5;5;0;0;0
G3;c.RISCO ALTO;HVI3;R17;Restritivos;y. Sem Rest;5;5;5;0;0;0
G3;a.RISCO BAIXO;HVI3;R17;Restritivos;y. Sem Rest;5;5;5;0;0;0
G3;c.RISCO ALTO;HVI3;R17;Restritivos;z. Com Rest;5;5;5;0;0;0
G3;b.RISCO NEUTRO;HVI3;R17;Restritivos;z. Com Rest;5;5;5;0;0;0
G3;a.RISCO BAIXO;HVI3;R17;Restritivos;z. Com Rest;5;5;5;0;0;0
G3;b.RISCO NEUTRO;HVI3;R18;Restritivos;y. Sem Rest;5;5;5;0;0;0
G3;a.RISCO BAIXO;HVI3;R18;Restritivos;y. Sem Rest;5;5;5;0;0;0
G3;c.RISCO ALTO;HVI3;R18;Restritivos;y. Sem Rest;5;5;5;0;0;0
G3;a.RISCO BAIXO;HVI3;R18;Restritivos;z. Com Rest;5;5;5;0;0;0
G3;c.RISCO ALTO;HVI3;R18;Restritivos;z. Com Rest;5;5;5;0;0;0
G3;b.RISCO NEUTRO;HVI3;R18;Restritivos;z. Com Rest;5;5;5;0;0;0
G3;b.RISCO NEUTRO;HVI3;R19;Restritivos;y. Sem Rest;5;5;5;0;0;0
G3;c.RISCO ALTO;HVI3;R19;Restritivos;y. Sem Rest;5;5;5;0;0;0
G3;a.RISCO BAIXO;HVI3;R19;Restritivos;y. Sem Rest;5;5;5;0;0;0
G3;b.RISCO NEUTRO;HVI3;R19;Restritivos;z. Com Rest;5;0;5;0;0;0
G3;c.RISCO ALTO;HVI3;R19;Restritivos;z. Com Rest;5;0;5;0;0;0
G3;a.RISCO BAIXO;HVI3;R19;Restritivos;z. Com Rest;5;0;5;0;0;0
G3;b.RISCO NEUTRO;HVI3;R20;Restritivos;y. Sem Rest;5;5;5;0;0;0
G3;c.RISCO ALTO;HVI3;R20;Restritivos;y. Sem Rest;5;5;5;0;0;0
G3;a.RISCO BAIXO;HVI3;R20;Restritivos;y. Sem Rest;5;5;5;0;0;0
G3;c.RISCO ALTO;HVI3;R20;Restritivos;z. Com Rest;5;0;0;0;0;0
G3;b.RISCO NEUTRO;HVI3;R20;Restritivos;z. Com Rest;5;0;0;0;0;0
G3;a.RISCO BAIXO;HVI3;R20;Restritivos;z. Com Rest;5;0;0;0;0;0
G3;c.RISCO ALTO;HVI3;R99;Restritivos;y. Sem Rest;5;0;0;0;0;0
G3;a.RISCO BAIXO;HVI3;R99;Restritivos;y. Sem Rest;5;0;0;0;0;0
G3;b.RISCO NEUTRO;HVI3;R99;Restritivos;y. Sem Rest;5;0;0;0;0;0
G3;c.RISCO ALTO;HVI3;R99;Restritivos;z. Com Rest;5;0;0;0;0;0
G3;b.RISCO NEUTRO;HVI3;R99;Restritivos;z. Com Rest;5;0;0;0;0;0
G3;a.RISCO BAIXO;HVI3;R99;Restritivos;z. Com Rest;5;0;0;0;0;0
G4;b.RISCO NEUTRO;HVI3;R01;G4 - BHV;R01;15;15;15;15;15;15
G4;c.RISCO ALTO;HVI3;R01;G4 - BHV;R01;15;15;15;15;15;15
G4;a.RISCO BAIXO;HVI3;R01;G4 - BHV;R01;15;15;15;15;15;15
G4;a.RISCO BAIXO;HVI3;R01;G4 - BHV;R02;15;15;15;15;15;15
G4;b.RISCO NEUTRO;HVI3;R01;G4 - BHV;R02;15;15;15;15;15;15
G4;c.RISCO ALTO;HVI3;R01;G4 - BHV;R02;15;15;15;15;15;15
G4;a.RISCO BAIXO;HVI3;R01;G4 - BHV;R03;15;15;15;15;15;15
G4;b.RISCO NEUTRO;HVI3;R01;G4 - BHV;R03;15;15;15;15;15;15
G4;c.RISCO ALTO;HVI3;R01;G4 - BHV;R03;15;15;15;15;15;15
G4;b.RISCO NEUTRO;HVI3;R01;G4 - BHV;R04;15;15;15;15;15;15
G4;c.RISCO ALTO;HVI3;R01;G4 - BHV;R04;15;15;15;15;15;15
G4;a.RISCO BAIXO;HVI3;R01;G4 - BHV;R04;15;15;15;15;15;15
G4;a.RISCO BAIXO;HVI3;R01;G4 - BHV;R05;15;15;15;15;15;15
G4;b.RISCO NEUTRO;HVI3;R01;G4 - BHV;R05;15;15;15;15;15;15
G4;c.RISCO ALTO;HVI3;R01;G4 - BHV;R05;15;15;15;15;15;15
G4;a.RISCO BAIXO;HVI3;R01;G4 - BHV;R06;15;15;15;15;15;15
G4;b.RISCO NEUTRO;HVI3;R01;G4 - BHV;R06;15;15;15;15;15;15
G4;c.RISCO ALTO;HVI3;R01;G4 - BHV;R06;15;15;15;15;15;15
G4;a.RISCO BAIXO;HVI3;R01;G4 - BHV;R07;15;15;15;15;15;15
G4;b.RISCO NEUTRO;HVI3;R01;G4 - BHV;R07;15;15;15;15;15;15
G4;c.RISCO ALTO;HVI3;R01;G4 - BHV;R07;15;15;15;15;15;15
G4;c.RISCO ALTO;HVI3;R01;G4 - BHV;R08;15;15;15;15;15;15
G4;b.RISCO NEUTRO;HVI3;R01;G4 - BHV;R08;15;15;15;15;15;15
G4;a.RISCO BAIXO;HVI3;R01;G4 - BHV;R08;15;15;15;15;15;15
G4;b.RISCO NEUTRO;HVI3;R01;G4 - BHV;R09;15;15;15;15;15;15
G4;a.RISCO BAIXO;HVI3;R01;G4 - BHV;R09;15;15;15;15;15;15
G4;c.RISCO ALTO;HVI3;R01;G4 - BHV;R09;15;15;15;15;15;15
G4;a.RISCO BAIXO;HVI3;R01;G4 - BHV;R10;15;15;15;15;15;15
G4;b.RISCO NEUTRO;HVI3;R01;G4 - BHV;R10;15;15;15;15;15;15
G4;c.RISCO ALTO;HVI3;R01;G4 - BHV;R10;15;15;15;15;15;15
G4;c.RISCO ALTO;HVI3;R01;G4 - BHV;R11;15;15;15;15;15;15
G4;b.RISCO NEUTRO;HVI3;R01;G4 - BHV;R11;15;15;15;15;15;15
G4;a.RISCO BAIXO;HVI3;R01;G4 - BHV;R11;15;15;15;15;15;15
G4;a.RISCO BAIXO;HVI3;R01;G4 - BHV;R12;15;15;15;15;15;15
G4;c.RISCO ALTO;HVI3;R01;G4 - BHV;R12;15;15;15;15;15;15
G4;b.RISCO NEUTRO;HVI3;R01;G4 - BHV;R12;15;15;15;15;15;15
G4;b.RISCO NEUTRO;HVI3;R01;G4 - BHV;R13;15;15;15;15;15;15
G4;a.RISCO BAIXO;HVI3;R01;G4 - BHV;R13;15;15;15;15;15;15
G4;c.RISCO ALTO;HVI3;R01;G4 - BHV;R13;15;15;15;15;15;15
G4;a.RISCO BAIXO;HVI3;R01;G4 - BHV;R14;15;15;15;15;15;15
G4;b.RISCO NEUTRO;HVI3;R01;G4 - BHV;R14;15;15;15;15;15;15
G4;c.RISCO ALTO;HVI3;R01;G4 - BHV;R14;15;15;15;15;15;15
G4;a.RISCO BAIXO;HVI3;R01;G4 - BHV;R15;15;15;15;15;15;15
G4;b.RISCO NEUTRO;HVI3;R01;G4 - BHV;R15;15;15;15;15;15;15
G4;c.RISCO ALTO;HVI3;R01;G4 - BHV;R15;15;15;15;15;15;15
G4;c.RISCO ALTO;HVI3;R01;G4 - BHV;R16;15;15;15;15;15;15
G4;b.RISCO NEUTRO;HVI3;R01;G4 - BHV;R16;15;15;15;15;15;15
G4;a.RISCO BAIXO;HVI3;R01;G4 - BHV;R16;15;15;15;15;15;15
G4;c.RISCO ALTO;HVI3;R01;G4 - BHV;R17;15;15;15;15;15;15
G4;b.RISCO NEUTRO;HVI3;R01;G4 - BHV;R17;15;15;15;15;15;15
G4;a.RISCO BAIXO;HVI3;R01;G4 - BHV;R17;15;15;15;15;15;15
G4;b.RISCO NEUTRO;HVI3;R01;G4 - BHV;R18;15;15;15;15;15;15
G4;c.RISCO ALTO;HVI3;R01;G4 - BHV;R18;15;15;15;15;15;15
G4;a.RISCO BAIXO;HVI3;R01;G4 - BHV;R18;15;15;15;15;15;15
G4;b.RISCO NEUTRO;HVI3;R01;G4 - BHV;R19;15;15;15;15;15;15
G4;c.RISCO ALTO;HVI3;R01;G4 - BHV;R19;15;15;15;15;15;15
G4;a.RISCO BAIXO;HVI3;R01;G4 - BHV;R19;15;15;15;15;15;15
G4;b.RISCO NEUTRO;HVI3;R01;G4 - BHV;R20;15;15;15;15;15;15
G4;c.RISCO ALTO;HVI3;R01;G4 - BHV;R20;15;15;15;15;15;15
G4;a.RISCO BAIXO;HVI3;R01;G4 - BHV;R20;15;15;15;15;15;15
G4;b.RISCO NEUTRO;HVI3;R01;G4 - BHV;R21;15;15;15;15;15;15
G4;c.RISCO ALTO;HVI3;R01;G4 - BHV;R21;15;15;15;15;15;15
G4;a.RISCO BAIXO;HVI3;R01;G4 - BHV;R21;15;15;15;15;15;15
G4;c.RISCO ALTO;HVI3;R01;G4 - BHV;R22;15;15;15;15;15;15
G4;b.RISCO NEUTRO;HVI3;R01;G4 - BHV;R22;15;15;15;15;15;15
G4;a.RISCO BAIXO;HVI3;R01;G4 - BHV;R22;15;15;15;15;15;15
G4;b.RISCO NEUTRO;HVI3;R01;G4 - BHV;R23;15;15;15;15;15;15
G4;c.RISCO ALTO;HVI3;R01;G4 - BHV;R23;15;15;15;15;15;15
G4;a.RISCO BAIXO;HVI3;R01;G4 - BHV;R23;15;15;15;15;15;15
G4;b.RISCO NEUTRO;HVI3;R01;G4 - BHV;R24;15;15;15;15;15;15
G4;c.RISCO ALTO;HVI3;R01;G4 - BHV;R24;15;15;15;15;15;15
G4;a.RISCO BAIXO;HVI3;R01;G4 - BHV;R24;15;15;15;15;15;15
G4;b.RISCO NEUTRO;HVI3;R01;G4 - BHV;R25;15;15;15;15;15;15
G4;a.RISCO BAIXO;HVI3;R01;G4 - BHV;R25;15;15;15;15;15;15
G4;c.RISCO ALTO;HVI3;R01;G4 - BHV;R25;15;15;15;15;15;15
G4;b.RISCO NEUTRO;HVI3;R01;Restritivos;y. Sem Rest;15;15;15;15;15;15
G4;c.RISCO ALTO;HVI3;R01;Restritivos;y. Sem Rest;15;15;15;15;15;15
G4;a.RISCO BAIXO;HVI3;R01;Restritivos;y. Sem Rest;15;15;15;15;15;15
G4;b.RISCO NEUTRO;HVI3;R01;Restritivos;z. Com Rest;15;15;15;15;15;15
G4;c.RISCO ALTO;HVI3;R01;Restritivos;z. Com Rest;15;15;15;15;15;15
G4;a.RISCO BAIXO;HVI3;R01;Restritivos;z. Com Rest;15;15;15;15;15;15
G4;b.RISCO NEUTRO;HVI3;R02;G4 - BHV;R01;15;15;15;15;15;15
G4;c.RISCO ALTO;HVI3;R02;G4 - BHV;R01;15;15;15;15;15;15
G4;a.RISCO BAIXO;HVI3;R02;G4 - BHV;R01;15;15;15;15;15;15
G4;b.RISCO NEUTRO;HVI3;R02;G4 - BHV;R02;15;15;15;15;15;15
G4;c.RISCO ALTO;HVI3;R02;G4 - BHV;R02;15;15;15;15;15;15
G4;a.RISCO BAIXO;HVI3;R02;G4 - BHV;R02;15;15;15;15;15;15
G4;a.RISCO BAIXO;HVI3;R02;G4 - BHV;R03;15;15;15;15;15;15
G4;b.RISCO NEUTRO;HVI3;R02;G4 - BHV;R03;15;15;15;15;15;15
G4;c.RISCO ALTO;HVI3;R02;G4 - BHV;R03;15;15;15;15;15;15
G4;b.RISCO NEUTRO;HVI3;R02;G4 - BHV;R04;15;15;15;15;15;15
G4;c.RISCO ALTO;HVI3;R02;G4 - BHV;R04;15;15;15;15;15;15
G4;a.RISCO BAIXO;HVI3;R02;G4 - BHV;R04;15;15;15;15;15;15
G4;c.RISCO ALTO;HVI3;R02;G4 - BHV;R05;15;15;15;15;15;15
G4;b.RISCO NEUTRO;HVI3;R02;G4 - BHV;R05;15;15;15;15;15;15
G4;a.RISCO BAIXO;HVI3;R02;G4 - BHV;R05;15;15;15;15;15;15
G4;a.RISCO BAIXO;HVI3;R02;G4 - BHV;R06;15;15;15;15;15;15
G4;b.RISCO NEUTRO;HVI3;R02;G4 - BHV;R06;15;15;15;15;15;15
G4;c.RISCO ALTO;HVI3;R02;G4 - BHV;R06;15;15;15;15;15;15
G4;b.RISCO NEUTRO;HVI3;R02;G4 - BHV;R07;15;15;15;15;15;15
G4;c.RISCO ALTO;HVI3;R02;G4 - BHV;R07;15;15;15;15;15;15
G4;a.RISCO BAIXO;HVI3;R02;G4 - BHV;R07;15;15;15;15;15;15
G4;a.RISCO BAIXO;HVI3;R02;G4 - BHV;R08;15;15;15;15;15;15
G4;b.RISCO NEUTRO;HVI3;R02;G4 - BHV;R08;15;15;15;15;15;15
G4;c.RISCO ALTO;HVI3;R02;G4 - BHV;R08;15;15;15;15;15;15
G4;a.RISCO BAIXO;HVI3;R02;G4 - BHV;R09;15;15;15;15;15;15
G4;b.RISCO NEUTRO;HVI3;R02;G4 - BHV;R09;15;15;15;15;15;15
G4;c.RISCO ALTO;HVI3;R02;G4 - BHV;R09;15;15;15;15;15;15
G4;b.RISCO NEUTRO;HVI3;R02;G4 - BHV;R10;15;15;15;15;15;15
G4;c.RISCO ALTO;HVI3;R02;G4 - BHV;R10;15;15;15;15;15;15
G4;a.RISCO BAIXO;HVI3;R02;G4 - BHV;R10;15;15;15;15;15;15
G4;b.RISCO NEUTRO;HVI3;R02;G4 - BHV;R11;15;15;15;15;15;15
G4;a.RISCO BAIXO;HVI3;R02;G4 - BHV;R11;15;15;15;15;15;15
G4;c.RISCO ALTO;HVI3;R02;G4 - BHV;R11;15;15;15;15;15;15
G4;b.RISCO NEUTRO;HVI3;R02;G4 - BHV;R12;15;15;15;15;15;15
G4;a.RISCO BAIXO;HVI3;R02;G4 - BHV;R12;15;15;15;15;15;15
G4;c.RISCO ALTO;HVI3;R02;G4 - BHV;R12;15;15;15;15;15;15
G4;b.RISCO NEUTRO;HVI3;R02;G4 - BHV;R13;15;15;15;15;15;15
G4;a.RISCO BAIXO;HVI3;R02;G4 - BHV;R13;15;15;15;15;15;15
G4;c.RISCO ALTO;HVI3;R02;G4 - BHV;R13;15;15;15;15;15;15
G4;b.RISCO NEUTRO;HVI3;R02;G4 - BHV;R14;15;15;15;15;15;15
G4;c.RISCO ALTO;HVI3;R02;G4 - BHV;R14;15;15;15;15;15;15
G4;a.RISCO BAIXO;HVI3;R02;G4 - BHV;R14;15;15;15;15;15;15
G4;b.RISCO NEUTRO;HVI3;R02;G4 - BHV;R15;15;15;15;15;15;15
G4;c.RISCO ALTO;HVI3;R02;G4 - BHV;R15;15;15;15;15;15;15
G4;a.RISCO BAIXO;HVI3;R02;G4 - BHV;R15;15;15;15;15;15;15
G4;c.RISCO ALTO;HVI3;R02;G4 - BHV;R16;15;15;15;15;15;15
G4;b.RISCO NEUTRO;HVI3;R02;G4 - BHV;R16;15;15;15;15;15;15
G4;a.RISCO BAIXO;HVI3;R02;G4 - BHV;R16;15;15;15;15;15;15
G4;b.RISCO NEUTRO;HVI3;R02;G4 - BHV;R17;15;15;15;15;15;15
G4;c.RISCO ALTO;HVI3;R02;G4 - BHV;R17;15;15;15;15;15;15
G4;a.RISCO BAIXO;HVI3;R02;G4 - BHV;R17;15;15;15;15;15;15
G4;a.RISCO BAIXO;HVI3;R02;G4 - BHV;R18;15;15;15;15;15;15
G4;b.RISCO NEUTRO;HVI3;R02;G4 - BHV;R18;15;15;15;15;15;15
G4;c.RISCO ALTO;HVI3;R02;G4 - BHV;R18;15;15;15;15;15;15
G4;b.RISCO NEUTRO;HVI3;R02;G4 - BHV;R19;15;15;15;15;15;15
G4;c.RISCO ALTO;HVI3;R02;G4 - BHV;R19;15;15;15;15;15;15
G4;a.RISCO BAIXO;HVI3;R02;G4 - BHV;R19;15;15;15;15;15;15
G4;a.RISCO BAIXO;HVI3;R02;G4 - BHV;R20;15;15;15;15;15;15
G4;b.RISCO NEUTRO;HVI3;R02;G4 - BHV;R20;15;15;15;15;15;15
G4;c.RISCO ALTO;HVI3;R02;G4 - BHV;R20;15;15;15;15;15;15
G4;c.RISCO ALTO;HVI3;R02;G4 - BHV;R21;15;15;15;15;15;15
G4;a.RISCO BAIXO;HVI3;R02;G4 - BHV;R21;15;15;15;15;15;15
G4;b.RISCO NEUTRO;HVI3;R02;G4 - BHV;R21;15;15;15;15;15;15
G4;b.RISCO NEUTRO;HVI3;R02;G4 - BHV;R22;15;15;15;15;15;15
G4;a.RISCO BAIXO;HVI3;R02;G4 - BHV;R22;15;15;15;15;15;15
G4;c.RISCO ALTO;HVI3;R02;G4 - BHV;R22;15;15;15;15;15;15
G4;b.RISCO NEUTRO;HVI3;R02;G4 - BHV;R23;15;15;15;15;15;15
G4;a.RISCO BAIXO;HVI3;R02;G4 - BHV;R23;15;15;15;15;15;15
G4;c.RISCO ALTO;HVI3;R02;G4 - BHV;R23;15;15;15;15;15;15
G4;b.RISCO NEUTRO;HVI3;R02;G4 - BHV;R24;15;15;15;15;15;15
G4;a.RISCO BAIXO;HVI3;R02;G4 - BHV;R24;15;15;15;15;15;15
G4;c.RISCO ALTO;HVI3;R02;G4 - BHV;R24;15;15;15;15;15;15
G4;a.RISCO BAIXO;HVI3;R02;G4 - BHV;R25;15;15;15;15;15;15
G4;b.RISCO NEUTRO;HVI3;R02;G4 - BHV;R25;15;15;15;15;15;15
G4;c.RISCO ALTO;HVI3;R02;G4 - BHV;R25;15;15;15;15;15;15
G4;a.RISCO BAIXO;HVI3;R02;Restritivos;y. Sem Rest;15;15;15;15;15;15
G4;c.RISCO ALTO;HVI3;R02;Restritivos;y. Sem Rest;15;15;15;15;15;15
G4;b.RISCO NEUTRO;HVI3;R02;Restritivos;y. Sem Rest;15;15;15;15;15;15
G4;a.RISCO BAIXO;HVI3;R02;Restritivos;z. Com Rest;15;15;15;15;15;15
G4;b.RISCO NEUTRO;HVI3;R02;Restritivos;z. Com Rest;15;15;15;15;15;15
G4;c.RISCO ALTO;HVI3;R02;Restritivos;z. Com Rest;15;15;15;15;15;15
G4;b.RISCO NEUTRO;HVI3;R03;G4 - BHV;R01;15;15;15;15;15;15
G4;c.RISCO ALTO;HVI3;R03;G4 - BHV;R01;15;15;15;15;15;15
G4;a.RISCO BAIXO;HVI3;R03;G4 - BHV;R01;15;15;15;15;15;15
G4;b.RISCO NEUTRO;HVI3;R03;G4 - BHV;R02;15;15;15;15;15;15
G4;c.RISCO ALTO;HVI3;R03;G4 - BHV;R02;15;15;15;15;15;15
G4;a.RISCO BAIXO;HVI3;R03;G4 - BHV;R02;15;15;15;15;15;15
G4;b.RISCO NEUTRO;HVI3;R03;G4 - BHV;R03;15;15;15;15;15;15
G4;a.RISCO BAIXO;HVI3;R03;G4 - BHV;R03;15;15;15;15;15;15
G4;c.RISCO ALTO;HVI3;R03;G4 - BHV;R03;15;15;15;15;15;15
G4;b.RISCO NEUTRO;HVI3;R03;G4 - BHV;R04;15;15;15;15;15;15
G4;c.RISCO ALTO;HVI3;R03;G4 - BHV;R04;15;15;15;15;15;15
G4;a.RISCO BAIXO;HVI3;R03;G4 - BHV;R04;15;15;15;15;15;15
G4;b.RISCO NEUTRO;HVI3;R03;G4 - BHV;R05;15;15;15;15;15;15
G4;a.RISCO BAIXO;HVI3;R03;G4 - BHV;R05;15;15;15;15;15;15
G4;c.RISCO ALTO;HVI3;R03;G4 - BHV;R05;15;15;15;15;15;15
G4;a.RISCO BAIXO;HVI3;R03;G4 - BHV;R06;15;15;15;15;15;15
G4;b.RISCO NEUTRO;HVI3;R03;G4 - BHV;R06;15;15;15;15;15;15
G4;c.RISCO ALTO;HVI3;R03;G4 - BHV;R06;15;15;15;15;15;15
G4;c.RISCO ALTO;HVI3;R03;G4 - BHV;R07;15;15;15;15;15;15
G4;b.RISCO NEUTRO;HVI3;R03;G4 - BHV;R07;15;15;15;15;15;15
G4;a.RISCO BAIXO;HVI3;R03;G4 - BHV;R07;15;15;15;15;15;15
G4;c.RISCO ALTO;HVI3;R03;G4 - BHV;R08;15;15;15;15;15;15
G4;b.RISCO NEUTRO;HVI3;R03;G4 - BHV;R08;15;15;15;15;15;15
G4;a.RISCO BAIXO;HVI3;R03;G4 - BHV;R08;15;15;15;15;15;15
G4;c.RISCO ALTO;HVI3;R03;G4 - BHV;R09;15;15;15;15;15;15
G4;b.RISCO NEUTRO;HVI3;R03;G4 - BHV;R09;15;15;15;15;15;15
G4;a.RISCO BAIXO;HVI3;R03;G4 - BHV;R09;15;15;15;15;15;15
G4;b.RISCO NEUTRO;HVI3;R03;G4 - BHV;R10;15;15;15;15;15;15
G4;c.RISCO ALTO;HVI3;R03;G4 - BHV;R10;15;15;15;15;15;15
G4;a.RISCO BAIXO;HVI3;R03;G4 - BHV;R10;15;15;15;15;15;15
G4;a.RISCO BAIXO;HVI3;R03;G4 - BHV;R11;15;15;15;15;15;15
G4;c.RISCO ALTO;HVI3;R03;G4 - BHV;R11;15;15;15;15;15;15
G4;b.RISCO NEUTRO;HVI3;R03;G4 - BHV;R11;15;15;15;15;15;15
G4;b.RISCO NEUTRO;HVI3;R03;G4 - BHV;R12;15;15;15;15;15;15
G4;c.RISCO ALTO;HVI3;R03;G4 - BHV;R12;15;15;15;15;15;15
G4;a.RISCO BAIXO;HVI3;R03;G4 - BHV;R12;15;15;15;15;15;15
G4;b.RISCO NEUTRO;HVI3;R03;G4 - BHV;R13;15;15;15;15;15;15
G4;c.RISCO ALTO;HVI3;R03;G4 - BHV;R13;15;15;15;15;15;15
G4;a.RISCO BAIXO;HVI3;R03;G4 - BHV;R13;15;15;15;15;15;15
G4;c.RISCO ALTO;HVI3;R03;G4 - BHV;R14;15;15;15;15;15;15
G4;b.RISCO NEUTRO;HVI3;R03;G4 - BHV;R14;15;15;15;15;15;15
G4;a.RISCO BAIXO;HVI3;R03;G4 - BHV;R14;15;15;15;15;15;15
G4;c.RISCO ALTO;HVI3;R03;G4 - BHV;R15;15;15;15;15;15;15
G4;a.RISCO BAIXO;HVI3;R03;G4 - BHV;R15;15;15;15;15;15;15
G4;b.RISCO NEUTRO;HVI3;R03;G4 - BHV;R15;15;15;15;15;15;15
G4;b.RISCO NEUTRO;HVI3;R03;G4 - BHV;R16;15;15;15;15;15;15
G4;c.RISCO ALTO;HVI3;R03;G4 - BHV;R16;15;15;15;15;15;15
G4;a.RISCO BAIXO;HVI3;R03;G4 - BHV;R16;15;15;15;15;15;15
G4;b.RISCO NEUTRO;HVI3;R03;G4 - BHV;R17;15;15;15;15;15;15
G4;c.RISCO ALTO;HVI3;R03;G4 - BHV;R17;15;15;15;15;15;15
G4;a.RISCO BAIXO;HVI3;R03;G4 - BHV;R17;15;15;15;15;15;15
G4;b.RISCO NEUTRO;HVI3;R03;G4 - BHV;R18;15;15;15;15;15;15
G4;c.RISCO ALTO;HVI3;R03;G4 - BHV;R18;15;15;15;15;15;15
G4;a.RISCO BAIXO;HVI3;R03;G4 - BHV;R18;15;15;15;15;15;15
G4;b.RISCO NEUTRO;HVI3;R03;G4 - BHV;R19;15;15;15;15;15;15
G4;a.RISCO BAIXO;HVI3;R03;G4 - BHV;R19;15;15;15;15;15;15
G4;c.RISCO ALTO;HVI3;R03;G4 - BHV;R19;15;15;15;15;15;15
G4;b.RISCO NEUTRO;HVI3;R03;G4 - BHV;R20;15;15;15;15;15;15
G4;a.RISCO BAIXO;HVI3;R03;G4 - BHV;R20;15;15;15;15;15;15
G4;c.RISCO ALTO;HVI3;R03;G4 - BHV;R20;15;15;15;15;15;15
G4;b.RISCO NEUTRO;HVI3;R03;G4 - BHV;R21;15;15;15;15;15;15
G4;a.RISCO BAIXO;HVI3;R03;G4 - BHV;R21;15;15;15;15;15;15
G4;c.RISCO ALTO;HVI3;R03;G4 - BHV;R21;15;15;15;15;15;15
G4;b.RISCO NEUTRO;HVI3;R03;G4 - BHV;R22;15;15;15;15;15;15
G4;a.RISCO BAIXO;HVI3;R03;G4 - BHV;R22;15;15;15;15;15;15
G4;c.RISCO ALTO;HVI3;R03;G4 - BHV;R22;15;15;15;15;15;15
G4;b.RISCO NEUTRO;HVI3;R03;G4 - BHV;R23;15;15;15;15;15;15
G4;c.RISCO ALTO;HVI3;R03;G4 - BHV;R23;15;15;15;15;15;15
G4;a.RISCO BAIXO;HVI3;R03;G4 - BHV;R23;15;15;15;15;15;15
G4;b.RISCO NEUTRO;HVI3;R03;G4 - BHV;R24;15;15;15;15;15;15
G4;c.RISCO ALTO;HVI3;R03;G4 - BHV;R24;15;15;15;15;15;15
G4;a.RISCO BAIXO;HVI3;R03;G4 - BHV;R24;15;15;15;15;15;15
G4;c.RISCO ALTO;HVI3;R03;G4 - BHV;R25;15;15;15;15;15;15
G4;b.RISCO NEUTRO;HVI3;R03;G4 - BHV;R25;15;15;15;15;15;15
G4;a.RISCO BAIXO;HVI3;R03;G4 - BHV;R25;15;15;15;15;15;15
G4;b.RISCO NEUTRO;HVI3;R03;Restritivos;y. Sem Rest;15;15;15;15;15;15
G4;a.RISCO BAIXO;HVI3;R03;Restritivos;y. Sem Rest;15;15;15;15;15;15
G4;c.RISCO ALTO;HVI3;R03;Restritivos;y. Sem Rest;15;15;15;15;15;15
G4;c.RISCO ALTO;HVI3;R03;Restritivos;z. Com Rest;15;15;15;15;15;15
G4;b.RISCO NEUTRO;HVI3;R03;Restritivos;z. Com Rest;15;15;15;15;15;15
G4;a.RISCO BAIXO;HVI3;R03;Restritivos;z. Com Rest;15;15;15;15;15;15
G4;b.RISCO NEUTRO;HVI3;R04;G4 - BHV;R01;15;15;15;15;15;15
G4;c.RISCO ALTO;HVI3;R04;G4 - BHV;R01;15;15;15;15;15;15
G4;a.RISCO BAIXO;HVI3;R04;G4 - BHV;R01;15;15;15;15;15;15
G4;b.RISCO NEUTRO;HVI3;R04;G4 - BHV;R02;15;15;15;15;15;15
G4;c.RISCO ALTO;HVI3;R04;G4 - BHV;R02;15;15;15;15;15;15
G4;a.RISCO BAIXO;HVI3;R04;G4 - BHV;R02;15;15;15;15;15;15
G4;c.RISCO ALTO;HVI3;R04;G4 - BHV;R03;15;15;15;15;15;15
G4;b.RISCO NEUTRO;HVI3;R04;G4 - BHV;R03;15;15;15;15;15;15
G4;a.RISCO BAIXO;HVI3;R04;G4 - BHV;R03;15;15;15;15;15;15
G4;b.RISCO NEUTRO;HVI3;R04;G4 - BHV;R04;15;15;15;15;15;15
G4;c.RISCO ALTO;HVI3;R04;G4 - BHV;R04;15;15;15;15;15;15
G4;a.RISCO BAIXO;HVI3;R04;G4 - BHV;R04;15;15;15;15;15;15
G4;b.RISCO NEUTRO;HVI3;R04;G4 - BHV;R05;15;15;15;15;15;15
G4;c.RISCO ALTO;HVI3;R04;G4 - BHV;R05;15;15;15;15;15;15
G4;a.RISCO BAIXO;HVI3;R04;G4 - BHV;R05;15;15;15;15;15;15
G4;b.RISCO NEUTRO;HVI3;R04;G4 - BHV;R06;15;15;15;15;15;15
G4;c.RISCO ALTO;HVI3;R04;G4 - BHV;R06;15;15;15;15;15;15
G4;a.RISCO BAIXO;HVI3;R04;G4 - BHV;R06;15;15;15;15;15;15
G4;b.RISCO NEUTRO;HVI3;R04;G4 - BHV;R07;15;15;15;15;15;15
G4;c.RISCO ALTO;HVI3;R04;G4 - BHV;R07;15;15;15;15;15;15
G4;a.RISCO BAIXO;HVI3;R04;G4 - BHV;R07;15;15;15;15;15;15
G4;c.RISCO ALTO;HVI3;R04;G4 - BHV;R08;15;15;15;15;15;15
G4;a.RISCO BAIXO;HVI3;R04;G4 - BHV;R08;15;15;15;15;15;15
G4;b.RISCO NEUTRO;HVI3;R04;G4 - BHV;R08;15;15;15;15;15;15
G4;a.RISCO BAIXO;HVI3;R04;G4 - BHV;R09;15;15;15;15;15;15
G4;c.RISCO ALTO;HVI3;R04;G4 - BHV;R09;15;15;15;15;15;15
G4;b.RISCO NEUTRO;HVI3;R04;G4 - BHV;R09;15;15;15;15;15;15
G4;b.RISCO NEUTRO;HVI3;R04;G4 - BHV;R10;15;15;15;15;15;15
G4;c.RISCO ALTO;HVI3;R04;G4 - BHV;R10;15;15;15;15;15;15
G4;a.RISCO BAIXO;HVI3;R04;G4 - BHV;R10;15;15;15;15;15;15
G4;b.RISCO NEUTRO;HVI3;R04;G4 - BHV;R11;15;15;15;15;15;15
G4;c.RISCO ALTO;HVI3;R04;G4 - BHV;R11;15;15;15;15;15;15
G4;a.RISCO BAIXO;HVI3;R04;G4 - BHV;R11;15;15;15;15;15;15
G4;b.RISCO NEUTRO;HVI3;R04;G4 - BHV;R12;15;15;15;15;15;15
G4;a.RISCO BAIXO;HVI3;R04;G4 - BHV;R12;15;15;15;15;15;15
G4;c.RISCO ALTO;HVI3;R04;G4 - BHV;R12;15;15;15;15;15;15
G4;a.RISCO BAIXO;HVI3;R04;G4 - BHV;R13;15;15;15;15;15;15
G4;b.RISCO NEUTRO;HVI3;R04;G4 - BHV;R13;15;15;15;15;15;15
G4;c.RISCO ALTO;HVI3;R04;G4 - BHV;R13;15;15;15;15;15;15
G4;c.RISCO ALTO;HVI3;R04;G4 - BHV;R14;15;15;15;15;15;15
G4;b.RISCO NEUTRO;HVI3;R04;G4 - BHV;R14;15;15;15;15;15;15
G4;a.RISCO BAIXO;HVI3;R04;G4 - BHV;R14;15;15;15;15;15;15
G4;c.RISCO ALTO;HVI3;R04;G4 - BHV;R15;15;15;15;15;15;15
G4;b.RISCO NEUTRO;HVI3;R04;G4 - BHV;R15;15;15;15;15;15;15
G4;a.RISCO BAIXO;HVI3;R04;G4 - BHV;R15;15;15;15;15;15;15
G4;b.RISCO NEUTRO;HVI3;R04;G4 - BHV;R16;15;15;15;15;15;15
G4;a.RISCO BAIXO;HVI3;R04;G4 - BHV;R16;15;15;15;15;15;15
G4;c.RISCO ALTO;HVI3;R04;G4 - BHV;R16;15;15;15;15;15;15
G4;b.RISCO NEUTRO;HVI3;R04;G4 - BHV;R17;15;15;15;15;15;15
G4;c.RISCO ALTO;HVI3;R04;G4 - BHV;R17;15;15;15;15;15;15
G4;a.RISCO BAIXO;HVI3;R04;G4 - BHV;R17;15;15;15;15;15;15
G4;b.RISCO NEUTRO;HVI3;R04;G4 - BHV;R18;15;15;15;15;15;15
G4;a.RISCO BAIXO;HVI3;R04;G4 - BHV;R18;15;15;15;15;15;15
G4;c.RISCO ALTO;HVI3;R04;G4 - BHV;R18;15;15;15;15;15;15
G4;b.RISCO NEUTRO;HVI3;R04;G4 - BHV;R19;15;15;15;15;15;15
G4;a.RISCO BAIXO;HVI3;R04;G4 - BHV;R19;15;15;15;15;15;15
G4;c.RISCO ALTO;HVI3;R04;G4 - BHV;R19;15;15;15;15;15;15
G4;a.RISCO BAIXO;HVI3;R04;G4 - BHV;R20;15;15;15;15;15;0
G4;b.RISCO NEUTRO;HVI3;R04;G4 - BHV;R20;15;15;15;15;15;0
G4;c.RISCO ALTO;HVI3;R04;G4 - BHV;R20;15;15;15;15;15;0
G4;b.RISCO NEUTRO;HVI3;R04;G4 - BHV;R21;15;15;15;15;15;0
G4;a.RISCO BAIXO;HVI3;R04;G4 - BHV;R21;15;15;15;15;15;0
G4;c.RISCO ALTO;HVI3;R04;G4 - BHV;R21;15;15;15;15;15;0
G4;b.RISCO NEUTRO;HVI3;R04;G4 - BHV;R22;15;15;15;15;15;0
G4;c.RISCO ALTO;HVI3;R04;G4 - BHV;R22;15;15;15;15;15;0
G4;a.RISCO BAIXO;HVI3;R04;G4 - BHV;R22;15;15;15;15;15;0
G4;b.RISCO NEUTRO;HVI3;R04;G4 - BHV;R23;15;15;15;15;15;0
G4;a.RISCO BAIXO;HVI3;R04;G4 - BHV;R23;15;15;15;15;15;0
G4;c.RISCO ALTO;HVI3;R04;G4 - BHV;R23;15;15;15;15;15;0
G4;b.RISCO NEUTRO;HVI3;R04;G4 - BHV;R24;15;15;15;15;15;0
G4;c.RISCO ALTO;HVI3;R04;G4 - BHV;R24;15;15;15;15;15;0
G4;a.RISCO BAIXO;HVI3;R04;G4 - BHV;R24;15;15;15;15;15;0
G4;b.RISCO NEUTRO;HVI3;R04;G4 - BHV;R25;15;15;15;15;15;0
G4;a.RISCO BAIXO;HVI3;R04;G4 - BHV;R25;15;15;15;15;15;0
G4;c.RISCO ALTO;HVI3;R04;G4 - BHV;R25;15;15;15;15;15;0
G4;b.RISCO NEUTRO;HVI3;R04;Restritivos;y. Sem Rest;15;15;15;15;15;15
G4;c.RISCO ALTO;HVI3;R04;Restritivos;y. Sem Rest;15;15;15;15;15;15
G4;a.RISCO BAIXO;HVI3;R04;Restritivos;y. Sem Rest;15;15;15;15;15;15
G4;b.RISCO NEUTRO;HVI3;R04;Restritivos;z. Com Rest;15;15;15;15;15;15
G4;c.RISCO ALTO;HVI3;R04;Restritivos;z. Com Rest;15;15;15;15;15;15
G4;a.RISCO BAIXO;HVI3;R04;Restritivos;z. Com Rest;15;15;15;15;15;15
G4;b.RISCO NEUTRO;HVI3;R05;G4 - BHV;R01;15;15;15;15;15;15
G4;c.RISCO ALTO;HVI3;R05;G4 - BHV;R01;15;15;15;15;15;15
G4;a.RISCO BAIXO;HVI3;R05;G4 - BHV;R01;15;15;15;15;15;15
G4;b.RISCO NEUTRO;HVI3;R05;G4 - BHV;R02;15;15;15;15;15;15
G4;c.RISCO ALTO;HVI3;R05;G4 - BHV;R02;15;15;15;15;15;15
G4;a.RISCO BAIXO;HVI3;R05;G4 - BHV;R02;15;15;15;15;15;15
G4;c.RISCO ALTO;HVI3;R05;G4 - BHV;R03;15;15;15;15;15;15
G4;b.RISCO NEUTRO;HVI3;R05;G4 - BHV;R03;15;15;15;15;15;15
G4;a.RISCO BAIXO;HVI3;R05;G4 - BHV;R03;15;15;15;15;15;15
G4;b.RISCO NEUTRO;HVI3;R05;G4 - BHV;R04;15;15;15;15;15;15
G4;a.RISCO BAIXO;HVI3;R05;G4 - BHV;R04;15;15;15;15;15;15
G4;c.RISCO ALTO;HVI3;R05;G4 - BHV;R04;15;15;15;15;15;15
G4;b.RISCO NEUTRO;HVI3;R05;G4 - BHV;R05;15;15;15;15;15;15
G4;c.RISCO ALTO;HVI3;R05;G4 - BHV;R05;15;15;15;15;15;15
G4;a.RISCO BAIXO;HVI3;R05;G4 - BHV;R05;15;15;15;15;15;15
G4;b.RISCO NEUTRO;HVI3;R05;G4 - BHV;R06;15;15;15;15;15;15
G4;c.RISCO ALTO;HVI3;R05;G4 - BHV;R06;15;15;15;15;15;15
G4;a.RISCO BAIXO;HVI3;R05;G4 - BHV;R06;15;15;15;15;15;15
G4;c.RISCO ALTO;HVI3;R05;G4 - BHV;R07;15;15;15;15;15;15
G4;b.RISCO NEUTRO;HVI3;R05;G4 - BHV;R07;15;15;15;15;15;15
G4;a.RISCO BAIXO;HVI3;R05;G4 - BHV;R07;15;15;15;15;15;15
G4;b.RISCO NEUTRO;HVI3;R05;G4 - BHV;R08;15;15;15;15;15;15
G4;a.RISCO BAIXO;HVI3;R05;G4 - BHV;R08;15;15;15;15;15;15
G4;c.RISCO ALTO;HVI3;R05;G4 - BHV;R08;15;15;15;15;15;15
G4;c.RISCO ALTO;HVI3;R05;G4 - BHV;R09;15;15;15;15;15;15
G4;b.RISCO NEUTRO;HVI3;R05;G4 - BHV;R09;15;15;15;15;15;15
G4;a.RISCO BAIXO;HVI3;R05;G4 - BHV;R09;15;15;15;15;15;15
G4;b.RISCO NEUTRO;HVI3;R05;G4 - BHV;R10;15;15;15;15;15;15
G4;c.RISCO ALTO;HVI3;R05;G4 - BHV;R10;15;15;15;15;15;15
G4;a.RISCO BAIXO;HVI3;R05;G4 - BHV;R10;15;15;15;15;15;15
G4;b.RISCO NEUTRO;HVI3;R05;G4 - BHV;R11;15;15;15;15;15;15
G4;c.RISCO ALTO;HVI3;R05;G4 - BHV;R11;15;15;15;15;15;15
G4;a.RISCO BAIXO;HVI3;R05;G4 - BHV;R11;15;15;15;15;15;15
G4;b.RISCO NEUTRO;HVI3;R05;G4 - BHV;R12;15;15;15;15;15;15
G4;a.RISCO BAIXO;HVI3;R05;G4 - BHV;R12;15;15;15;15;15;15
G4;c.RISCO ALTO;HVI3;R05;G4 - BHV;R12;15;15;15;15;15;15
G4;c.RISCO ALTO;HVI3;R05;G4 - BHV;R13;15;15;15;15;15;15
G4;b.RISCO NEUTRO;HVI3;R05;G4 - BHV;R13;15;15;15;15;15;15
G4;a.RISCO BAIXO;HVI3;R05;G4 - BHV;R13;15;15;15;15;15;15
G4;b.RISCO NEUTRO;HVI3;R05;G4 - BHV;R14;15;15;15;15;15;15
G4;c.RISCO ALTO;HVI3;R05;G4 - BHV;R14;15;15;15;15;15;15
G4;a.RISCO BAIXO;HVI3;R05;G4 - BHV;R14;15;15;15;15;15;15
G4;b.RISCO NEUTRO;HVI3;R05;G4 - BHV;R15;15;15;15;15;15;15
G4;c.RISCO ALTO;HVI3;R05;G4 - BHV;R15;15;15;15;15;15;15
G4;a.RISCO BAIXO;HVI3;R05;G4 - BHV;R15;15;15;15;15;15;15
G4;b.RISCO NEUTRO;HVI3;R05;G4 - BHV;R16;15;15;15;15;15;15
G4;a.RISCO BAIXO;HVI3;R05;G4 - BHV;R16;15;15;15;15;15;15
G4;c.RISCO ALTO;HVI3;R05;G4 - BHV;R16;15;15;15;15;15;15
G4;b.RISCO NEUTRO;HVI3;R05;G4 - BHV;R17;15;15;15;15;15;15
G4;c.RISCO ALTO;HVI3;R05;G4 - BHV;R17;15;15;15;15;15;15
G4;a.RISCO BAIXO;HVI3;R05;G4 - BHV;R17;15;15;15;15;15;15
G4;b.RISCO NEUTRO;HVI3;R05;G4 - BHV;R18;15;15;15;15;15;15
G4;c.RISCO ALTO;HVI3;R05;G4 - BHV;R18;15;15;15;15;15;15
G4;a.RISCO BAIXO;HVI3;R05;G4 - BHV;R18;15;15;15;15;15;15
G4;c.RISCO ALTO;HVI3;R05;G4 - BHV;R19;15;15;15;15;15;15
G4;b.RISCO NEUTRO;HVI3;R05;G4 - BHV;R19;15;15;15;15;15;15
G4;a.RISCO BAIXO;HVI3;R05;G4 - BHV;R19;15;15;15;15;15;15
G4;b.RISCO NEUTRO;HVI3;R05;G4 - BHV;R20;15;15;15;15;15;0
G4;a.RISCO BAIXO;HVI3;R05;G4 - BHV;R20;15;15;15;15;15;0
G4;c.RISCO ALTO;HVI3;R05;G4 - BHV;R20;15;15;15;15;15;0
G4;a.RISCO BAIXO;HVI3;R05;G4 - BHV;R21;15;15;15;15;15;0
G4;b.RISCO NEUTRO;HVI3;R05;G4 - BHV;R21;15;15;15;15;15;0
G4;c.RISCO ALTO;HVI3;R05;G4 - BHV;R21;15;15;15;15;15;0
G4;b.RISCO NEUTRO;HVI3;R05;G4 - BHV;R22;15;15;15;15;15;0
G4;a.RISCO BAIXO;HVI3;R05;G4 - BHV;R22;15;15;15;15;15;0
G4;c.RISCO ALTO;HVI3;R05;G4 - BHV;R22;15;15;15;15;15;0
G4;b.RISCO NEUTRO;HVI3;R05;G4 - BHV;R23;15;15;15;15;15;0
G4;a.RISCO BAIXO;HVI3;R05;G4 - BHV;R23;15;15;15;15;15;0
G4;c.RISCO ALTO;HVI3;R05;G4 - BHV;R23;15;15;15;15;15;0
G4;b.RISCO NEUTRO;HVI3;R05;G4 - BHV;R24;15;15;15;15;15;0
G4;a.RISCO BAIXO;HVI3;R05;G4 - BHV;R24;15;15;15;15;15;0
G4;c.RISCO ALTO;HVI3;R05;G4 - BHV;R24;15;15;15;15;15;0
G4;a.RISCO BAIXO;HVI3;R05;G4 - BHV;R25;15;15;15;15;15;0
G4;c.RISCO ALTO;HVI3;R05;G4 - BHV;R25;15;15;15;15;15;0
G4;b.RISCO NEUTRO;HVI3;R05;G4 - BHV;R25;15;15;15;15;15;0
G4;a.RISCO BAIXO;HVI3;R05;Restritivos;y. Sem Rest;15;15;15;15;15;15
G4;b.RISCO NEUTRO;HVI3;R05;Restritivos;y. Sem Rest;15;15;15;15;15;15
G4;c.RISCO ALTO;HVI3;R05;Restritivos;y. Sem Rest;15;15;15;15;15;15
G4;b.RISCO NEUTRO;HVI3;R05;Restritivos;z. Com Rest;15;15;15;15;15;15
G4;a.RISCO BAIXO;HVI3;R05;Restritivos;z. Com Rest;15;15;15;15;15;15
G4;c.RISCO ALTO;HVI3;R05;Restritivos;z. Com Rest;15;15;15;15;15;15
G4;b.RISCO NEUTRO;HVI3;R06;G4 - BHV;R01;15;15;15;15;15;15
G4;a.RISCO BAIXO;HVI3;R06;G4 - BHV;R01;15;15;15;15;15;15
G4;c.RISCO ALTO;HVI3;R06;G4 - BHV;R01;15;15;15;15;15;15
G4;b.RISCO NEUTRO;HVI3;R06;G4 - BHV;R02;15;15;15;15;15;15
G4;a.RISCO BAIXO;HVI3;R06;G4 - BHV;R02;15;15;15;15;15;15
G4;c.RISCO ALTO;HVI3;R06;G4 - BHV;R02;15;15;15;15;15;15
G4;b.RISCO NEUTRO;HVI3;R06;G4 - BHV;R03;15;15;15;15;15;15
G4;a.RISCO BAIXO;HVI3;R06;G4 - BHV;R03;15;15;15;15;15;15
G4;c.RISCO ALTO;HVI3;R06;G4 - BHV;R03;15;15;15;15;15;15
G4;a.RISCO BAIXO;HVI3;R06;G4 - BHV;R04;15;15;15;15;15;15
G4;b.RISCO NEUTRO;HVI3;R06;G4 - BHV;R04;15;15;15;15;15;15
G4;c.RISCO ALTO;HVI3;R06;G4 - BHV;R04;15;15;15;15;15;15
G4;b.RISCO NEUTRO;HVI3;R06;G4 - BHV;R05;15;15;15;15;15;15
G4;c.RISCO ALTO;HVI3;R06;G4 - BHV;R05;15;15;15;15;15;15
G4;a.RISCO BAIXO;HVI3;R06;G4 - BHV;R05;15;15;15;15;15;15
G4;a.RISCO BAIXO;HVI3;R06;G4 - BHV;R06;15;15;15;15;15;15
G4;b.RISCO NEUTRO;HVI3;R06;G4 - BHV;R06;15;15;15;15;15;15
G4;c.RISCO ALTO;HVI3;R06;G4 - BHV;R06;15;15;15;15;15;15
G4;b.RISCO NEUTRO;HVI3;R06;G4 - BHV;R07;15;15;15;15;15;15
G4;a.RISCO BAIXO;HVI3;R06;G4 - BHV;R07;15;15;15;15;15;15
G4;c.RISCO ALTO;HVI3;R06;G4 - BHV;R07;15;15;15;15;15;15
G4;b.RISCO NEUTRO;HVI3;R06;G4 - BHV;R08;15;15;15;15;15;15
G4;c.RISCO ALTO;HVI3;R06;G4 - BHV;R08;15;15;15;15;15;15
G4;a.RISCO BAIXO;HVI3;R06;G4 - BHV;R08;15;15;15;15;15;15
G4;b.RISCO NEUTRO;HVI3;R06;G4 - BHV;R09;15;15;15;15;15;15
G4;c.RISCO ALTO;HVI3;R06;G4 - BHV;R09;15;15;15;15;15;15
G4;a.RISCO BAIXO;HVI3;R06;G4 - BHV;R09;15;15;15;15;15;15
G4;b.RISCO NEUTRO;HVI3;R06;G4 - BHV;R10;15;15;15;15;15;15
G4;a.RISCO BAIXO;HVI3;R06;G4 - BHV;R10;15;15;15;15;15;15
G4;c.RISCO ALTO;HVI3;R06;G4 - BHV;R10;15;15;15;15;15;15
G4;b.RISCO NEUTRO;HVI3;R06;G4 - BHV;R11;15;15;15;15;15;15
G4;a.RISCO BAIXO;HVI3;R06;G4 - BHV;R11;15;15;15;15;15;15
G4;c.RISCO ALTO;HVI3;R06;G4 - BHV;R11;15;15;15;15;15;15
G4;b.RISCO NEUTRO;HVI3;R06;G4 - BHV;R12;15;15;15;15;15;15
G4;c.RISCO ALTO;HVI3;R06;G4 - BHV;R12;15;15;15;15;15;15
G4;a.RISCO BAIXO;HVI3;R06;G4 - BHV;R12;15;15;15;15;15;15
G4;b.RISCO NEUTRO;HVI3;R06;G4 - BHV;R13;15;15;15;15;15;15
G4;a.RISCO BAIXO;HVI3;R06;G4 - BHV;R13;15;15;15;15;15;15
G4;c.RISCO ALTO;HVI3;R06;G4 - BHV;R13;15;15;15;15;15;15
G4;b.RISCO NEUTRO;HVI3;R06;G4 - BHV;R14;15;15;15;15;15;15
G4;a.RISCO BAIXO;HVI3;R06;G4 - BHV;R14;15;15;15;15;15;15
G4;c.RISCO ALTO;HVI3;R06;G4 - BHV;R14;15;15;15;15;15;15
G4;b.RISCO NEUTRO;HVI3;R06;G4 - BHV;R15;15;15;15;15;15;15
G4;c.RISCO ALTO;HVI3;R06;G4 - BHV;R15;15;15;15;15;15;15
G4;a.RISCO BAIXO;HVI3;R06;G4 - BHV;R15;15;15;15;15;15;15
G4;b.RISCO NEUTRO;HVI3;R06;G4 - BHV;R16;15;15;15;15;15;15
G4;c.RISCO ALTO;HVI3;R06;G4 - BHV;R16;15;15;15;15;15;15
G4;a.RISCO BAIXO;HVI3;R06;G4 - BHV;R16;15;15;15;15;15;15
G4;b.RISCO NEUTRO;HVI3;R06;G4 - BHV;R17;12;12;12;12;12;12
G4;a.RISCO BAIXO;HVI3;R06;G4 - BHV;R17;12;12;12;12;12;12
G4;c.RISCO ALTO;HVI3;R06;G4 - BHV;R17;12;12;12;12;12;12
G4;b.RISCO NEUTRO;HVI3;R06;G4 - BHV;R18;12;12;12;12;12;12
G4;a.RISCO BAIXO;HVI3;R06;G4 - BHV;R18;12;12;12;12;12;12
G4;c.RISCO ALTO;HVI3;R06;G4 - BHV;R18;12;12;12;12;12;12
G4;b.RISCO NEUTRO;HVI3;R06;G4 - BHV;R19;12;12;12;12;12;12
G4;a.RISCO BAIXO;HVI3;R06;G4 - BHV;R19;12;12;12;12;12;12
G4;c.RISCO ALTO;HVI3;R06;G4 - BHV;R19;12;12;12;12;12;12
G4;b.RISCO NEUTRO;HVI3;R06;G4 - BHV;R20;12;12;12;12;12;0
G4;a.RISCO BAIXO;HVI3;R06;G4 - BHV;R20;12;12;12;12;12;0
G4;c.RISCO ALTO;HVI3;R06;G4 - BHV;R20;12;12;12;12;12;0
G4;b.RISCO NEUTRO;HVI3;R06;G4 - BHV;R21;12;12;12;12;12;0
G4;a.RISCO BAIXO;HVI3;R06;G4 - BHV;R21;12;12;12;12;12;0
G4;c.RISCO ALTO;HVI3;R06;G4 - BHV;R21;12;12;12;12;12;0
G4;b.RISCO NEUTRO;HVI3;R06;G4 - BHV;R22;12;12;12;12;12;0
G4;c.RISCO ALTO;HVI3;R06;G4 - BHV;R22;12;12;12;12;12;0
G4;a.RISCO BAIXO;HVI3;R06;G4 - BHV;R22;12;12;12;12;12;0
G4;b.RISCO NEUTRO;HVI3;R06;G4 - BHV;R23;12;12;12;12;12;0
G4;c.RISCO ALTO;HVI3;R06;G4 - BHV;R23;12;12;12;12;12;0
G4;a.RISCO BAIXO;HVI3;R06;G4 - BHV;R23;12;12;12;12;12;0
G4;b.RISCO NEUTRO;HVI3;R06;G4 - BHV;R24;12;12;12;12;12;0
G4;a.RISCO BAIXO;HVI3;R06;G4 - BHV;R24;12;12;12;12;12;0
G4;c.RISCO ALTO;HVI3;R06;G4 - BHV;R24;12;12;12;12;12;0
G4;b.RISCO NEUTRO;HVI3;R06;G4 - BHV;R25;12;12;12;12;12;0
G4;c.RISCO ALTO;HVI3;R06;G4 - BHV;R25;12;12;12;12;12;0
G4;a.RISCO BAIXO;HVI3;R06;G4 - BHV;R25;12;12;12;12;12;0
G4;b.RISCO NEUTRO;HVI3;R06;Restritivos;y. Sem Rest;15;15;15;15;15;15
G4;a.RISCO BAIXO;HVI3;R06;Restritivos;y. Sem Rest;15;15;15;15;15;15
G4;c.RISCO ALTO;HVI3;R06;Restritivos;y. Sem Rest;15;15;15;15;15;15
G4;b.RISCO NEUTRO;HVI3;R06;Restritivos;z. Com Rest;15;15;15;15;15;15
G4;a.RISCO BAIXO;HVI3;R06;Restritivos;z. Com Rest;15;15;15;15;15;15
G4;c.RISCO ALTO;HVI3;R06;Restritivos;z. Com Rest;15;15;15;15;15;15
G4;b.RISCO NEUTRO;HVI3;R07;G4 - BHV;R01;15;15;15;15;15;15
G4;a.RISCO BAIXO;HVI3;R07;G4 - BHV;R01;15;15;15;15;15;15
G4;c.RISCO ALTO;HVI3;R07;G4 - BHV;R01;15;15;15;15;15;15
G4;a.RISCO BAIXO;HVI3;R07;G4 - BHV;R02;15;15;15;15;15;15
G4;b.RISCO NEUTRO;HVI3;R07;G4 - BHV;R02;15;15;15;15;15;15
G4;c.RISCO ALTO;HVI3;R07;G4 - BHV;R02;15;15;15;15;15;15
G4;b.RISCO NEUTRO;HVI3;R07;G4 - BHV;R03;15;15;15;15;15;15
G4;a.RISCO BAIXO;HVI3;R07;G4 - BHV;R03;15;15;15;15;15;15
G4;c.RISCO ALTO;HVI3;R07;G4 - BHV;R03;15;15;15;15;15;15
G4;a.RISCO BAIXO;HVI3;R07;G4 - BHV;R04;15;15;15;15;15;15
G4;b.RISCO NEUTRO;HVI3;R07;G4 - BHV;R04;15;15;15;15;15;15
G4;c.RISCO ALTO;HVI3;R07;G4 - BHV;R04;15;15;15;15;15;15
G4;b.RISCO NEUTRO;HVI3;R07;G4 - BHV;R05;15;15;15;15;15;15
G4;c.RISCO ALTO;HVI3;R07;G4 - BHV;R05;15;15;15;15;15;15
G4;a.RISCO BAIXO;HVI3;R07;G4 - BHV;R05;15;15;15;15;15;15
G4;b.RISCO NEUTRO;HVI3;R07;G4 - BHV;R06;15;15;15;15;15;15
G4;a.RISCO BAIXO;HVI3;R07;G4 - BHV;R06;15;15;15;15;15;15
G4;c.RISCO ALTO;HVI3;R07;G4 - BHV;R06;15;15;15;15;15;15
G4;a.RISCO BAIXO;HVI3;R07;G4 - BHV;R07;15;15;15;15;15;15
G4;b.RISCO NEUTRO;HVI3;R07;G4 - BHV;R07;15;15;15;15;15;15
G4;c.RISCO ALTO;HVI3;R07;G4 - BHV;R07;15;15;15;15;15;15
G4;a.RISCO BAIXO;HVI3;R07;G4 - BHV;R08;15;15;15;15;15;15
G4;b.RISCO NEUTRO;HVI3;R07;G4 - BHV;R08;15;15;15;15;15;15
G4;c.RISCO ALTO;HVI3;R07;G4 - BHV;R08;15;15;15;15;15;15
G4;b.RISCO NEUTRO;HVI3;R07;G4 - BHV;R09;15;15;15;15;15;15
G4;a.RISCO BAIXO;HVI3;R07;G4 - BHV;R09;15;15;15;15;15;15
G4;c.RISCO ALTO;HVI3;R07;G4 - BHV;R09;15;15;15;15;15;15
G4;b.RISCO NEUTRO;HVI3;R07;G4 - BHV;R10;15;15;15;15;15;15
G4;a.RISCO BAIXO;HVI3;R07;G4 - BHV;R10;15;15;15;15;15;15
G4;c.RISCO ALTO;HVI3;R07;G4 - BHV;R10;15;15;15;15;15;15
G4;b.RISCO NEUTRO;HVI3;R07;G4 - BHV;R11;15;15;15;15;15;15
G4;a.RISCO BAIXO;HVI3;R07;G4 - BHV;R11;15;15;15;15;15;15
G4;c.RISCO ALTO;HVI3;R07;G4 - BHV;R11;15;15;15;15;15;15
G4;b.RISCO NEUTRO;HVI3;R07;G4 - BHV;R12;15;15;15;15;15;15
G4;a.RISCO BAIXO;HVI3;R07;G4 - BHV;R12;15;15;15;15;15;15
G4;c.RISCO ALTO;HVI3;R07;G4 - BHV;R12;15;15;15;15;15;15
G4;a.RISCO BAIXO;HVI3;R07;G4 - BHV;R13;15;15;15;15;15;15
G4;b.RISCO NEUTRO;HVI3;R07;G4 - BHV;R13;15;15;15;15;15;15
G4;c.RISCO ALTO;HVI3;R07;G4 - BHV;R13;15;15;15;15;15;15
G4;b.RISCO NEUTRO;HVI3;R07;G4 - BHV;R14;15;15;15;15;15;15
G4;c.RISCO ALTO;HVI3;R07;G4 - BHV;R14;15;15;15;15;15;15
G4;a.RISCO BAIXO;HVI3;R07;G4 - BHV;R14;15;15;15;15;15;15
G4;b.RISCO NEUTRO;HVI3;R07;G4 - BHV;R15;15;15;15;15;15;15
G4;a.RISCO BAIXO;HVI3;R07;G4 - BHV;R15;15;15;15;15;15;15
G4;c.RISCO ALTO;HVI3;R07;G4 - BHV;R15;15;15;15;15;15;15
G4;b.RISCO NEUTRO;HVI3;R07;G4 - BHV;R16;15;15;15;15;15;15
G4;c.RISCO ALTO;HVI3;R07;G4 - BHV;R16;15;15;15;15;15;15
G4;a.RISCO BAIXO;HVI3;R07;G4 - BHV;R16;15;15;15;15;15;15
G4;a.RISCO BAIXO;HVI3;R07;G4 - BHV;R17;12;12;12;12;12;12
G4;b.RISCO NEUTRO;HVI3;R07;G4 - BHV;R17;12;12;12;12;12;12
G4;c.RISCO ALTO;HVI3;R07;G4 - BHV;R17;12;12;12;12;12;12
G4;b.RISCO NEUTRO;HVI3;R07;G4 - BHV;R18;12;12;12;12;12;12
G4;a.RISCO BAIXO;HVI3;R07;G4 - BHV;R18;12;12;12;12;12;12
G4;c.RISCO ALTO;HVI3;R07;G4 - BHV;R18;12;12;12;12;12;12
G4;b.RISCO NEUTRO;HVI3;R07;G4 - BHV;R19;12;12;12;12;12;12
G4;a.RISCO BAIXO;HVI3;R07;G4 - BHV;R19;12;12;12;12;12;12
G4;c.RISCO ALTO;HVI3;R07;G4 - BHV;R19;12;12;12;12;12;12
G4;b.RISCO NEUTRO;HVI3;R07;G4 - BHV;R20;12;12;12;12;12;0
G4;c.RISCO ALTO;HVI3;R07;G4 - BHV;R20;12;12;12;12;12;0
G4;a.RISCO BAIXO;HVI3;R07;G4 - BHV;R20;12;12;12;12;12;0
G4;c.RISCO ALTO;HVI3;R07;G4 - BHV;R21;12;12;12;12;12;0
G4;b.RISCO NEUTRO;HVI3;R07;G4 - BHV;R21;12;12;12;12;12;0
G4;a.RISCO BAIXO;HVI3;R07;G4 - BHV;R21;12;12;12;12;12;0
G4;b.RISCO NEUTRO;HVI3;R07;G4 - BHV;R22;12;12;12;12;12;0
G4;c.RISCO ALTO;HVI3;R07;G4 - BHV;R22;12;12;12;12;12;0
G4;a.RISCO BAIXO;HVI3;R07;G4 - BHV;R22;12;12;12;12;12;0
G4;b.RISCO NEUTRO;HVI3;R07;G4 - BHV;R23;12;12;12;12;12;0
G4;a.RISCO BAIXO;HVI3;R07;G4 - BHV;R23;12;12;12;12;12;0
G4;c.RISCO ALTO;HVI3;R07;G4 - BHV;R23;12;12;12;12;12;0
G4;b.RISCO NEUTRO;HVI3;R07;G4 - BHV;R24;12;12;12;12;12;0
G4;c.RISCO ALTO;HVI3;R07;G4 - BHV;R24;12;12;12;12;12;0
G4;a.RISCO BAIXO;HVI3;R07;G4 - BHV;R24;12;12;12;12;12;0
G4;b.RISCO NEUTRO;HVI3;R07;G4 - BHV;R25;12;12;12;12;12;0
G4;c.RISCO ALTO;HVI3;R07;G4 - BHV;R25;12;12;12;12;12;0
G4;a.RISCO BAIXO;HVI3;R07;G4 - BHV;R25;12;12;12;12;12;0
G4;b.RISCO NEUTRO;HVI3;R07;Restritivos;y. Sem Rest;15;15;15;15;15;15
G4;c.RISCO ALTO;HVI3;R07;Restritivos;y. Sem Rest;15;15;15;15;15;15
G4;a.RISCO BAIXO;HVI3;R07;Restritivos;y. Sem Rest;15;15;15;15;15;15
G4;b.RISCO NEUTRO;HVI3;R07;Restritivos;z. Com Rest;15;15;15;15;15;15
G4;a.RISCO BAIXO;HVI3;R07;Restritivos;z. Com Rest;15;15;15;15;15;15
G4;c.RISCO ALTO;HVI3;R07;Restritivos;z. Com Rest;15;15;15;15;15;15
G4;b.RISCO NEUTRO;HVI3;R08;G4 - BHV;R01;15;15;15;15;15;15
G4;c.RISCO ALTO;HVI3;R08;G4 - BHV;R01;15;15;15;15;15;15
G4;a.RISCO BAIXO;HVI3;R08;G4 - BHV;R01;15;15;15;15;15;15
G4;a.RISCO BAIXO;HVI3;R08;G4 - BHV;R02;15;15;15;15;15;15
G4;b.RISCO NEUTRO;HVI3;R08;G4 - BHV;R02;15;15;15;15;15;15
G4;c.RISCO ALTO;HVI3;R08;G4 - BHV;R02;15;15;15;15;15;15
G4;b.RISCO NEUTRO;HVI3;R08;G4 - BHV;R03;15;15;15;15;15;15
G4;a.RISCO BAIXO;HVI3;R08;G4 - BHV;R03;15;15;15;15;15;15
G4;c.RISCO ALTO;HVI3;R08;G4 - BHV;R03;15;15;15;15;15;15
G4;b.RISCO NEUTRO;HVI3;R08;G4 - BHV;R04;15;15;15;15;15;15
G4;c.RISCO ALTO;HVI3;R08;G4 - BHV;R04;15;15;15;15;15;15
G4;a.RISCO BAIXO;HVI3;R08;G4 - BHV;R04;15;15;15;15;15;15
G4;b.RISCO NEUTRO;HVI3;R08;G4 - BHV;R05;15;15;15;15;15;15
G4;c.RISCO ALTO;HVI3;R08;G4 - BHV;R05;15;15;15;15;15;15
G4;a.RISCO BAIXO;HVI3;R08;G4 - BHV;R05;15;15;15;15;15;15
G4;b.RISCO NEUTRO;HVI3;R08;G4 - BHV;R06;15;15;15;15;15;15
G4;a.RISCO BAIXO;HVI3;R08;G4 - BHV;R06;15;15;15;15;15;15
G4;c.RISCO ALTO;HVI3;R08;G4 - BHV;R06;15;15;15;15;15;15
G4;a.RISCO BAIXO;HVI3;R08;G4 - BHV;R07;15;15;15;15;15;15
G4;b.RISCO NEUTRO;HVI3;R08;G4 - BHV;R07;15;15;15;15;15;15
G4;c.RISCO ALTO;HVI3;R08;G4 - BHV;R07;15;15;15;15;15;15
G4;b.RISCO NEUTRO;HVI3;R08;G4 - BHV;R08;15;15;15;15;15;15
G4;c.RISCO ALTO;HVI3;R08;G4 - BHV;R08;15;15;15;15;15;15
G4;a.RISCO BAIXO;HVI3;R08;G4 - BHV;R08;15;15;15;15;15;15
G4;b.RISCO NEUTRO;HVI3;R08;G4 - BHV;R09;15;15;15;15;15;15
G4;c.RISCO ALTO;HVI3;R08;G4 - BHV;R09;15;15;15;15;15;15
G4;a.RISCO BAIXO;HVI3;R08;G4 - BHV;R09;15;15;15;15;15;15
G4;b.RISCO NEUTRO;HVI3;R08;G4 - BHV;R10;15;15;15;15;15;15
G4;a.RISCO BAIXO;HVI3;R08;G4 - BHV;R10;15;15;15;15;15;15
G4;c.RISCO ALTO;HVI3;R08;G4 - BHV;R10;15;15;15;15;15;15
G4;b.RISCO NEUTRO;HVI3;R08;G4 - BHV;R11;15;15;15;15;15;15
G4;a.RISCO BAIXO;HVI3;R08;G4 - BHV;R11;15;15;15;15;15;15
G4;c.RISCO ALTO;HVI3;R08;G4 - BHV;R11;15;15;15;15;15;15
G4;b.RISCO NEUTRO;HVI3;R08;G4 - BHV;R12;15;15;15;15;15;15
G4;a.RISCO BAIXO;HVI3;R08;G4 - BHV;R12;15;15;15;15;15;15
G4;c.RISCO ALTO;HVI3;R08;G4 - BHV;R12;15;15;15;15;15;15
G4;b.RISCO NEUTRO;HVI3;R08;G4 - BHV;R13;12;12;12;12;12;12
G4;c.RISCO ALTO;HVI3;R08;G4 - BHV;R13;12;12;12;12;12;12
G4;a.RISCO BAIXO;HVI3;R08;G4 - BHV;R13;12;12;12;12;12;12
G4;b.RISCO NEUTRO;HVI3;R08;G4 - BHV;R14;12;12;12;12;12;12
G4;c.RISCO ALTO;HVI3;R08;G4 - BHV;R14;12;12;12;12;12;12
G4;a.RISCO BAIXO;HVI3;R08;G4 - BHV;R14;12;12;12;12;12;12
G4;b.RISCO NEUTRO;HVI3;R08;G4 - BHV;R15;12;12;12;12;12;12
G4;a.RISCO BAIXO;HVI3;R08;G4 - BHV;R15;12;12;12;12;12;12
G4;c.RISCO ALTO;HVI3;R08;G4 - BHV;R15;12;12;12;12;12;12
G4;b.RISCO NEUTRO;HVI3;R08;G4 - BHV;R16;12;12;12;12;12;12
G4;c.RISCO ALTO;HVI3;R08;G4 - BHV;R16;12;12;12;12;12;12
G4;a.RISCO BAIXO;HVI3;R08;G4 - BHV;R16;12;12;12;12;12;12
G4;b.RISCO NEUTRO;HVI3;R08;G4 - BHV;R17;12;12;12;12;12;12
G4;a.RISCO BAIXO;HVI3;R08;G4 - BHV;R17;12;12;12;12;12;12
G4;c.RISCO ALTO;HVI3;R08;G4 - BHV;R17;12;12;12;12;12;12
G4;b.RISCO NEUTRO;HVI3;R08;G4 - BHV;R18;12;12;12;12;12;12
G4;c.RISCO ALTO;HVI3;R08;G4 - BHV;R18;12;12;12;12;12;12
G4;a.RISCO BAIXO;HVI3;R08;G4 - BHV;R18;12;12;12;12;12;12
G4;a.RISCO BAIXO;HVI3;R08;G4 - BHV;R19;12;12;12;12;12;12
G4;b.RISCO NEUTRO;HVI3;R08;G4 - BHV;R19;12;12;12;12;12;12
G4;c.RISCO ALTO;HVI3;R08;G4 - BHV;R19;12;12;12;12;12;12
G4;b.RISCO NEUTRO;HVI3;R08;G4 - BHV;R20;12;12;12;12;12;0
G4;a.RISCO BAIXO;HVI3;R08;G4 - BHV;R20;12;12;12;12;12;0
G4;c.RISCO ALTO;HVI3;R08;G4 - BHV;R20;12;12;12;12;12;0
G4;b.RISCO NEUTRO;HVI3;R08;G4 - BHV;R21;12;12;12;12;12;0
G4;c.RISCO ALTO;HVI3;R08;G4 - BHV;R21;12;12;12;12;12;0
G4;a.RISCO BAIXO;HVI3;R08;G4 - BHV;R21;12;12;12;12;12;0
G4;b.RISCO NEUTRO;HVI3;R08;G4 - BHV;R22;12;12;12;12;12;0
G4;a.RISCO BAIXO;HVI3;R08;G4 - BHV;R22;12;12;12;12;12;0
G4;c.RISCO ALTO;HVI3;R08;G4 - BHV;R22;12;12;12;12;12;0
G4;b.RISCO NEUTRO;HVI3;R08;G4 - BHV;R23;12;12;12;12;12;0
G4;a.RISCO BAIXO;HVI3;R08;G4 - BHV;R23;12;12;12;12;12;0
G4;c.RISCO ALTO;HVI3;R08;G4 - BHV;R23;12;12;12;12;12;0
G4;b.RISCO NEUTRO;HVI3;R08;G4 - BHV;R24;12;12;12;12;12;0
G4;a.RISCO BAIXO;HVI3;R08;G4 - BHV;R24;12;12;12;12;12;0
G4;c.RISCO ALTO;HVI3;R08;G4 - BHV;R24;12;12;12;12;12;0
G4;b.RISCO NEUTRO;HVI3;R08;G4 - BHV;R25;12;12;12;12;12;0
G4;c.RISCO ALTO;HVI3;R08;G4 - BHV;R25;12;12;12;12;12;0
G4;a.RISCO BAIXO;HVI3;R08;G4 - BHV;R25;12;12;12;12;12;0
G4;b.RISCO NEUTRO;HVI3;R08;Restritivos;y. Sem Rest;15;15;15;15;15;15
G4;c.RISCO ALTO;HVI3;R08;Restritivos;y. Sem Rest;15;15;15;15;15;15
G4;a.RISCO BAIXO;HVI3;R08;Restritivos;y. Sem Rest;15;15;15;15;15;15
G4;c.RISCO ALTO;HVI3;R08;Restritivos;z. Com Rest;12;12;12;12;12;12
G4;b.RISCO NEUTRO;HVI3;R08;Restritivos;z. Com Rest;12;12;12;12;12;12
G4;a.RISCO BAIXO;HVI3;R08;Restritivos;z. Com Rest;12;12;12;12;12;12
G4;b.RISCO NEUTRO;HVI3;R09;G4 - BHV;R01;15;15;15;15;15;15
G4;c.RISCO ALTO;HVI3;R09;G4 - BHV;R01;15;15;15;15;15;15
G4;a.RISCO BAIXO;HVI3;R09;G4 - BHV;R01;15;15;15;15;15;15
G4;b.RISCO NEUTRO;HVI3;R09;G4 - BHV;R02;15;15;15;15;15;15
G4;a.RISCO BAIXO;HVI3;R09;G4 - BHV;R02;15;15;15;15;15;15
G4;c.RISCO ALTO;HVI3;R09;G4 - BHV;R02;15;15;15;15;15;15
G4;b.RISCO NEUTRO;HVI3;R09;G4 - BHV;R03;15;15;15;15;15;15
G4;c.RISCO ALTO;HVI3;R09;G4 - BHV;R03;15;15;15;15;15;15
G4;a.RISCO BAIXO;HVI3;R09;G4 - BHV;R03;15;15;15;15;15;15
G4;b.RISCO NEUTRO;HVI3;R09;G4 - BHV;R04;15;15;15;15;15;15
G4;c.RISCO ALTO;HVI3;R09;G4 - BHV;R04;15;15;15;15;15;15
G4;a.RISCO BAIXO;HVI3;R09;G4 - BHV;R04;15;15;15;15;15;15
G4;b.RISCO NEUTRO;HVI3;R09;G4 - BHV;R05;15;15;15;15;15;15
G4;a.RISCO BAIXO;HVI3;R09;G4 - BHV;R05;15;15;15;15;15;15
G4;c.RISCO ALTO;HVI3;R09;G4 - BHV;R05;15;15;15;15;15;15
G4;b.RISCO NEUTRO;HVI3;R09;G4 - BHV;R06;15;15;15;15;15;15
G4;c.RISCO ALTO;HVI3;R09;G4 - BHV;R06;15;15;15;15;15;15
G4;a.RISCO BAIXO;HVI3;R09;G4 - BHV;R06;15;15;15;15;15;15
G4;b.RISCO NEUTRO;HVI3;R09;G4 - BHV;R07;15;15;15;15;15;15
G4;a.RISCO BAIXO;HVI3;R09;G4 - BHV;R07;15;15;15;15;15;15
G4;c.RISCO ALTO;HVI3;R09;G4 - BHV;R07;15;15;15;15;15;15
G4;b.RISCO NEUTRO;HVI3;R09;G4 - BHV;R08;15;15;15;15;15;15
G4;a.RISCO BAIXO;HVI3;R09;G4 - BHV;R08;15;15;15;15;15;15
G4;c.RISCO ALTO;HVI3;R09;G4 - BHV;R08;15;15;15;15;15;15
G4;b.RISCO NEUTRO;HVI3;R09;G4 - BHV;R09;12;12;12;12;12;12
G4;c.RISCO ALTO;HVI3;R09;G4 - BHV;R09;12;12;12;12;12;12
G4;a.RISCO BAIXO;HVI3;R09;G4 - BHV;R09;12;12;12;12;12;12
G4;b.RISCO NEUTRO;HVI3;R09;G4 - BHV;R10;12;12;12;12;12;12
G4;c.RISCO ALTO;HVI3;R09;G4 - BHV;R10;12;12;12;12;12;12
G4;a.RISCO BAIXO;HVI3;R09;G4 - BHV;R10;12;12;12;12;12;12
G4;b.RISCO NEUTRO;HVI3;R09;G4 - BHV;R11;12;12;12;12;12;12
G4;c.RISCO ALTO;HVI3;R09;G4 - BHV;R11;12;12;12;12;12;12
G4;a.RISCO BAIXO;HVI3;R09;G4 - BHV;R11;12;12;12;12;12;12
G4;b.RISCO NEUTRO;HVI3;R09;G4 - BHV;R12;12;12;12;12;12;12
G4;c.RISCO ALTO;HVI3;R09;G4 - BHV;R12;12;12;12;12;12;12
G4;a.RISCO BAIXO;HVI3;R09;G4 - BHV;R12;12;12;12;12;12;12
G4;b.RISCO NEUTRO;HVI3;R09;G4 - BHV;R13;12;12;12;12;12;12
G4;a.RISCO BAIXO;HVI3;R09;G4 - BHV;R13;12;12;12;12;12;12
G4;c.RISCO ALTO;HVI3;R09;G4 - BHV;R13;12;12;12;12;12;12
G4;c.RISCO ALTO;HVI3;R09;G4 - BHV;R14;12;12;12;12;12;12
G4;b.RISCO NEUTRO;HVI3;R09;G4 - BHV;R14;12;12;12;12;12;12
G4;a.RISCO BAIXO;HVI3;R09;G4 - BHV;R14;12;12;12;12;12;12
G4;b.RISCO NEUTRO;HVI3;R09;G4 - BHV;R15;12;12;12;12;12;12
G4;c.RISCO ALTO;HVI3;R09;G4 - BHV;R15;12;12;12;12;12;12
G4;a.RISCO BAIXO;HVI3;R09;G4 - BHV;R15;12;12;12;12;12;12
G4;b.RISCO NEUTRO;HVI3;R09;G4 - BHV;R16;12;12;12;12;12;12
G4;c.RISCO ALTO;HVI3;R09;G4 - BHV;R16;12;12;12;12;12;12
G4;a.RISCO BAIXO;HVI3;R09;G4 - BHV;R16;12;12;12;12;12;12
G4;b.RISCO NEUTRO;HVI3;R09;G4 - BHV;R17;12;12;12;12;12;12
G4;a.RISCO BAIXO;HVI3;R09;G4 - BHV;R17;12;12;12;12;12;12
G4;c.RISCO ALTO;HVI3;R09;G4 - BHV;R17;12;12;12;12;12;12
G4;c.RISCO ALTO;HVI3;R09;G4 - BHV;R18;12;12;12;12;12;12
G4;b.RISCO NEUTRO;HVI3;R09;G4 - BHV;R18;12;12;12;12;12;12
G4;a.RISCO BAIXO;HVI3;R09;G4 - BHV;R18;12;12;12;12;12;12
G4;b.RISCO NEUTRO;HVI3;R09;G4 - BHV;R19;12;12;12;12;12;12
G4;a.RISCO BAIXO;HVI3;R09;G4 - BHV;R19;12;12;12;12;12;12
G4;c.RISCO ALTO;HVI3;R09;G4 - BHV;R19;12;12;12;12;12;12
G4;b.RISCO NEUTRO;HVI3;R09;G4 - BHV;R20;12;12;12;12;12;0
G4;c.RISCO ALTO;HVI3;R09;G4 - BHV;R20;12;12;12;12;12;0
G4;a.RISCO BAIXO;HVI3;R09;G4 - BHV;R20;12;12;12;12;12;0
G4;b.RISCO NEUTRO;HVI3;R09;G4 - BHV;R21;12;12;12;12;12;0
G4;c.RISCO ALTO;HVI3;R09;G4 - BHV;R21;12;12;12;12;12;0
G4;a.RISCO BAIXO;HVI3;R09;G4 - BHV;R21;12;12;12;12;12;0
G4;b.RISCO NEUTRO;HVI3;R09;G4 - BHV;R22;12;12;12;12;12;0
G4;a.RISCO BAIXO;HVI3;R09;G4 - BHV;R22;12;12;12;12;12;0
G4;c.RISCO ALTO;HVI3;R09;G4 - BHV;R22;12;12;12;12;12;0
G4;b.RISCO NEUTRO;HVI3;R09;G4 - BHV;R23;12;12;12;12;12;0
G4;a.RISCO BAIXO;HVI3;R09;G4 - BHV;R23;12;12;12;12;12;0
G4;c.RISCO ALTO;HVI3;R09;G4 - BHV;R23;12;12;12;12;12;0
G4;b.RISCO NEUTRO;HVI3;R09;G4 - BHV;R24;12;12;12;12;12;0
G4;c.RISCO ALTO;HVI3;R09;G4 - BHV;R24;12;12;12;12;12;0
G4;a.RISCO BAIXO;HVI3;R09;G4 - BHV;R24;12;12;12;12;12;0
G4;b.RISCO NEUTRO;HVI3;R09;G4 - BHV;R25;12;12;12;12;12;0
G4;c.RISCO ALTO;HVI3;R09;G4 - BHV;R25;12;12;12;12;12;0
G4;a.RISCO BAIXO;HVI3;R09;G4 - BHV;R25;12;12;12;12;12;0
G4;c.RISCO ALTO;HVI3;R09;Restritivos;y. Sem Rest;12;12;12;12;12;12
G4;a.RISCO BAIXO;HVI3;R09;Restritivos;y. Sem Rest;12;12;12;12;12;12
G4;b.RISCO NEUTRO;HVI3;R09;Restritivos;y. Sem Rest;12;12;12;12;12;12
G4;b.RISCO NEUTRO;HVI3;R09;Restritivos;z. Com Rest;12;12;12;12;12;12
G4;a.RISCO BAIXO;HVI3;R09;Restritivos;z. Com Rest;12;12;12;12;12;12
G4;c.RISCO ALTO;HVI3;R09;Restritivos;z. Com Rest;12;12;12;12;12;12
G4;b.RISCO NEUTRO;HVI3;R10;G4 - BHV;R01;15;15;15;15;15;15
G4;a.RISCO BAIXO;HVI3;R10;G4 - BHV;R01;15;15;15;15;15;15
G4;c.RISCO ALTO;HVI3;R10;G4 - BHV;R01;15;15;15;15;15;15
G4;c.RISCO ALTO;HVI3;R10;G4 - BHV;R02;15;15;15;15;15;15
G4;b.RISCO NEUTRO;HVI3;R10;G4 - BHV;R02;15;15;15;15;15;15
G4;a.RISCO BAIXO;HVI3;R10;G4 - BHV;R02;15;15;15;15;15;15
G4;b.RISCO NEUTRO;HVI3;R10;G4 - BHV;R03;15;15;15;15;15;15
G4;c.RISCO ALTO;HVI3;R10;G4 - BHV;R03;15;15;15;15;15;15
G4;a.RISCO BAIXO;HVI3;R10;G4 - BHV;R03;15;15;15;15;15;15
G4;b.RISCO NEUTRO;HVI3;R10;G4 - BHV;R04;15;15;15;15;15;15
G4;c.RISCO ALTO;HVI3;R10;G4 - BHV;R04;15;15;15;15;15;15
G4;a.RISCO BAIXO;HVI3;R10;G4 - BHV;R04;15;15;15;15;15;15
G4;c.RISCO ALTO;HVI3;R10;G4 - BHV;R05;15;15;15;15;15;15
G4;b.RISCO NEUTRO;HVI3;R10;G4 - BHV;R05;15;15;15;15;15;15
G4;a.RISCO BAIXO;HVI3;R10;G4 - BHV;R05;15;15;15;15;15;15
G4;b.RISCO NEUTRO;HVI3;R10;G4 - BHV;R06;15;15;15;15;15;15
G4;c.RISCO ALTO;HVI3;R10;G4 - BHV;R06;15;15;15;15;15;15
G4;a.RISCO BAIXO;HVI3;R10;G4 - BHV;R06;15;15;15;15;15;15
G4;b.RISCO NEUTRO;HVI3;R10;G4 - BHV;R07;15;15;15;15;15;15
G4;c.RISCO ALTO;HVI3;R10;G4 - BHV;R07;15;15;15;15;15;15
G4;a.RISCO BAIXO;HVI3;R10;G4 - BHV;R07;15;15;15;15;15;15
G4;b.RISCO NEUTRO;HVI3;R10;G4 - BHV;R08;15;15;15;15;15;15
G4;c.RISCO ALTO;HVI3;R10;G4 - BHV;R08;15;15;15;15;15;15
G4;a.RISCO BAIXO;HVI3;R10;G4 - BHV;R08;15;15;15;15;15;15
G4;c.RISCO ALTO;HVI3;R10;G4 - BHV;R09;12;12;12;12;12;12
G4;b.RISCO NEUTRO;HVI3;R10;G4 - BHV;R09;12;12;12;12;12;12
G4;a.RISCO BAIXO;HVI3;R10;G4 - BHV;R09;12;12;12;12;12;12
G4;b.RISCO NEUTRO;HVI3;R10;G4 - BHV;R10;12;12;12;12;12;12
G4;c.RISCO ALTO;HVI3;R10;G4 - BHV;R10;12;12;12;12;12;12
G4;a.RISCO BAIXO;HVI3;R10;G4 - BHV;R10;12;12;12;12;12;12
G4;b.RISCO NEUTRO;HVI3;R10;G4 - BHV;R11;12;12;12;12;12;12
G4;c.RISCO ALTO;HVI3;R10;G4 - BHV;R11;12;12;12;12;12;12
G4;a.RISCO BAIXO;HVI3;R10;G4 - BHV;R11;12;12;12;12;12;12
G4;b.RISCO NEUTRO;HVI3;R10;G4 - BHV;R12;12;12;12;12;12;12
G4;a.RISCO BAIXO;HVI3;R10;G4 - BHV;R12;12;12;12;12;12;12
G4;c.RISCO ALTO;HVI3;R10;G4 - BHV;R12;12;12;12;12;12;12
G4;b.RISCO NEUTRO;HVI3;R10;G4 - BHV;R13;12;12;12;12;12;12
G4;a.RISCO BAIXO;HVI3;R10;G4 - BHV;R13;12;12;12;12;12;12
G4;c.RISCO ALTO;HVI3;R10;G4 - BHV;R13;12;12;12;12;12;12
G4;b.RISCO NEUTRO;HVI3;R10;G4 - BHV;R14;12;12;12;12;12;12
G4;a.RISCO BAIXO;HVI3;R10;G4 - BHV;R14;12;12;12;12;12;12
G4;c.RISCO ALTO;HVI3;R10;G4 - BHV;R14;12;12;12;12;12;12
G4;c.RISCO ALTO;HVI3;R10;G4 - BHV;R15;12;12;12;12;12;12
G4;b.RISCO NEUTRO;HVI3;R10;G4 - BHV;R15;12;12;12;12;12;12
G4;a.RISCO BAIXO;HVI3;R10;G4 - BHV;R15;12;12;12;12;12;12
G4;b.RISCO NEUTRO;HVI3;R10;G4 - BHV;R16;12;12;12;12;12;12
G4;a.RISCO BAIXO;HVI3;R10;G4 - BHV;R16;12;12;12;12;12;12
G4;c.RISCO ALTO;HVI3;R10;G4 - BHV;R16;12;12;12;12;12;12
G4;c.RISCO ALTO;HVI3;R10;G4 - BHV;R17;12;12;12;12;12;12
G4;b.RISCO NEUTRO;HVI3;R10;G4 - BHV;R17;12;12;12;12;12;12
G4;a.RISCO BAIXO;HVI3;R10;G4 - BHV;R17;12;12;12;12;12;12
G4;c.RISCO ALTO;HVI3;R10;G4 - BHV;R18;12;12;12;12;12;12
G4;b.RISCO NEUTRO;HVI3;R10;G4 - BHV;R18;12;12;12;12;12;12
G4;a.RISCO BAIXO;HVI3;R10;G4 - BHV;R18;12;12;12;12;12;12
G4;b.RISCO NEUTRO;HVI3;R10;G4 - BHV;R19;12;12;12;12;12;12
G4;c.RISCO ALTO;HVI3;R10;G4 - BHV;R19;12;12;12;12;12;12
G4;a.RISCO BAIXO;HVI3;R10;G4 - BHV;R19;12;12;12;12;12;12
G4;b.RISCO NEUTRO;HVI3;R10;G4 - BHV;R20;12;12;12;12;12;0
G4;c.RISCO ALTO;HVI3;R10;G4 - BHV;R20;12;12;12;12;12;0
G4;a.RISCO BAIXO;HVI3;R10;G4 - BHV;R20;12;12;12;12;12;0
G4;b.RISCO NEUTRO;HVI3;R10;G4 - BHV;R21;12;12;12;12;12;0
G4;c.RISCO ALTO;HVI3;R10;G4 - BHV;R21;12;12;12;12;12;0
G4;a.RISCO BAIXO;HVI3;R10;G4 - BHV;R21;12;12;12;12;12;0
G4;b.RISCO NEUTRO;HVI3;R10;G4 - BHV;R22;12;12;12;12;12;0
G4;a.RISCO BAIXO;HVI3;R10;G4 - BHV;R22;12;12;12;12;12;0
G4;c.RISCO ALTO;HVI3;R10;G4 - BHV;R22;12;12;12;12;12;0
G4;c.RISCO ALTO;HVI3;R10;G4 - BHV;R23;12;12;12;12;12;0
G4;b.RISCO NEUTRO;HVI3;R10;G4 - BHV;R23;12;12;12;12;12;0
G4;a.RISCO BAIXO;HVI3;R10;G4 - BHV;R23;12;12;12;12;12;0
G4;b.RISCO NEUTRO;HVI3;R10;G4 - BHV;R24;12;12;12;12;12;0
G4;c.RISCO ALTO;HVI3;R10;G4 - BHV;R24;12;12;12;12;12;0
G4;a.RISCO BAIXO;HVI3;R10;G4 - BHV;R24;12;12;12;12;12;0
G4;b.RISCO NEUTRO;HVI3;R10;G4 - BHV;R25;12;12;12;12;12;0
G4;a.RISCO BAIXO;HVI3;R10;G4 - BHV;R25;12;12;12;12;12;0
G4;c.RISCO ALTO;HVI3;R10;G4 - BHV;R25;12;12;12;12;12;0
G4;b.RISCO NEUTRO;HVI3;R10;Restritivos;y. Sem Rest;12;12;12;12;12;12
G4;c.RISCO ALTO;HVI3;R10;Restritivos;y. Sem Rest;12;12;12;12;12;12
G4;a.RISCO BAIXO;HVI3;R10;Restritivos;y. Sem Rest;12;12;12;12;12;12
G4;a.RISCO BAIXO;HVI3;R10;Restritivos;z. Com Rest;8;8;8;8;8;8
G4;b.RISCO NEUTRO;HVI3;R10;Restritivos;z. Com Rest;8;8;8;8;8;8
G4;c.RISCO ALTO;HVI3;R10;Restritivos;z. Com Rest;8;8;8;8;8;8
G4;b.RISCO NEUTRO;HVI3;R11;G4 - BHV;R01;12;12;12;12;12;12
G4;a.RISCO BAIXO;HVI3;R11;G4 - BHV;R01;12;12;12;12;12;12
G4;c.RISCO ALTO;HVI3;R11;G4 - BHV;R01;12;12;12;12;12;12
G4;b.RISCO NEUTRO;HVI3;R11;G4 - BHV;R02;12;12;12;12;12;12
G4;c.RISCO ALTO;HVI3;R11;G4 - BHV;R02;12;12;12;12;12;12
G4;a.RISCO BAIXO;HVI3;R11;G4 - BHV;R02;12;12;12;12;12;12
G4;b.RISCO NEUTRO;HVI3;R11;G4 - BHV;R03;12;12;12;12;12;12
G4;a.RISCO BAIXO;HVI3;R11;G4 - BHV;R03;12;12;12;12;12;12
G4;c.RISCO ALTO;HVI3;R11;G4 - BHV;R03;12;12;12;12;12;12
G4;b.RISCO NEUTRO;HVI3;R11;G4 - BHV;R04;12;12;12;12;12;12
G4;c.RISCO ALTO;HVI3;R11;G4 - BHV;R04;12;12;12;12;12;12
G4;a.RISCO BAIXO;HVI3;R11;G4 - BHV;R04;12;12;12;12;12;12
G4;c.RISCO ALTO;HVI3;R11;G4 - BHV;R05;12;12;12;12;12;12
G4;b.RISCO NEUTRO;HVI3;R11;G4 - BHV;R05;12;12;12;12;12;12
G4;a.RISCO BAIXO;HVI3;R11;G4 - BHV;R05;12;12;12;12;12;12
G4;b.RISCO NEUTRO;HVI3;R11;G4 - BHV;R06;12;12;12;12;12;12
G4;a.RISCO BAIXO;HVI3;R11;G4 - BHV;R06;12;12;12;12;12;12
G4;c.RISCO ALTO;HVI3;R11;G4 - BHV;R06;12;12;12;12;12;12
G4;b.RISCO NEUTRO;HVI3;R11;G4 - BHV;R07;12;12;12;12;12;12
G4;c.RISCO ALTO;HVI3;R11;G4 - BHV;R07;12;12;12;12;12;12
G4;a.RISCO BAIXO;HVI3;R11;G4 - BHV;R07;12;12;12;12;12;12
G4;b.RISCO NEUTRO;HVI3;R11;G4 - BHV;R08;12;12;12;12;12;12
G4;c.RISCO ALTO;HVI3;R11;G4 - BHV;R08;12;12;12;12;12;12
G4;a.RISCO BAIXO;HVI3;R11;G4 - BHV;R08;12;12;12;12;12;12
G4;c.RISCO ALTO;HVI3;R11;G4 - BHV;R09;12;12;12;12;12;12
G4;a.RISCO BAIXO;HVI3;R11;G4 - BHV;R09;12;12;12;12;12;12
G4;b.RISCO NEUTRO;HVI3;R11;G4 - BHV;R09;12;12;12;12;12;12
G4;b.RISCO NEUTRO;HVI3;R11;G4 - BHV;R10;12;12;12;12;12;12
G4;c.RISCO ALTO;HVI3;R11;G4 - BHV;R10;12;12;12;12;12;12
G4;a.RISCO BAIXO;HVI3;R11;G4 - BHV;R10;12;12;12;12;12;12
G4;b.RISCO NEUTRO;HVI3;R11;G4 - BHV;R11;12;12;12;12;12;12
G4;c.RISCO ALTO;HVI3;R11;G4 - BHV;R11;12;12;12;12;12;12
G4;a.RISCO BAIXO;HVI3;R11;G4 - BHV;R11;12;12;12;12;12;12
G4;b.RISCO NEUTRO;HVI3;R11;G4 - BHV;R12;12;12;12;12;12;12
G4;a.RISCO BAIXO;HVI3;R11;G4 - BHV;R12;12;12;12;12;12;12
G4;c.RISCO ALTO;HVI3;R11;G4 - BHV;R12;12;12;12;12;12;12
G4;b.RISCO NEUTRO;HVI3;R11;G4 - BHV;R13;12;12;12;12;12;12
G4;a.RISCO BAIXO;HVI3;R11;G4 - BHV;R13;12;12;12;12;12;12
G4;c.RISCO ALTO;HVI3;R11;G4 - BHV;R13;12;12;12;12;12;12
G4;b.RISCO NEUTRO;HVI3;R11;G4 - BHV;R14;12;12;12;12;12;12
G4;c.RISCO ALTO;HVI3;R11;G4 - BHV;R14;12;12;12;12;12;12
G4;a.RISCO BAIXO;HVI3;R11;G4 - BHV;R14;12;12;12;12;12;12
G4;b.RISCO NEUTRO;HVI3;R11;G4 - BHV;R15;12;12;12;12;12;12
G4;a.RISCO BAIXO;HVI3;R11;G4 - BHV;R15;12;12;12;12;12;12
G4;c.RISCO ALTO;HVI3;R11;G4 - BHV;R15;12;12;12;12;12;12
G4;b.RISCO NEUTRO;HVI3;R11;G4 - BHV;R16;12;12;12;12;12;12
G4;c.RISCO ALTO;HVI3;R11;G4 - BHV;R16;12;12;12;12;12;12
G4;a.RISCO BAIXO;HVI3;R11;G4 - BHV;R16;12;12;12;12;12;12
G4;b.RISCO NEUTRO;HVI3;R11;G4 - BHV;R17;12;12;12;12;12;12
G4;a.RISCO BAIXO;HVI3;R11;G4 - BHV;R17;12;12;12;12;12;12
G4;c.RISCO ALTO;HVI3;R11;G4 - BHV;R17;12;12;12;12;12;12
G4;b.RISCO NEUTRO;HVI3;R11;G4 - BHV;R18;12;12;12;12;12;12
G4;c.RISCO ALTO;HVI3;R11;G4 - BHV;R18;12;12;12;12;12;12
G4;a.RISCO BAIXO;HVI3;R11;G4 - BHV;R18;12;12;12;12;12;12
G4;b.RISCO NEUTRO;HVI3;R11;G4 - BHV;R19;12;12;12;12;12;12
G4;c.RISCO ALTO;HVI3;R11;G4 - BHV;R19;12;12;12;12;12;12
G4;a.RISCO BAIXO;HVI3;R11;G4 - BHV;R19;12;12;12;12;12;12
G4;b.RISCO NEUTRO;HVI3;R11;G4 - BHV;R20;12;12;12;12;12;0
G4;c.RISCO ALTO;HVI3;R11;G4 - BHV;R20;12;12;12;12;12;0
G4;a.RISCO BAIXO;HVI3;R11;G4 - BHV;R20;12;12;12;12;12;0
G4;b.RISCO NEUTRO;HVI3;R11;G4 - BHV;R21;12;12;12;12;12;0
G4;a.RISCO BAIXO;HVI3;R11;G4 - BHV;R21;12;12;12;12;12;0
G4;c.RISCO ALTO;HVI3;R11;G4 - BHV;R21;12;12;12;12;12;0
G4;b.RISCO NEUTRO;HVI3;R11;G4 - BHV;R22;12;12;12;12;12;0
G4;a.RISCO BAIXO;HVI3;R11;G4 - BHV;R22;12;12;12;12;12;0
G4;c.RISCO ALTO;HVI3;R11;G4 - BHV;R22;12;12;12;12;12;0
G4;b.RISCO NEUTRO;HVI3;R11;G4 - BHV;R23;12;12;12;12;12;0
G4;c.RISCO ALTO;HVI3;R11;G4 - BHV;R23;12;12;12;12;12;0
G4;a.RISCO BAIXO;HVI3;R11;G4 - BHV;R23;12;12;12;12;12;0
G4;a.RISCO BAIXO;HVI3;R11;G4 - BHV;R24;12;12;12;12;12;0
G4;b.RISCO NEUTRO;HVI3;R11;G4 - BHV;R24;12;12;12;12;12;0
G4;c.RISCO ALTO;HVI3;R11;G4 - BHV;R24;12;12;12;12;12;0
G4;b.RISCO NEUTRO;HVI3;R11;G4 - BHV;R25;12;12;12;12;12;0
G4;a.RISCO BAIXO;HVI3;R11;G4 - BHV;R25;12;12;12;12;12;0
G4;c.RISCO ALTO;HVI3;R11;G4 - BHV;R25;12;12;12;12;12;0
G4;b.RISCO NEUTRO;HVI3;R11;Restritivos;y. Sem Rest;8;8;8;8;8;8
G4;c.RISCO ALTO;HVI3;R11;Restritivos;y. Sem Rest;8;8;8;8;8;8
G4;a.RISCO BAIXO;HVI3;R11;Restritivos;y. Sem Rest;8;8;8;8;8;8
G4;b.RISCO NEUTRO;HVI3;R11;Restritivos;z. Com Rest;8;8;8;8;8;8
G4;c.RISCO ALTO;HVI3;R11;Restritivos;z. Com Rest;8;8;8;8;8;8
G4;a.RISCO BAIXO;HVI3;R11;Restritivos;z. Com Rest;8;8;8;8;8;8
G4;b.RISCO NEUTRO;HVI3;R12;G4 - BHV;R01;12;12;12;12;12;12
G4;c.RISCO ALTO;HVI3;R12;G4 - BHV;R01;12;12;12;12;12;12
G4;a.RISCO BAIXO;HVI3;R12;G4 - BHV;R01;12;12;12;12;12;12
G4;b.RISCO NEUTRO;HVI3;R12;G4 - BHV;R02;12;12;12;12;12;12
G4;c.RISCO ALTO;HVI3;R12;G4 - BHV;R02;12;12;12;12;12;12
G4;a.RISCO BAIXO;HVI3;R12;G4 - BHV;R02;12;12;12;12;12;12
G4;b.RISCO NEUTRO;HVI3;R12;G4 - BHV;R03;12;12;12;12;12;12
G4;a.RISCO BAIXO;HVI3;R12;G4 - BHV;R03;12;12;12;12;12;12
G4;c.RISCO ALTO;HVI3;R12;G4 - BHV;R03;12;12;12;12;12;12
G4;b.RISCO NEUTRO;HVI3;R12;G4 - BHV;R04;12;12;12;12;12;12
G4;a.RISCO BAIXO;HVI3;R12;G4 - BHV;R04;12;12;12;12;12;12
G4;c.RISCO ALTO;HVI3;R12;G4 - BHV;R04;12;12;12;12;12;12
G4;b.RISCO NEUTRO;HVI3;R12;G4 - BHV;R05;12;12;12;12;12;12
G4;c.RISCO ALTO;HVI3;R12;G4 - BHV;R05;12;12;12;12;12;12
G4;a.RISCO BAIXO;HVI3;R12;G4 - BHV;R05;12;12;12;12;12;12
G4;b.RISCO NEUTRO;HVI3;R12;G4 - BHV;R06;12;12;12;12;12;12
G4;a.RISCO BAIXO;HVI3;R12;G4 - BHV;R06;12;12;12;12;12;12
G4;c.RISCO ALTO;HVI3;R12;G4 - BHV;R06;12;12;12;12;12;12
G4;b.RISCO NEUTRO;HVI3;R12;G4 - BHV;R07;12;12;12;12;12;12
G4;c.RISCO ALTO;HVI3;R12;G4 - BHV;R07;12;12;12;12;12;12
G4;a.RISCO BAIXO;HVI3;R12;G4 - BHV;R07;12;12;12;12;12;12
G4;b.RISCO NEUTRO;HVI3;R12;G4 - BHV;R08;12;12;12;12;12;12
G4;c.RISCO ALTO;HVI3;R12;G4 - BHV;R08;12;12;12;12;12;12
G4;a.RISCO BAIXO;HVI3;R12;G4 - BHV;R08;12;12;12;12;12;12
G4;b.RISCO NEUTRO;HVI3;R12;G4 - BHV;R09;12;12;12;12;12;12
G4;a.RISCO BAIXO;HVI3;R12;G4 - BHV;R09;12;12;12;12;12;12
G4;c.RISCO ALTO;HVI3;R12;G4 - BHV;R09;12;12;12;12;12;12
G4;b.RISCO NEUTRO;HVI3;R12;G4 - BHV;R10;12;12;12;12;12;12
G4;a.RISCO BAIXO;HVI3;R12;G4 - BHV;R10;12;12;12;12;12;12
G4;c.RISCO ALTO;HVI3;R12;G4 - BHV;R10;12;12;12;12;12;12
G4;b.RISCO NEUTRO;HVI3;R12;G4 - BHV;R11;12;12;12;12;12;12
G4;c.RISCO ALTO;HVI3;R12;G4 - BHV;R11;12;12;12;12;12;12
G4;a.RISCO BAIXO;HVI3;R12;G4 - BHV;R11;12;12;12;12;12;12
G4;b.RISCO NEUTRO;HVI3;R12;G4 - BHV;R12;12;12;12;12;12;12
G4;c.RISCO ALTO;HVI3;R12;G4 - BHV;R12;12;12;12;12;12;12
G4;a.RISCO BAIXO;HVI3;R12;G4 - BHV;R12;12;12;12;12;12;12
G4;b.RISCO NEUTRO;HVI3;R12;G4 - BHV;R13;12;12;12;12;12;12
G4;c.RISCO ALTO;HVI3;R12;G4 - BHV;R13;12;12;12;12;12;12
G4;a.RISCO BAIXO;HVI3;R12;G4 - BHV;R13;12;12;12;12;12;12
G4;b.RISCO NEUTRO;HVI3;R12;G4 - BHV;R14;12;12;12;12;12;12
G4;c.RISCO ALTO;HVI3;R12;G4 - BHV;R14;12;12;12;12;12;12
G4;a.RISCO BAIXO;HVI3;R12;G4 - BHV;R14;12;12;12;12;12;12
G4;b.RISCO NEUTRO;HVI3;R12;G4 - BHV;R15;12;12;12;12;12;12
G4;c.RISCO ALTO;HVI3;R12;G4 - BHV;R15;12;12;12;12;12;12
G4;a.RISCO BAIXO;HVI3;R12;G4 - BHV;R15;12;12;12;12;12;12
G4;b.RISCO NEUTRO;HVI3;R12;G4 - BHV;R16;12;12;12;12;12;12
G4;c.RISCO ALTO;HVI3;R12;G4 - BHV;R16;12;12;12;12;12;12
G4;a.RISCO BAIXO;HVI3;R12;G4 - BHV;R16;12;12;12;12;12;12
G4;b.RISCO NEUTRO;HVI3;R12;G4 - BHV;R17;8;8;8;8;8;8
G4;c.RISCO ALTO;HVI3;R12;G4 - BHV;R17;8;8;8;8;8;8
G4;a.RISCO BAIXO;HVI3;R12;G4 - BHV;R17;8;8;8;8;8;8
G4;b.RISCO NEUTRO;HVI3;R12;G4 - BHV;R18;8;8;8;8;8;8
G4;c.RISCO ALTO;HVI3;R12;G4 - BHV;R18;8;8;8;8;8;8
G4;a.RISCO BAIXO;HVI3;R12;G4 - BHV;R18;8;8;8;8;8;8
G4;b.RISCO NEUTRO;HVI3;R12;G4 - BHV;R19;8;8;8;8;8;8
G4;c.RISCO ALTO;HVI3;R12;G4 - BHV;R19;8;8;8;8;8;8
G4;a.RISCO BAIXO;HVI3;R12;G4 - BHV;R19;8;8;8;8;8;8
G4;b.RISCO NEUTRO;HVI3;R12;G4 - BHV;R20;8;8;8;8;8;0
G4;c.RISCO ALTO;HVI3;R12;G4 - BHV;R20;8;8;8;8;8;0
G4;a.RISCO BAIXO;HVI3;R12;G4 - BHV;R20;8;8;8;8;8;0
G4;b.RISCO NEUTRO;HVI3;R12;G4 - BHV;R21;8;8;8;8;8;0
G4;a.RISCO BAIXO;HVI3;R12;G4 - BHV;R21;8;8;8;8;8;0
G4;c.RISCO ALTO;HVI3;R12;G4 - BHV;R21;8;8;8;8;8;0
G4;b.RISCO NEUTRO;HVI3;R12;G4 - BHV;R22;8;8;8;8;8;0
G4;c.RISCO ALTO;HVI3;R12;G4 - BHV;R22;8;8;8;8;8;0
G4;a.RISCO BAIXO;HVI3;R12;G4 - BHV;R22;8;8;8;8;8;0
G4;b.RISCO NEUTRO;HVI3;R12;G4 - BHV;R23;8;8;8;8;8;0
G4;c.RISCO ALTO;HVI3;R12;G4 - BHV;R23;8;8;8;8;8;0
G4;a.RISCO BAIXO;HVI3;R12;G4 - BHV;R23;8;8;8;8;8;0
G4;b.RISCO NEUTRO;HVI3;R12;G4 - BHV;R24;8;8;8;8;8;0
G4;c.RISCO ALTO;HVI3;R12;G4 - BHV;R24;8;8;8;8;8;0
G4;a.RISCO BAIXO;HVI3;R12;G4 - BHV;R24;8;8;8;8;8;0
G4;b.RISCO NEUTRO;HVI3;R12;G4 - BHV;R25;8;8;8;8;8;0
G4;c.RISCO ALTO;HVI3;R12;G4 - BHV;R25;8;8;8;8;8;0
G4;a.RISCO BAIXO;HVI3;R12;G4 - BHV;R25;8;8;8;8;8;0
G4;b.RISCO NEUTRO;HVI3;R12;Restritivos;y. Sem Rest;8;8;8;8;8;8
G4;c.RISCO ALTO;HVI3;R12;Restritivos;y. Sem Rest;8;8;8;8;8;8
G4;a.RISCO BAIXO;HVI3;R12;Restritivos;y. Sem Rest;8;8;8;8;8;8
G4;b.RISCO NEUTRO;HVI3;R12;Restritivos;z. Com Rest;8;8;8;8;8;8
G4;a.RISCO BAIXO;HVI3;R12;Restritivos;z. Com Rest;8;8;8;8;8;8
G4;c.RISCO ALTO;HVI3;R12;Restritivos;z. Com Rest;8;8;8;8;8;8
G4;b.RISCO NEUTRO;HVI3;R13;G4 - BHV;R01;12;12;12;12;12;12
G4;c.RISCO ALTO;HVI3;R13;G4 - BHV;R01;12;12;12;12;12;12
G4;a.RISCO BAIXO;HVI3;R13;G4 - BHV;R01;12;12;12;12;12;12
G4;b.RISCO NEUTRO;HVI3;R13;G4 - BHV;R02;12;12;12;12;12;12
G4;c.RISCO ALTO;HVI3;R13;G4 - BHV;R02;12;12;12;12;12;12
G4;a.RISCO BAIXO;HVI3;R13;G4 - BHV;R02;12;12;12;12;12;12
G4;b.RISCO NEUTRO;HVI3;R13;G4 - BHV;R03;12;12;12;12;12;12
G4;a.RISCO BAIXO;HVI3;R13;G4 - BHV;R03;12;12;12;12;12;12
G4;c.RISCO ALTO;HVI3;R13;G4 - BHV;R03;12;12;12;12;12;12
G4;b.RISCO NEUTRO;HVI3;R13;G4 - BHV;R04;12;12;12;12;12;12
G4;a.RISCO BAIXO;HVI3;R13;G4 - BHV;R04;12;12;12;12;12;12
G4;c.RISCO ALTO;HVI3;R13;G4 - BHV;R04;12;12;12;12;12;12
G4;a.RISCO BAIXO;HVI3;R13;G4 - BHV;R05;12;12;12;12;12;12
G4;b.RISCO NEUTRO;HVI3;R13;G4 - BHV;R05;12;12;12;12;12;12
G4;c.RISCO ALTO;HVI3;R13;G4 - BHV;R05;12;12;12;12;12;12
G4;b.RISCO NEUTRO;HVI3;R13;G4 - BHV;R06;12;12;12;12;12;12
G4;a.RISCO BAIXO;HVI3;R13;G4 - BHV;R06;12;12;12;12;12;12
G4;c.RISCO ALTO;HVI3;R13;G4 - BHV;R06;12;12;12;12;12;12
G4;b.RISCO NEUTRO;HVI3;R13;G4 - BHV;R07;12;12;12;12;12;12
G4;a.RISCO BAIXO;HVI3;R13;G4 - BHV;R07;12;12;12;12;12;12
G4;c.RISCO ALTO;HVI3;R13;G4 - BHV;R07;12;12;12;12;12;12
G4;b.RISCO NEUTRO;HVI3;R13;G4 - BHV;R08;12;12;12;12;12;12
G4;a.RISCO BAIXO;HVI3;R13;G4 - BHV;R08;12;12;12;12;12;12
G4;c.RISCO ALTO;HVI3;R13;G4 - BHV;R08;12;12;12;12;12;12
G4;b.RISCO NEUTRO;HVI3;R13;G4 - BHV;R09;12;12;12;12;12;12
G4;a.RISCO BAIXO;HVI3;R13;G4 - BHV;R09;12;12;12;12;12;12
G4;c.RISCO ALTO;HVI3;R13;G4 - BHV;R09;12;12;12;12;12;12
G4;b.RISCO NEUTRO;HVI3;R13;G4 - BHV;R10;12;12;12;12;12;12
G4;a.RISCO BAIXO;HVI3;R13;G4 - BHV;R10;12;12;12;12;12;12
G4;c.RISCO ALTO;HVI3;R13;G4 - BHV;R10;12;12;12;12;12;12
G4;b.RISCO NEUTRO;HVI3;R13;G4 - BHV;R11;12;12;12;12;12;12
G4;a.RISCO BAIXO;HVI3;R13;G4 - BHV;R11;12;12;12;12;12;12
G4;c.RISCO ALTO;HVI3;R13;G4 - BHV;R11;12;12;12;12;12;12
G4;b.RISCO NEUTRO;HVI3;R13;G4 - BHV;R12;12;12;12;12;12;12
G4;a.RISCO BAIXO;HVI3;R13;G4 - BHV;R12;12;12;12;12;12;12
G4;c.RISCO ALTO;HVI3;R13;G4 - BHV;R12;12;12;12;12;12;12
G4;b.RISCO NEUTRO;HVI3;R13;G4 - BHV;R13;12;12;12;12;12;12
G4;c.RISCO ALTO;HVI3;R13;G4 - BHV;R13;12;12;12;12;12;12
G4;a.RISCO BAIXO;HVI3;R13;G4 - BHV;R13;12;12;12;12;12;12
G4;b.RISCO NEUTRO;HVI3;R13;G4 - BHV;R14;12;12;12;12;12;12
G4;c.RISCO ALTO;HVI3;R13;G4 - BHV;R14;12;12;12;12;12;12
G4;a.RISCO BAIXO;HVI3;R13;G4 - BHV;R14;12;12;12;12;12;12
G4;b.RISCO NEUTRO;HVI3;R13;G4 - BHV;R15;12;12;12;12;12;12
G4;a.RISCO BAIXO;HVI3;R13;G4 - BHV;R15;12;12;12;12;12;12
G4;c.RISCO ALTO;HVI3;R13;G4 - BHV;R15;12;12;12;12;12;12
G4;b.RISCO NEUTRO;HVI3;R13;G4 - BHV;R16;12;12;12;12;12;12
G4;a.RISCO BAIXO;HVI3;R13;G4 - BHV;R16;12;12;12;12;12;12
G4;c.RISCO ALTO;HVI3;R13;G4 - BHV;R16;12;12;12;12;12;12
G4;b.RISCO NEUTRO;HVI3;R13;G4 - BHV;R17;8;8;8;8;8;8
G4;a.RISCO BAIXO;HVI3;R13;G4 - BHV;R17;8;8;8;8;8;8
G4;c.RISCO ALTO;HVI3;R13;G4 - BHV;R17;8;8;8;8;8;8
G4;b.RISCO NEUTRO;HVI3;R13;G4 - BHV;R18;8;8;8;8;8;8
G4;a.RISCO BAIXO;HVI3;R13;G4 - BHV;R18;8;8;8;8;8;8
G4;c.RISCO ALTO;HVI3;R13;G4 - BHV;R18;8;8;8;8;8;8
G4;b.RISCO NEUTRO;HVI3;R13;G4 - BHV;R19;8;8;8;8;8;8
G4;c.RISCO ALTO;HVI3;R13;G4 - BHV;R19;8;8;8;8;8;8
G4;a.RISCO BAIXO;HVI3;R13;G4 - BHV;R19;8;8;8;8;8;8
G4;b.RISCO NEUTRO;HVI3;R13;G4 - BHV;R20;8;8;8;8;8;0
G4;a.RISCO BAIXO;HVI3;R13;G4 - BHV;R20;8;8;8;8;8;0
G4;c.RISCO ALTO;HVI3;R13;G4 - BHV;R20;8;8;8;8;8;0
G4;b.RISCO NEUTRO;HVI3;R13;G4 - BHV;R21;8;8;8;8;8;0
G4;a.RISCO BAIXO;HVI3;R13;G4 - BHV;R21;8;8;8;8;8;0
G4;c.RISCO ALTO;HVI3;R13;G4 - BHV;R21;8;8;8;8;8;0
G4;b.RISCO NEUTRO;HVI3;R13;G4 - BHV;R22;8;8;8;8;8;0
G4;a.RISCO BAIXO;HVI3;R13;G4 - BHV;R22;8;8;8;8;8;0
G4;c.RISCO ALTO;HVI3;R13;G4 - BHV;R22;8;8;8;8;8;0
G4;b.RISCO NEUTRO;HVI3;R13;G4 - BHV;R23;8;8;8;8;8;0
G4;a.RISCO BAIXO;HVI3;R13;G4 - BHV;R23;8;8;8;8;8;0
G4;c.RISCO ALTO;HVI3;R13;G4 - BHV;R23;8;8;8;8;8;0
G4;b.RISCO NEUTRO;HVI3;R13;G4 - BHV;R24;8;8;8;8;8;0
G4;a.RISCO BAIXO;HVI3;R13;G4 - BHV;R24;8;8;8;8;8;0
G4;c.RISCO ALTO;HVI3;R13;G4 - BHV;R24;8;8;8;8;8;0
G4;b.RISCO NEUTRO;HVI3;R13;G4 - BHV;R25;8;8;8;8;8;0
G4;a.RISCO BAIXO;HVI3;R13;G4 - BHV;R25;8;8;8;8;8;0
G4;c.RISCO ALTO;HVI3;R13;G4 - BHV;R25;8;8;8;8;8;0
G4;b.RISCO NEUTRO;HVI3;R13;Restritivos;y. Sem Rest;8;8;8;8;8;8
G4;a.RISCO BAIXO;HVI3;R13;Restritivos;y. Sem Rest;8;8;8;8;8;8
G4;c.RISCO ALTO;HVI3;R13;Restritivos;y. Sem Rest;8;8;8;8;8;8
G4;b.RISCO NEUTRO;HVI3;R13;Restritivos;z. Com Rest;8;8;8;8;8;8
G4;a.RISCO BAIXO;HVI3;R13;Restritivos;z. Com Rest;8;8;8;8;8;8
G4;c.RISCO ALTO;HVI3;R13;Restritivos;z. Com Rest;8;8;8;8;8;8
G4;b.RISCO NEUTRO;HVI3;R14;G4 - BHV;R01;12;12;12;12;12;12
G4;a.RISCO BAIXO;HVI3;R14;G4 - BHV;R01;12;12;12;12;12;12
G4;c.RISCO ALTO;HVI3;R14;G4 - BHV;R01;12;12;12;12;12;12
G4;b.RISCO NEUTRO;HVI3;R14;G4 - BHV;R02;12;12;12;12;12;12
G4;a.RISCO BAIXO;HVI3;R14;G4 - BHV;R02;12;12;12;12;12;12
G4;c.RISCO ALTO;HVI3;R14;G4 - BHV;R02;12;12;12;12;12;12
G4;a.RISCO BAIXO;HVI3;R14;G4 - BHV;R03;12;12;12;12;12;12
G4;b.RISCO NEUTRO;HVI3;R14;G4 - BHV;R03;12;12;12;12;12;12
G4;c.RISCO ALTO;HVI3;R14;G4 - BHV;R03;12;12;12;12;12;12
G4;b.RISCO NEUTRO;HVI3;R14;G4 - BHV;R04;12;12;12;12;12;12
G4;a.RISCO BAIXO;HVI3;R14;G4 - BHV;R04;12;12;12;12;12;12
G4;c.RISCO ALTO;HVI3;R14;G4 - BHV;R04;12;12;12;12;12;12
G4;b.RISCO NEUTRO;HVI3;R14;G4 - BHV;R05;8;8;8;8;8;8
G4;a.RISCO BAIXO;HVI3;R14;G4 - BHV;R05;8;8;8;8;8;8
G4;c.RISCO ALTO;HVI3;R14;G4 - BHV;R05;8;8;8;8;8;8
G4;b.RISCO NEUTRO;HVI3;R14;G4 - BHV;R06;8;8;8;8;8;8
G4;a.RISCO BAIXO;HVI3;R14;G4 - BHV;R06;8;8;8;8;8;8
G4;c.RISCO ALTO;HVI3;R14;G4 - BHV;R06;8;8;8;8;8;8
G4;b.RISCO NEUTRO;HVI3;R14;G4 - BHV;R07;8;8;8;8;8;8
G4;a.RISCO BAIXO;HVI3;R14;G4 - BHV;R07;8;8;8;8;8;8
G4;c.RISCO ALTO;HVI3;R14;G4 - BHV;R07;8;8;8;8;8;8
G4;b.RISCO NEUTRO;HVI3;R14;G4 - BHV;R08;8;8;8;8;8;8
G4;a.RISCO BAIXO;HVI3;R14;G4 - BHV;R08;8;8;8;8;8;8
G4;c.RISCO ALTO;HVI3;R14;G4 - BHV;R08;8;8;8;8;8;8
G4;b.RISCO NEUTRO;HVI3;R14;G4 - BHV;R09;8;8;8;8;8;8
G4;a.RISCO BAIXO;HVI3;R14;G4 - BHV;R09;8;8;8;8;8;8
G4;c.RISCO ALTO;HVI3;R14;G4 - BHV;R09;8;8;8;8;8;8
G4;b.RISCO NEUTRO;HVI3;R14;G4 - BHV;R10;8;8;8;8;8;8
G4;a.RISCO BAIXO;HVI3;R14;G4 - BHV;R10;8;8;8;8;8;8
G4;c.RISCO ALTO;HVI3;R14;G4 - BHV;R10;8;8;8;8;8;8
G4;b.RISCO NEUTRO;HVI3;R14;G4 - BHV;R11;8;8;8;8;8;8
G4;a.RISCO BAIXO;HVI3;R14;G4 - BHV;R11;8;8;8;8;8;8
G4;c.RISCO ALTO;HVI3;R14;G4 - BHV;R11;8;8;8;8;8;8
G4;b.RISCO NEUTRO;HVI3;R14;G4 - BHV;R12;8;8;8;8;8;8
G4;a.RISCO BAIXO;HVI3;R14;G4 - BHV;R12;8;8;8;8;8;8
G4;c.RISCO ALTO;HVI3;R14;G4 - BHV;R12;8;8;8;8;8;8
G4;b.RISCO NEUTRO;HVI3;R14;G4 - BHV;R13;8;8;8;8;8;8
G4;a.RISCO BAIXO;HVI3;R14;G4 - BHV;R13;8;8;8;8;8;8
G4;c.RISCO ALTO;HVI3;R14;G4 - BHV;R13;8;8;8;8;8;8
G4;b.RISCO NEUTRO;HVI3;R14;G4 - BHV;R14;8;8;8;8;8;8
G4;a.RISCO BAIXO;HVI3;R14;G4 - BHV;R14;8;8;8;8;8;8
G4;c.RISCO ALTO;HVI3;R14;G4 - BHV;R14;8;8;8;8;8;8
G4;a.RISCO BAIXO;HVI3;R14;G4 - BHV;R15;8;8;8;8;8;8
G4;b.RISCO NEUTRO;HVI3;R14;G4 - BHV;R15;8;8;8;8;8;8
G4;c.RISCO ALTO;HVI3;R14;G4 - BHV;R15;8;8;8;8;8;8
G4;b.RISCO NEUTRO;HVI3;R14;G4 - BHV;R16;8;8;8;8;8;8
G4;a.RISCO BAIXO;HVI3;R14;G4 - BHV;R16;8;8;8;8;8;8
G4;c.RISCO ALTO;HVI3;R14;G4 - BHV;R16;8;8;8;8;8;8
G4;b.RISCO NEUTRO;HVI3;R14;G4 - BHV;R17;5;5;5;5;5;5
G4;a.RISCO BAIXO;HVI3;R14;G4 - BHV;R17;5;5;5;5;5;5
G4;c.RISCO ALTO;HVI3;R14;G4 - BHV;R17;5;5;5;5;5;5
G4;a.RISCO BAIXO;HVI3;R14;G4 - BHV;R18;5;5;5;5;5;5
G4;b.RISCO NEUTRO;HVI3;R14;G4 - BHV;R18;5;5;5;5;5;5
G4;c.RISCO ALTO;HVI3;R14;G4 - BHV;R18;5;5;5;5;5;5
G4;b.RISCO NEUTRO;HVI3;R14;G4 - BHV;R19;5;5;5;5;5;5
G4;a.RISCO BAIXO;HVI3;R14;G4 - BHV;R19;5;5;5;5;5;5
G4;c.RISCO ALTO;HVI3;R14;G4 - BHV;R19;5;5;5;5;5;5
G4;b.RISCO NEUTRO;HVI3;R14;G4 - BHV;R20;5;5;5;5;5;0
G4;c.RISCO ALTO;HVI3;R14;G4 - BHV;R20;5;5;5;5;5;0
G4;a.RISCO BAIXO;HVI3;R14;G4 - BHV;R20;5;5;5;5;5;0
G4;b.RISCO NEUTRO;HVI3;R14;G4 - BHV;R21;5;5;5;5;5;0
G4;a.RISCO BAIXO;HVI3;R14;G4 - BHV;R21;5;5;5;5;5;0
G4;c.RISCO ALTO;HVI3;R14;G4 - BHV;R21;5;5;5;5;5;0
G4;b.RISCO NEUTRO;HVI3;R14;G4 - BHV;R22;5;5;5;5;5;0
G4;a.RISCO BAIXO;HVI3;R14;G4 - BHV;R22;5;5;5;5;5;0
G4;c.RISCO ALTO;HVI3;R14;G4 - BHV;R22;5;5;5;5;5;0
G4;b.RISCO NEUTRO;HVI3;R14;G4 - BHV;R23;5;5;5;5;5;0
G4;a.RISCO BAIXO;HVI3;R14;G4 - BHV;R23;5;5;5;5;5;0
G4;c.RISCO ALTO;HVI3;R14;G4 - BHV;R23;5;5;5;5;5;0
G4;b.RISCO NEUTRO;HVI3;R14;G4 - BHV;R24;5;5;5;5;5;0
G4;a.RISCO BAIXO;HVI3;R14;G4 - BHV;R24;5;5;5;5;5;0
G4;c.RISCO ALTO;HVI3;R14;G4 - BHV;R24;5;5;5;5;5;0
G4;b.RISCO NEUTRO;HVI3;R14;G4 - BHV;R25;5;5;5;5;5;0
G4;a.RISCO BAIXO;HVI3;R14;G4 - BHV;R25;5;5;5;5;5;0
G4;c.RISCO ALTO;HVI3;R14;G4 - BHV;R25;5;5;5;5;5;0
G4;b.RISCO NEUTRO;HVI3;R14;Restritivos;y. Sem Rest;8;8;8;8;8;8
G4;a.RISCO BAIXO;HVI3;R14;Restritivos;y. Sem Rest;8;8;8;8;8;8
G4;c.RISCO ALTO;HVI3;R14;Restritivos;y. Sem Rest;8;8;8;8;8;8
G4;b.RISCO NEUTRO;HVI3;R14;Restritivos;z. Com Rest;5;5;5;5;5;5
G4;a.RISCO BAIXO;HVI3;R14;Restritivos;z. Com Rest;5;5;5;5;5;5
G4;c.RISCO ALTO;HVI3;R14;Restritivos;z. Com Rest;5;5;5;5;5;5
G4;b.RISCO NEUTRO;HVI3;R15;G4 - BHV;R01;12;12;12;0;12;12
G4;a.RISCO BAIXO;HVI3;R15;G4 - BHV;R01;12;12;12;0;12;12
G4;c.RISCO ALTO;HVI3;R15;G4 - BHV;R01;12;12;12;0;12;12
G4;b.RISCO NEUTRO;HVI3;R15;G4 - BHV;R02;12;12;12;0;12;12
G4;a.RISCO BAIXO;HVI3;R15;G4 - BHV;R02;12;12;12;0;12;12
G4;c.RISCO ALTO;HVI3;R15;G4 - BHV;R02;12;12;12;0;12;12
G4;b.RISCO NEUTRO;HVI3;R15;G4 - BHV;R03;12;12;12;0;12;12
G4;a.RISCO BAIXO;HVI3;R15;G4 - BHV;R03;12;12;12;0;12;12
G4;c.RISCO ALTO;HVI3;R15;G4 - BHV;R03;12;12;12;0;12;12
G4;b.RISCO NEUTRO;HVI3;R15;G4 - BHV;R04;12;12;12;0;12;12
G4;a.RISCO BAIXO;HVI3;R15;G4 - BHV;R04;12;12;12;0;12;12
G4;c.RISCO ALTO;HVI3;R15;G4 - BHV;R04;12;12;12;0;12;12
G4;b.RISCO NEUTRO;HVI3;R15;G4 - BHV;R05;8;8;8;0;8;8
G4;a.RISCO BAIXO;HVI3;R15;G4 - BHV;R05;8;8;8;0;8;8
G4;c.RISCO ALTO;HVI3;R15;G4 - BHV;R05;8;8;8;0;8;8
G4;b.RISCO NEUTRO;HVI3;R15;G4 - BHV;R06;8;8;8;0;8;8
G4;a.RISCO BAIXO;HVI3;R15;G4 - BHV;R06;8;8;8;0;8;8
G4;c.RISCO ALTO;HVI3;R15;G4 - BHV;R06;8;8;8;0;8;8
G4;b.RISCO NEUTRO;HVI3;R15;G4 - BHV;R07;8;8;8;0;8;8
G4;a.RISCO BAIXO;HVI3;R15;G4 - BHV;R07;8;8;8;0;8;8
G4;c.RISCO ALTO;HVI3;R15;G4 - BHV;R07;8;8;8;0;8;8
G4;b.RISCO NEUTRO;HVI3;R15;G4 - BHV;R08;8;8;8;0;8;8
G4;a.RISCO BAIXO;HVI3;R15;G4 - BHV;R08;8;8;8;0;8;8
G4;c.RISCO ALTO;HVI3;R15;G4 - BHV;R08;8;8;8;0;8;8
G4;b.RISCO NEUTRO;HVI3;R15;G4 - BHV;R09;8;8;8;0;8;8
G4;a.RISCO BAIXO;HVI3;R15;G4 - BHV;R09;8;8;8;0;8;8
G4;c.RISCO ALTO;HVI3;R15;G4 - BHV;R09;8;8;8;0;8;8
G4;b.RISCO NEUTRO;HVI3;R15;G4 - BHV;R10;8;8;8;0;8;8
G4;a.RISCO BAIXO;HVI3;R15;G4 - BHV;R10;8;8;8;0;8;8
G4;c.RISCO ALTO;HVI3;R15;G4 - BHV;R10;8;8;8;0;8;8
G4;b.RISCO NEUTRO;HVI3;R15;G4 - BHV;R11;8;8;8;0;8;8
G4;a.RISCO BAIXO;HVI3;R15;G4 - BHV;R11;8;8;8;0;8;8
G4;c.RISCO ALTO;HVI3;R15;G4 - BHV;R11;8;8;8;0;8;8
G4;a.RISCO BAIXO;HVI3;R15;G4 - BHV;R12;8;8;8;0;8;8
G4;b.RISCO NEUTRO;HVI3;R15;G4 - BHV;R12;8;8;8;0;8;8
G4;c.RISCO ALTO;HVI3;R15;G4 - BHV;R12;8;8;8;0;8;8
G4;b.RISCO NEUTRO;HVI3;R15;G4 - BHV;R13;8;8;8;0;8;8
G4;c.RISCO ALTO;HVI3;R15;G4 - BHV;R13;8;8;8;0;8;8
G4;a.RISCO BAIXO;HVI3;R15;G4 - BHV;R13;8;8;8;0;8;8
G4;b.RISCO NEUTRO;HVI3;R15;G4 - BHV;R14;8;8;8;0;8;8
G4;a.RISCO BAIXO;HVI3;R15;G4 - BHV;R14;8;8;8;0;8;8
G4;c.RISCO ALTO;HVI3;R15;G4 - BHV;R14;8;8;8;0;8;8
G4;b.RISCO NEUTRO;HVI3;R15;G4 - BHV;R15;8;8;8;0;8;8
G4;a.RISCO BAIXO;HVI3;R15;G4 - BHV;R15;8;8;8;0;8;8
G4;c.RISCO ALTO;HVI3;R15;G4 - BHV;R15;8;8;8;0;8;8
G4;b.RISCO NEUTRO;HVI3;R15;G4 - BHV;R16;8;8;8;0;8;8
G4;a.RISCO BAIXO;HVI3;R15;G4 - BHV;R16;8;8;8;0;8;8
G4;c.RISCO ALTO;HVI3;R15;G4 - BHV;R16;8;8;8;0;8;8
G4;b.RISCO NEUTRO;HVI3;R15;G4 - BHV;R17;5;5;5;0;5;5
G4;a.RISCO BAIXO;HVI3;R15;G4 - BHV;R17;5;5;5;0;5;5
G4;c.RISCO ALTO;HVI3;R15;G4 - BHV;R17;5;5;5;0;5;5
G4;b.RISCO NEUTRO;HVI3;R15;G4 - BHV;R18;5;5;5;0;5;5
G4;a.RISCO BAIXO;HVI3;R15;G4 - BHV;R18;5;5;5;0;5;5
G4;c.RISCO ALTO;HVI3;R15;G4 - BHV;R18;5;5;5;0;5;5
G4;b.RISCO NEUTRO;HVI3;R15;G4 - BHV;R19;5;5;5;0;5;5
G4;a.RISCO BAIXO;HVI3;R15;G4 - BHV;R19;5;5;5;0;5;5
G4;c.RISCO ALTO;HVI3;R15;G4 - BHV;R19;5;5;5;0;5;5
G4;b.RISCO NEUTRO;HVI3;R15;G4 - BHV;R20;5;5;5;0;5;0
G4;a.RISCO BAIXO;HVI3;R15;G4 - BHV;R20;5;5;5;0;5;0
G4;c.RISCO ALTO;HVI3;R15;G4 - BHV;R20;5;5;5;0;5;0
G4;c.RISCO ALTO;HVI3;R15;G4 - BHV;R21;5;5;5;0;5;0
G4;b.RISCO NEUTRO;HVI3;R15;G4 - BHV;R21;5;5;5;0;5;0
G4;a.RISCO BAIXO;HVI3;R15;G4 - BHV;R21;5;5;5;0;5;0
G4;b.RISCO NEUTRO;HVI3;R15;G4 - BHV;R22;5;5;5;0;5;0
G4;a.RISCO BAIXO;HVI3;R15;G4 - BHV;R22;5;5;5;0;5;0
G4;c.RISCO ALTO;HVI3;R15;G4 - BHV;R22;5;5;5;0;5;0
G4;b.RISCO NEUTRO;HVI3;R15;G4 - BHV;R23;5;5;5;0;5;0
G4;a.RISCO BAIXO;HVI3;R15;G4 - BHV;R23;5;5;5;0;5;0
G4;c.RISCO ALTO;HVI3;R15;G4 - BHV;R23;5;5;5;0;5;0
G4;b.RISCO NEUTRO;HVI3;R15;G4 - BHV;R24;5;5;5;0;5;0
G4;a.RISCO BAIXO;HVI3;R15;G4 - BHV;R24;5;5;5;0;5;0
G4;c.RISCO ALTO;HVI3;R15;G4 - BHV;R24;5;5;5;0;5;0
G4;b.RISCO NEUTRO;HVI3;R15;G4 - BHV;R25;5;5;5;0;5;0
G4;a.RISCO BAIXO;HVI3;R15;G4 - BHV;R25;5;5;5;0;5;0
G4;c.RISCO ALTO;HVI3;R15;G4 - BHV;R25;5;5;5;0;5;0
G4;b.RISCO NEUTRO;HVI3;R15;Restritivos;y. Sem Rest;5;5;5;0;5;5
G4;a.RISCO BAIXO;HVI3;R15;Restritivos;y. Sem Rest;5;5;5;0;5;5
G4;c.RISCO ALTO;HVI3;R15;Restritivos;y. Sem Rest;5;5;5;0;5;5
G4;a.RISCO BAIXO;HVI3;R15;Restritivos;z. Com Rest;5;5;5;0;5;5
G4;b.RISCO NEUTRO;HVI3;R15;Restritivos;z. Com Rest;5;5;5;0;5;5
G4;c.RISCO ALTO;HVI3;R15;Restritivos;z. Com Rest;5;5;5;0;5;5
G4;b.RISCO NEUTRO;HVI3;R16;G4 - BHV;R01;12;12;12;0;12;12
G4;a.RISCO BAIXO;HVI3;R16;G4 - BHV;R01;12;12;12;0;12;12
G4;c.RISCO ALTO;HVI3;R16;G4 - BHV;R01;12;12;12;0;12;12
G4;b.RISCO NEUTRO;HVI3;R16;G4 - BHV;R02;12;12;12;0;12;12
G4;a.RISCO BAIXO;HVI3;R16;G4 - BHV;R02;12;12;12;0;12;12
G4;c.RISCO ALTO;HVI3;R16;G4 - BHV;R02;12;12;12;0;12;12
G4;b.RISCO NEUTRO;HVI3;R16;G4 - BHV;R03;12;12;12;0;12;12
G4;a.RISCO BAIXO;HVI3;R16;G4 - BHV;R03;12;12;12;0;12;12
G4;c.RISCO ALTO;HVI3;R16;G4 - BHV;R03;12;12;12;0;12;12
G4;b.RISCO NEUTRO;HVI3;R16;G4 - BHV;R04;12;12;12;0;12;12
G4;a.RISCO BAIXO;HVI3;R16;G4 - BHV;R04;12;12;12;0;12;12
G4;c.RISCO ALTO;HVI3;R16;G4 - BHV;R04;12;12;12;0;12;12
G4;b.RISCO NEUTRO;HVI3;R16;G4 - BHV;R05;8;8;8;0;8;0
G4;a.RISCO BAIXO;HVI3;R16;G4 - BHV;R05;8;8;8;0;8;0
G4;c.RISCO ALTO;HVI3;R16;G4 - BHV;R05;8;8;8;0;8;0
G4;b.RISCO NEUTRO;HVI3;R16;G4 - BHV;R06;8;8;8;0;8;0
G4;a.RISCO BAIXO;HVI3;R16;G4 - BHV;R06;8;8;8;0;8;0
G4;c.RISCO ALTO;HVI3;R16;G4 - BHV;R06;8;8;8;0;8;0
G4;b.RISCO NEUTRO;HVI3;R16;G4 - BHV;R07;8;8;8;0;8;0
G4;a.RISCO BAIXO;HVI3;R16;G4 - BHV;R07;8;8;8;0;8;0
G4;c.RISCO ALTO;HVI3;R16;G4 - BHV;R07;8;8;8;0;8;0
G4;b.RISCO NEUTRO;HVI3;R16;G4 - BHV;R08;8;8;8;0;8;0
G4;a.RISCO BAIXO;HVI3;R16;G4 - BHV;R08;8;8;8;0;8;0
G4;c.RISCO ALTO;HVI3;R16;G4 - BHV;R08;8;8;8;0;8;0
G4;a.RISCO BAIXO;HVI3;R16;G4 - BHV;R09;8;8;8;0;8;0
G4;b.RISCO NEUTRO;HVI3;R16;G4 - BHV;R09;8;8;8;0;8;0
G4;c.RISCO ALTO;HVI3;R16;G4 - BHV;R09;8;8;8;0;8;0
G4;b.RISCO NEUTRO;HVI3;R16;G4 - BHV;R10;8;8;8;0;8;0
G4;a.RISCO BAIXO;HVI3;R16;G4 - BHV;R10;8;8;8;0;8;0
G4;c.RISCO ALTO;HVI3;R16;G4 - BHV;R10;8;8;8;0;8;0
G4;b.RISCO NEUTRO;HVI3;R16;G4 - BHV;R11;8;8;8;0;8;0
G4;a.RISCO BAIXO;HVI3;R16;G4 - BHV;R11;8;8;8;0;8;0
G4;c.RISCO ALTO;HVI3;R16;G4 - BHV;R11;8;8;8;0;8;0
G4;b.RISCO NEUTRO;HVI3;R16;G4 - BHV;R12;8;8;8;0;8;0
G4;a.RISCO BAIXO;HVI3;R16;G4 - BHV;R12;8;8;8;0;8;0
G4;c.RISCO ALTO;HVI3;R16;G4 - BHV;R12;8;8;8;0;8;0
G4;b.RISCO NEUTRO;HVI3;R16;G4 - BHV;R13;8;8;8;0;8;0
G4;a.RISCO BAIXO;HVI3;R16;G4 - BHV;R13;8;8;8;0;8;0
G4;c.RISCO ALTO;HVI3;R16;G4 - BHV;R13;8;8;8;0;8;0
G4;b.RISCO NEUTRO;HVI3;R16;G4 - BHV;R14;8;8;8;0;8;0
G4;a.RISCO BAIXO;HVI3;R16;G4 - BHV;R14;8;8;8;0;8;0
G4;c.RISCO ALTO;HVI3;R16;G4 - BHV;R14;8;8;8;0;8;0
G4;b.RISCO NEUTRO;HVI3;R16;G4 - BHV;R15;8;8;8;0;8;0
G4;a.RISCO BAIXO;HVI3;R16;G4 - BHV;R15;8;8;8;0;8;0
G4;c.RISCO ALTO;HVI3;R16;G4 - BHV;R15;8;8;8;0;8;0
G4;b.RISCO NEUTRO;HVI3;R16;G4 - BHV;R16;8;8;8;0;8;0
G4;a.RISCO BAIXO;HVI3;R16;G4 - BHV;R16;8;8;8;0;8;0
G4;c.RISCO ALTO;HVI3;R16;G4 - BHV;R16;8;8;8;0;8;0
G4;b.RISCO NEUTRO;HVI3;R16;G4 - BHV;R17;5;5;5;0;5;0
G4;a.RISCO BAIXO;HVI3;R16;G4 - BHV;R17;5;5;5;0;5;0
G4;c.RISCO ALTO;HVI3;R16;G4 - BHV;R17;5;5;5;0;5;0
G4;b.RISCO NEUTRO;HVI3;R16;G4 - BHV;R18;5;5;5;0;5;0
G4;a.RISCO BAIXO;HVI3;R16;G4 - BHV;R18;5;5;5;0;5;0
G4;c.RISCO ALTO;HVI3;R16;G4 - BHV;R18;5;5;5;0;5;0
G4;b.RISCO NEUTRO;HVI3;R16;G4 - BHV;R19;5;5;5;0;5;0
G4;a.RISCO BAIXO;HVI3;R16;G4 - BHV;R19;5;5;5;0;5;0
G4;c.RISCO ALTO;HVI3;R16;G4 - BHV;R19;5;5;5;0;5;0
G4;b.RISCO NEUTRO;HVI3;R16;G4 - BHV;R20;5;5;5;0;5;0
G4;a.RISCO BAIXO;HVI3;R16;G4 - BHV;R20;5;5;5;0;5;0
G4;c.RISCO ALTO;HVI3;R16;G4 - BHV;R20;5;5;5;0;5;0
G4;b.RISCO NEUTRO;HVI3;R16;G4 - BHV;R21;5;5;5;0;5;0
G4;a.RISCO BAIXO;HVI3;R16;G4 - BHV;R21;5;5;5;0;5;0
G4;c.RISCO ALTO;HVI3;R16;G4 - BHV;R21;5;5;5;0;5;0
G4;b.RISCO NEUTRO;HVI3;R16;G4 - BHV;R22;5;5;5;0;5;0
G4;a.RISCO BAIXO;HVI3;R16;G4 - BHV;R22;5;5;5;0;5;0
G4;c.RISCO ALTO;HVI3;R16;G4 - BHV;R22;5;5;5;0;5;0
G4;b.RISCO NEUTRO;HVI3;R16;G4 - BHV;R23;5;5;5;0;5;0
G4;a.RISCO BAIXO;HVI3;R16;G4 - BHV;R23;5;5;5;0;5;0
G4;c.RISCO ALTO;HVI3;R16;G4 - BHV;R23;5;5;5;0;5;0
G4;a.RISCO BAIXO;HVI3;R16;G4 - BHV;R24;5;5;5;0;5;0
G4;b.RISCO NEUTRO;HVI3;R16;G4 - BHV;R24;5;5;5;0;5;0
G4;c.RISCO ALTO;HVI3;R16;G4 - BHV;R24;5;5;5;0;5;0
G4;b.RISCO NEUTRO;HVI3;R16;G4 - BHV;R25;5;5;5;0;5;0
G4;a.RISCO BAIXO;HVI3;R16;G4 - BHV;R25;5;5;5;0;5;0
G4;c.RISCO ALTO;HVI3;R16;G4 - BHV;R25;5;5;5;0;5;0
G4;b.RISCO NEUTRO;HVI3;R16;Restritivos;y. Sem Rest;5;5;5;0;5;5
G4;a.RISCO BAIXO;HVI3;R16;Restritivos;y. Sem Rest;5;5;5;0;5;5
G4;c.RISCO ALTO;HVI3;R16;Restritivos;y. Sem Rest;5;5;5;0;5;5
G4;b.RISCO NEUTRO;HVI3;R16;Restritivos;z. Com Rest;5;5;5;0;5;5
G4;a.RISCO BAIXO;HVI3;R16;Restritivos;z. Com Rest;5;5;5;0;5;5
G4;c.RISCO ALTO;HVI3;R16;Restritivos;z. Com Rest;5;5;5;0;5;5
G4;b.RISCO NEUTRO;HVI3;R17;G4 - BHV;R01;12;12;12;0;12;12
G4;a.RISCO BAIXO;HVI3;R17;G4 - BHV;R01;12;12;12;0;12;12
G4;c.RISCO ALTO;HVI3;R17;G4 - BHV;R01;12;12;12;0;12;12
G4;b.RISCO NEUTRO;HVI3;R17;G4 - BHV;R02;12;12;12;0;12;12
G4;a.RISCO BAIXO;HVI3;R17;G4 - BHV;R02;12;12;12;0;12;12
G4;c.RISCO ALTO;HVI3;R17;G4 - BHV;R02;12;12;12;0;12;12
G4;b.RISCO NEUTRO;HVI3;R17;G4 - BHV;R03;12;12;12;0;12;12
G4;a.RISCO BAIXO;HVI3;R17;G4 - BHV;R03;12;12;12;0;12;12
G4;c.RISCO ALTO;HVI3;R17;G4 - BHV;R03;12;12;12;0;12;12
G4;b.RISCO NEUTRO;HVI3;R17;G4 - BHV;R04;12;12;12;0;12;12
G4;a.RISCO BAIXO;HVI3;R17;G4 - BHV;R04;12;12;12;0;12;12
G4;c.RISCO ALTO;HVI3;R17;G4 - BHV;R04;12;12;12;0;12;12
G4;b.RISCO NEUTRO;HVI3;R17;G4 - BHV;R05;5;5;5;0;5;0
G4;a.RISCO BAIXO;HVI3;R17;G4 - BHV;R05;5;5;5;0;5;0
G4;c.RISCO ALTO;HVI3;R17;G4 - BHV;R05;5;5;5;0;5;0
G4;b.RISCO NEUTRO;HVI3;R17;G4 - BHV;R06;5;5;5;0;5;0
G4;a.RISCO BAIXO;HVI3;R17;G4 - BHV;R06;5;5;5;0;5;0
G4;c.RISCO ALTO;HVI3;R17;G4 - BHV;R06;5;5;5;0;5;0
G4;b.RISCO NEUTRO;HVI3;R17;G4 - BHV;R07;5;5;5;0;5;0
G4;c.RISCO ALTO;HVI3;R17;G4 - BHV;R07;5;5;5;0;5;0
G4;a.RISCO BAIXO;HVI3;R17;G4 - BHV;R07;5;5;5;0;5;0
G4;b.RISCO NEUTRO;HVI3;R17;G4 - BHV;R08;5;5;5;0;5;0
G4;a.RISCO BAIXO;HVI3;R17;G4 - BHV;R08;5;5;5;0;5;0
G4;c.RISCO ALTO;HVI3;R17;G4 - BHV;R08;5;5;5;0;5;0
G4;b.RISCO NEUTRO;HVI3;R17;G4 - BHV;R09;5;5;5;0;5;0
G4;a.RISCO BAIXO;HVI3;R17;G4 - BHV;R09;5;5;5;0;5;0
G4;c.RISCO ALTO;HVI3;R17;G4 - BHV;R09;5;5;5;0;5;0
G4;b.RISCO NEUTRO;HVI3;R17;G4 - BHV;R10;5;5;5;0;5;0
G4;a.RISCO BAIXO;HVI3;R17;G4 - BHV;R10;5;5;5;0;5;0
G4;c.RISCO ALTO;HVI3;R17;G4 - BHV;R10;5;5;5;0;5;0
G4;b.RISCO NEUTRO;HVI3;R17;G4 - BHV;R11;5;5;5;0;5;0
G4;a.RISCO BAIXO;HVI3;R17;G4 - BHV;R11;5;5;5;0;5;0
G4;c.RISCO ALTO;HVI3;R17;G4 - BHV;R11;5;5;5;0;5;0
G4;b.RISCO NEUTRO;HVI3;R17;G4 - BHV;R12;5;5;5;0;5;0
G4;a.RISCO BAIXO;HVI3;R17;G4 - BHV;R12;5;5;5;0;5;0
G4;c.RISCO ALTO;HVI3;R17;G4 - BHV;R12;5;5;5;0;5;0
G4;b.RISCO NEUTRO;HVI3;R17;G4 - BHV;R13;5;5;5;0;5;0
G4;a.RISCO BAIXO;HVI3;R17;G4 - BHV;R13;5;5;5;0;5;0
G4;c.RISCO ALTO;HVI3;R17;G4 - BHV;R13;5;5;5;0;5;0
G4;b.RISCO NEUTRO;HVI3;R17;G4 - BHV;R14;5;5;5;0;5;0
G4;a.RISCO BAIXO;HVI3;R17;G4 - BHV;R14;5;5;5;0;5;0
G4;c.RISCO ALTO;HVI3;R17;G4 - BHV;R14;5;5;5;0;5;0
G4;b.RISCO NEUTRO;HVI3;R17;G4 - BHV;R15;5;5;5;0;5;0
G4;a.RISCO BAIXO;HVI3;R17;G4 - BHV;R15;5;5;5;0;5;0
G4;c.RISCO ALTO;HVI3;R17;G4 - BHV;R15;5;5;5;0;5;0
G4;b.RISCO NEUTRO;HVI3;R17;G4 - BHV;R16;5;5;5;0;5;0
G4;a.RISCO BAIXO;HVI3;R17;G4 - BHV;R16;5;5;5;0;5;0
G4;c.RISCO ALTO;HVI3;R17;G4 - BHV;R16;5;5;5;0;5;0
G4;b.RISCO NEUTRO;HVI3;R17;G4 - BHV;R17;5;5;5;0;5;0
G4;a.RISCO BAIXO;HVI3;R17;G4 - BHV;R17;5;5;5;0;5;0
G4;c.RISCO ALTO;HVI3;R17;G4 - BHV;R17;5;5;5;0;5;0
G4;b.RISCO NEUTRO;HVI3;R17;G4 - BHV;R18;5;5;5;0;5;0
G4;a.RISCO BAIXO;HVI3;R17;G4 - BHV;R18;5;5;5;0;5;0
G4;c.RISCO ALTO;HVI3;R17;G4 - BHV;R18;5;5;5;0;5;0
G4;b.RISCO NEUTRO;HVI3;R17;G4 - BHV;R19;5;5;5;0;5;0
G4;a.RISCO BAIXO;HVI3;R17;G4 - BHV;R19;5;5;5;0;5;0
G4;c.RISCO ALTO;HVI3;R17;G4 - BHV;R19;5;5;5;0;5;0
G4;b.RISCO NEUTRO;HVI3;R17;G4 - BHV;R20;5;5;5;0;5;0
G4;a.RISCO BAIXO;HVI3;R17;G4 - BHV;R20;5;5;5;0;5;0
G4;c.RISCO ALTO;HVI3;R17;G4 - BHV;R20;5;5;5;0;5;0
G4;b.RISCO NEUTRO;HVI3;R17;G4 - BHV;R21;5;5;5;0;5;0
G4;a.RISCO BAIXO;HVI3;R17;G4 - BHV;R21;5;5;5;0;5;0
G4;c.RISCO ALTO;HVI3;R17;G4 - BHV;R21;5;5;5;0;5;0
G4;b.RISCO NEUTRO;HVI3;R17;G4 - BHV;R22;5;5;5;0;5;0
G4;a.RISCO BAIXO;HVI3;R17;G4 - BHV;R22;5;5;5;0;5;0
G4;c.RISCO ALTO;HVI3;R17;G4 - BHV;R22;5;5;5;0;5;0
G4;b.RISCO NEUTRO;HVI3;R17;G4 - BHV;R23;5;5;5;0;5;0
G4;a.RISCO BAIXO;HVI3;R17;G4 - BHV;R23;5;5;5;0;5;0
G4;c.RISCO ALTO;HVI3;R17;G4 - BHV;R23;5;5;5;0;5;0
G4;b.RISCO NEUTRO;HVI3;R17;G4 - BHV;R24;5;5;5;0;5;0
G4;a.RISCO BAIXO;HVI3;R17;G4 - BHV;R24;5;5;5;0;5;0
G4;c.RISCO ALTO;HVI3;R17;G4 - BHV;R24;5;5;5;0;5;0
G4;b.RISCO NEUTRO;HVI3;R17;G4 - BHV;R25;5;5;5;0;5;0
G4;a.RISCO BAIXO;HVI3;R17;G4 - BHV;R25;5;5;5;0;5;0
G4;c.RISCO ALTO;HVI3;R17;G4 - BHV;R25;5;5;5;0;5;0
G4;b.RISCO NEUTRO;HVI3;R17;Restritivos;y. Sem Rest;5;5;5;0;5;5
G4;a.RISCO BAIXO;HVI3;R17;Restritivos;y. Sem Rest;5;5;5;0;5;5
G4;c.RISCO ALTO;HVI3;R17;Restritivos;y. Sem Rest;5;5;5;0;5;5
G4;b.RISCO NEUTRO;HVI3;R17;Restritivos;z. Com Rest;5;5;5;0;5;5
G4;a.RISCO BAIXO;HVI3;R17;Restritivos;z. Com Rest;5;5;5;0;5;5
G4;c.RISCO ALTO;HVI3;R17;Restritivos;z. Com Rest;5;5;5;0;5;5
G4;b.RISCO NEUTRO;HVI3;R18;G4 - BHV;R01;12;12;12;0;12;12
G4;a.RISCO BAIXO;HVI3;R18;G4 - BHV;R01;12;12;12;0;12;12
G4;c.RISCO ALTO;HVI3;R18;G4 - BHV;R01;12;12;12;0;12;12
G4;b.RISCO NEUTRO;HVI3;R18;G4 - BHV;R02;12;12;12;0;12;12
G4;a.RISCO BAIXO;HVI3;R18;G4 - BHV;R02;12;12;12;0;12;12
G4;c.RISCO ALTO;HVI3;R18;G4 - BHV;R02;12;12;12;0;12;12
G4;b.RISCO NEUTRO;HVI3;R18;G4 - BHV;R03;12;12;12;0;12;12
G4;a.RISCO BAIXO;HVI3;R18;G4 - BHV;R03;12;12;12;0;12;12
G4;c.RISCO ALTO;HVI3;R18;G4 - BHV;R03;12;12;12;0;12;12
G4;b.RISCO NEUTRO;HVI3;R18;G4 - BHV;R04;12;12;12;0;12;12
G4;a.RISCO BAIXO;HVI3;R18;G4 - BHV;R04;12;12;12;0;12;12
G4;c.RISCO ALTO;HVI3;R18;G4 - BHV;R04;12;12;12;0;12;12
G4;b.RISCO NEUTRO;HVI3;R18;G4 - BHV;R05;5;5;5;0;5;0
G4;a.RISCO BAIXO;HVI3;R18;G4 - BHV;R05;5;5;5;0;5;0
G4;c.RISCO ALTO;HVI3;R18;G4 - BHV;R05;5;5;5;0;5;0
G4;b.RISCO NEUTRO;HVI3;R18;G4 - BHV;R06;5;5;5;0;5;0
G4;a.RISCO BAIXO;HVI3;R18;G4 - BHV;R06;5;5;5;0;5;0
G4;c.RISCO ALTO;HVI3;R18;G4 - BHV;R06;5;5;5;0;5;0
G4;b.RISCO NEUTRO;HVI3;R18;G4 - BHV;R07;5;5;5;0;5;0
G4;a.RISCO BAIXO;HVI3;R18;G4 - BHV;R07;5;5;5;0;5;0
G4;c.RISCO ALTO;HVI3;R18;G4 - BHV;R07;5;5;5;0;5;0
G4;b.RISCO NEUTRO;HVI3;R18;G4 - BHV;R08;5;5;5;0;5;0
G4;a.RISCO BAIXO;HVI3;R18;G4 - BHV;R08;5;5;5;0;5;0
G4;c.RISCO ALTO;HVI3;R18;G4 - BHV;R08;5;5;5;0;5;0
G4;b.RISCO NEUTRO;HVI3;R18;G4 - BHV;R09;5;5;5;0;5;0
G4;a.RISCO BAIXO;HVI3;R18;G4 - BHV;R09;5;5;5;0;5;0
G4;c.RISCO ALTO;HVI3;R18;G4 - BHV;R09;5;5;5;0;5;0
G4;b.RISCO NEUTRO;HVI3;R18;G4 - BHV;R10;5;5;5;0;5;0
G4;a.RISCO BAIXO;HVI3;R18;G4 - BHV;R10;5;5;5;0;5;0
G4;c.RISCO ALTO;HVI3;R18;G4 - BHV;R10;5;5;5;0;5;0
G4;b.RISCO NEUTRO;HVI3;R18;G4 - BHV;R11;5;5;5;0;5;0
G4;a.RISCO BAIXO;HVI3;R18;G4 - BHV;R11;5;5;5;0;5;0
G4;c.RISCO ALTO;HVI3;R18;G4 - BHV;R11;5;5;5;0;5;0
G4;b.RISCO NEUTRO;HVI3;R18;G4 - BHV;R12;5;5;5;0;5;0
G4;a.RISCO BAIXO;HVI3;R18;G4 - BHV;R12;5;5;5;0;5;0
G4;c.RISCO ALTO;HVI3;R18;G4 - BHV;R12;5;5;5;0;5;0
G4;b.RISCO NEUTRO;HVI3;R18;G4 - BHV;R13;5;5;5;0;5;0
G4;a.RISCO BAIXO;HVI3;R18;G4 - BHV;R13;5;5;5;0;5;0
G4;c.RISCO ALTO;HVI3;R18;G4 - BHV;R13;5;5;5;0;5;0
G4;a.RISCO BAIXO;HVI3;R18;G4 - BHV;R14;5;5;5;0;5;0
G4;c.RISCO ALTO;HVI3;R18;G4 - BHV;R14;5;5;5;0;5;0
G4;b.RISCO NEUTRO;HVI3;R18;G4 - BHV;R14;5;5;5;0;5;0
G4;a.RISCO BAIXO;HVI3;R18;G4 - BHV;R15;5;5;5;0;5;0
G4;c.RISCO ALTO;HVI3;R18;G4 - BHV;R15;5;5;5;0;5;0
G4;b.RISCO NEUTRO;HVI3;R18;G4 - BHV;R15;5;5;5;0;5;0
G4;a.RISCO BAIXO;HVI3;R18;G4 - BHV;R16;5;5;5;0;5;0
G4;c.RISCO ALTO;HVI3;R18;G4 - BHV;R16;5;5;5;0;5;0
G4;b.RISCO NEUTRO;HVI3;R18;G4 - BHV;R16;5;5;5;0;5;0
G4;a.RISCO BAIXO;HVI3;R18;G4 - BHV;R17;5;5;5;0;5;0
G4;c.RISCO ALTO;HVI3;R18;G4 - BHV;R17;5;5;5;0;5;0
G4;b.RISCO NEUTRO;HVI3;R18;G4 - BHV;R17;5;5;5;0;5;0
G4;a.RISCO BAIXO;HVI3;R18;G4 - BHV;R18;5;5;5;0;5;0
G4;c.RISCO ALTO;HVI3;R18;G4 - BHV;R18;5;5;5;0;5;0
G4;b.RISCO NEUTRO;HVI3;R18;G4 - BHV;R18;5;5;5;0;5;0
G4;c.RISCO ALTO;HVI3;R18;G4 - BHV;R19;5;5;5;0;5;0
G4;a.RISCO BAIXO;HVI3;R18;G4 - BHV;R19;5;5;5;0;5;0
G4;b.RISCO NEUTRO;HVI3;R18;G4 - BHV;R19;5;5;5;0;5;0
G4;a.RISCO BAIXO;HVI3;R18;G4 - BHV;R20;5;5;5;0;5;0
G4;c.RISCO ALTO;HVI3;R18;G4 - BHV;R20;5;5;5;0;5;0
G4;b.RISCO NEUTRO;HVI3;R18;G4 - BHV;R20;5;5;5;0;5;0
G4;a.RISCO BAIXO;HVI3;R18;G4 - BHV;R21;5;5;5;0;5;0
G4;c.RISCO ALTO;HVI3;R18;G4 - BHV;R21;5;5;5;0;5;0
G4;b.RISCO NEUTRO;HVI3;R18;G4 - BHV;R21;5;5;5;0;5;0
G4;a.RISCO BAIXO;HVI3;R18;G4 - BHV;R22;5;5;5;0;5;0
G4;c.RISCO ALTO;HVI3;R18;G4 - BHV;R22;5;5;5;0;5;0
G4;b.RISCO NEUTRO;HVI3;R18;G4 - BHV;R22;5;5;5;0;5;0
G4;a.RISCO BAIXO;HVI3;R18;G4 - BHV;R23;5;5;5;0;5;0
G4;c.RISCO ALTO;HVI3;R18;G4 - BHV;R23;5;5;5;0;5;0
G4;b.RISCO NEUTRO;HVI3;R18;G4 - BHV;R23;5;5;5;0;5;0
G4;a.RISCO BAIXO;HVI3;R18;G4 - BHV;R24;5;5;5;0;5;0
G4;c.RISCO ALTO;HVI3;R18;G4 - BHV;R24;5;5;5;0;5;0
G4;b.RISCO NEUTRO;HVI3;R18;G4 - BHV;R24;5;5;5;0;5;0
G4;a.RISCO BAIXO;HVI3;R18;G4 - BHV;R25;5;5;5;0;5;0
G4;c.RISCO ALTO;HVI3;R18;G4 - BHV;R25;5;5;5;0;5;0
G4;b.RISCO NEUTRO;HVI3;R18;G4 - BHV;R25;5;5;5;0;5;0
G4;a.RISCO BAIXO;HVI3;R18;Restritivos;y. Sem Rest;5;5;5;0;5;5
G4;c.RISCO ALTO;HVI3;R18;Restritivos;y. Sem Rest;5;5;5;0;5;5
G4;b.RISCO NEUTRO;HVI3;R18;Restritivos;y. Sem Rest;5;5;5;0;5;5
G4;a.RISCO BAIXO;HVI3;R18;Restritivos;z. Com Rest;5;5;5;0;5;5
G4;c.RISCO ALTO;HVI3;R18;Restritivos;z. Com Rest;5;5;5;0;5;5
G4;b.RISCO NEUTRO;HVI3;R18;Restritivos;z. Com Rest;5;5;5;0;5;5
G4;a.RISCO BAIXO;HVI3;R19;G4 - BHV;R01;12;12;12;0;12;12
G4;c.RISCO ALTO;HVI3;R19;G4 - BHV;R01;12;12;12;0;12;12
G4;b.RISCO NEUTRO;HVI3;R19;G4 - BHV;R01;12;12;12;0;12;12
G4;a.RISCO BAIXO;HVI3;R19;G4 - BHV;R02;12;12;12;0;12;12
G4;c.RISCO ALTO;HVI3;R19;G4 - BHV;R02;12;12;12;0;12;12
G4;b.RISCO NEUTRO;HVI3;R19;G4 - BHV;R02;12;12;12;0;12;12
G4;a.RISCO BAIXO;HVI3;R19;G4 - BHV;R03;12;12;12;0;12;12
G4;c.RISCO ALTO;HVI3;R19;G4 - BHV;R03;12;12;12;0;12;12
G4;b.RISCO NEUTRO;HVI3;R19;G4 - BHV;R03;12;12;12;0;12;12
G4;a.RISCO BAIXO;HVI3;R19;G4 - BHV;R04;12;12;12;0;12;12
G4;c.RISCO ALTO;HVI3;R19;G4 - BHV;R04;12;12;12;0;12;12
G4;b.RISCO NEUTRO;HVI3;R19;G4 - BHV;R04;12;12;12;0;12;12
G4;a.RISCO BAIXO;HVI3;R19;G4 - BHV;R05;5;5;5;0;5;0
G4;c.RISCO ALTO;HVI3;R19;G4 - BHV;R05;5;5;5;0;5;0
G4;b.RISCO NEUTRO;HVI3;R19;G4 - BHV;R05;5;5;5;0;5;0
G4;a.RISCO BAIXO;HVI3;R19;G4 - BHV;R06;5;5;5;0;5;0
G4;c.RISCO ALTO;HVI3;R19;G4 - BHV;R06;5;5;5;0;5;0
G4;b.RISCO NEUTRO;HVI3;R19;G4 - BHV;R06;5;5;5;0;5;0
G4;a.RISCO BAIXO;HVI3;R19;G4 - BHV;R07;5;5;5;0;5;0
G4;c.RISCO ALTO;HVI3;R19;G4 - BHV;R07;5;5;5;0;5;0
G4;b.RISCO NEUTRO;HVI3;R19;G4 - BHV;R07;5;5;5;0;5;0
G4;a.RISCO BAIXO;HVI3;R19;G4 - BHV;R08;5;5;5;0;5;0
G4;c.RISCO ALTO;HVI3;R19;G4 - BHV;R08;5;5;5;0;5;0
G4;b.RISCO NEUTRO;HVI3;R19;G4 - BHV;R08;5;5;5;0;5;0
G4;a.RISCO BAIXO;HVI3;R19;G4 - BHV;R09;5;5;5;0;5;0
G4;c.RISCO ALTO;HVI3;R19;G4 - BHV;R09;5;5;5;0;5;0
G4;b.RISCO NEUTRO;HVI3;R19;G4 - BHV;R09;5;5;5;0;5;0
G4;a.RISCO BAIXO;HVI3;R19;G4 - BHV;R10;5;5;5;0;5;0
G4;c.RISCO ALTO;HVI3;R19;G4 - BHV;R10;5;5;5;0;5;0
G4;b.RISCO NEUTRO;HVI3;R19;G4 - BHV;R10;5;5;5;0;5;0
G4;a.RISCO BAIXO;HVI3;R19;G4 - BHV;R11;5;5;5;0;5;0
G4;c.RISCO ALTO;HVI3;R19;G4 - BHV;R11;5;5;5;0;5;0
G4;b.RISCO NEUTRO;HVI3;R19;G4 - BHV;R11;5;5;5;0;5;0
G4;a.RISCO BAIXO;HVI3;R19;G4 - BHV;R12;5;5;5;0;5;0
G4;c.RISCO ALTO;HVI3;R19;G4 - BHV;R12;5;5;5;0;5;0
G4;b.RISCO NEUTRO;HVI3;R19;G4 - BHV;R12;5;5;5;0;5;0
G4;a.RISCO BAIXO;HVI3;R19;G4 - BHV;R13;5;5;5;0;5;0
G4;c.RISCO ALTO;HVI3;R19;G4 - BHV;R13;5;5;5;0;5;0
G4;b.RISCO NEUTRO;HVI3;R19;G4 - BHV;R13;5;5;5;0;5;0
G4;a.RISCO BAIXO;HVI3;R19;G4 - BHV;R14;5;5;5;0;5;0
G4;c.RISCO ALTO;HVI3;R19;G4 - BHV;R14;5;3;3;0;3;0
G4;b.RISCO NEUTRO;HVI3;R19;G4 - BHV;R14;5;3;3;0;3;0
G4;a.RISCO BAIXO;HVI3;R19;G4 - BHV;R15;5;5;5;0;5;0
G4;c.RISCO ALTO;HVI3;R19;G4 - BHV;R15;5;3;3;0;3;0
G4;b.RISCO NEUTRO;HVI3;R19;G4 - BHV;R15;5;3;3;0;3;0
G4;a.RISCO BAIXO;HVI3;R19;G4 - BHV;R16;5;5;5;0;5;0
G4;c.RISCO ALTO;HVI3;R19;G4 - BHV;R16;5;3;3;0;3;0
G4;b.RISCO NEUTRO;HVI3;R19;G4 - BHV;R16;5;3;3;0;3;0
G4;a.RISCO BAIXO;HVI3;R19;G4 - BHV;R17;5;5;5;0;5;0
G4;c.RISCO ALTO;HVI3;R19;G4 - BHV;R17;5;3;3;0;3;0
G4;b.RISCO NEUTRO;HVI3;R19;G4 - BHV;R17;5;3;3;0;3;0
G4;a.RISCO BAIXO;HVI3;R19;G4 - BHV;R18;5;5;5;0;5;0
G4;c.RISCO ALTO;HVI3;R19;G4 - BHV;R18;5;3;3;0;3;0
G4;b.RISCO NEUTRO;HVI3;R19;G4 - BHV;R18;5;3;3;0;3;0
G4;a.RISCO BAIXO;HVI3;R19;G4 - BHV;R19;5;5;5;0;5;0
G4;c.RISCO ALTO;HVI3;R19;G4 - BHV;R19;5;3;3;0;3;0
G4;b.RISCO NEUTRO;HVI3;R19;G4 - BHV;R19;5;3;3;0;3;0
G4;a.RISCO BAIXO;HVI3;R19;G4 - BHV;R20;5;5;5;0;5;0
G4;c.RISCO ALTO;HVI3;R19;G4 - BHV;R20;5;3;3;0;3;0
G4;b.RISCO NEUTRO;HVI3;R19;G4 - BHV;R20;5;3;3;0;3;0
G4;a.RISCO BAIXO;HVI3;R19;G4 - BHV;R21;5;5;5;0;5;0
G4;c.RISCO ALTO;HVI3;R19;G4 - BHV;R21;5;3;3;0;3;0
G4;b.RISCO NEUTRO;HVI3;R19;G4 - BHV;R21;5;3;3;0;3;0
G4;a.RISCO BAIXO;HVI3;R19;G4 - BHV;R22;5;5;5;0;5;0
G4;c.RISCO ALTO;HVI3;R19;G4 - BHV;R22;5;3;3;0;3;0
G4;b.RISCO NEUTRO;HVI3;R19;G4 - BHV;R22;5;3;3;0;3;0
G4;a.RISCO BAIXO;HVI3;R19;G4 - BHV;R23;5;5;5;0;5;0
G4;c.RISCO ALTO;HVI3;R19;G4 - BHV;R23;5;0;0;0;0;0
G4;b.RISCO NEUTRO;HVI3;R19;G4 - BHV;R23;5;3;3;0;3;0
G4;a.RISCO BAIXO;HVI3;R19;G4 - BHV;R24;5;5;5;0;5;0
G4;c.RISCO ALTO;HVI3;R19;G4 - BHV;R24;5;0;0;0;0;0
G4;b.RISCO NEUTRO;HVI3;R19;G4 - BHV;R24;5;0;0;0;0;0
G4;a.RISCO BAIXO;HVI3;R19;G4 - BHV;R25;5;5;5;0;5;0
G4;c.RISCO ALTO;HVI3;R19;G4 - BHV;R25;5;0;0;0;0;0
G4;b.RISCO NEUTRO;HVI3;R19;G4 - BHV;R25;5;0;0;0;0;0
G4;a.RISCO BAIXO;HVI3;R19;Restritivos;y. Sem Rest;5;5;5;0;5;5
G4;c.RISCO ALTO;HVI3;R19;Restritivos;y. Sem Rest;5;5;5;0;5;5
G4;b.RISCO NEUTRO;HVI3;R19;Restritivos;y. Sem Rest;5;5;5;0;5;5
G4;a.RISCO BAIXO;HVI3;R19;Restritivos;z. Com Rest;5;0;0;0;0;0
G4;c.RISCO ALTO;HVI3;R19;Restritivos;z. Com Rest;5;0;0;0;0;0
G4;b.RISCO NEUTRO;HVI3;R19;Restritivos;z. Com Rest;5;0;0;0;0;0
G4;a.RISCO BAIXO;HVI3;R20;G4 - BHV;R01;12;12;12;0;12;12
G4;c.RISCO ALTO;HVI3;R20;G4 - BHV;R01;12;12;12;0;12;12
G4;b.RISCO NEUTRO;HVI3;R20;G4 - BHV;R01;12;12;12;0;12;12
G4;a.RISCO BAIXO;HVI3;R20;G4 - BHV;R02;12;12;12;0;12;12
G4;c.RISCO ALTO;HVI3;R20;G4 - BHV;R02;12;12;12;0;12;12
G4;b.RISCO NEUTRO;HVI3;R20;G4 - BHV;R02;12;12;12;0;12;12
G4;a.RISCO BAIXO;HVI3;R20;G4 - BHV;R03;12;12;12;0;12;12
G4;c.RISCO ALTO;HVI3;R20;G4 - BHV;R03;12;12;12;0;12;12
G4;b.RISCO NEUTRO;HVI3;R20;G4 - BHV;R03;12;12;12;0;12;12
G4;a.RISCO BAIXO;HVI3;R20;G4 - BHV;R04;12;12;12;0;12;12
G4;c.RISCO ALTO;HVI3;R20;G4 - BHV;R04;12;12;12;0;12;12
G4;b.RISCO NEUTRO;HVI3;R20;G4 - BHV;R04;12;12;12;0;12;12
G4;a.RISCO BAIXO;HVI3;R20;G4 - BHV;R05;5;5;5;0;5;0
G4;c.RISCO ALTO;HVI3;R20;G4 - BHV;R05;5;5;5;0;5;0
G4;b.RISCO NEUTRO;HVI3;R20;G4 - BHV;R05;5;5;5;0;5;0
G4;a.RISCO BAIXO;HVI3;R20;G4 - BHV;R06;5;5;5;0;5;0
G4;c.RISCO ALTO;HVI3;R20;G4 - BHV;R06;5;5;5;0;5;0
G4;b.RISCO NEUTRO;HVI3;R20;G4 - BHV;R06;5;5;5;0;5;0
G4;a.RISCO BAIXO;HVI3;R20;G4 - BHV;R07;5;5;5;0;5;0
G4;c.RISCO ALTO;HVI3;R20;G4 - BHV;R07;5;5;5;0;5;0
G4;b.RISCO NEUTRO;HVI3;R20;G4 - BHV;R07;5;5;5;0;5;0
G4;a.RISCO BAIXO;HVI3;R20;G4 - BHV;R08;5;5;5;0;5;0
G4;c.RISCO ALTO;HVI3;R20;G4 - BHV;R08;5;5;5;0;5;0
G4;b.RISCO NEUTRO;HVI3;R20;G4 - BHV;R08;5;5;5;0;5;0
G4;a.RISCO BAIXO;HVI3;R20;G4 - BHV;R09;5;5;5;0;5;0
G4;c.RISCO ALTO;HVI3;R20;G4 - BHV;R09;5;5;5;0;5;0
G4;b.RISCO NEUTRO;HVI3;R20;G4 - BHV;R09;5;5;5;0;5;0
G4;a.RISCO BAIXO;HVI3;R20;G4 - BHV;R10;5;5;5;0;5;0
G4;c.RISCO ALTO;HVI3;R20;G4 - BHV;R10;5;5;5;0;5;0
G4;b.RISCO NEUTRO;HVI3;R20;G4 - BHV;R10;5;5;5;0;5;0
G4;a.RISCO BAIXO;HVI3;R20;G4 - BHV;R11;5;5;5;0;5;0
G4;c.RISCO ALTO;HVI3;R20;G4 - BHV;R11;5;5;5;0;5;0
G4;b.RISCO NEUTRO;HVI3;R20;G4 - BHV;R11;5;5;5;0;5;0
G4;a.RISCO BAIXO;HVI3;R20;G4 - BHV;R12;5;5;5;0;5;0
G4;c.RISCO ALTO;HVI3;R20;G4 - BHV;R12;5;5;5;0;5;0
G4;b.RISCO NEUTRO;HVI3;R20;G4 - BHV;R12;5;5;5;0;5;0
G4;a.RISCO BAIXO;HVI3;R20;G4 - BHV;R13;5;5;5;0;5;0
G4;c.RISCO ALTO;HVI3;R20;G4 - BHV;R13;5;5;5;0;5;0
G4;b.RISCO NEUTRO;HVI3;R20;G4 - BHV;R13;5;5;5;0;5;0
G4;a.RISCO BAIXO;HVI3;R20;G4 - BHV;R14;5;3;3;0;3;0
G4;c.RISCO ALTO;HVI3;R20;G4 - BHV;R14;5;3;3;0;3;0
G4;b.RISCO NEUTRO;HVI3;R20;G4 - BHV;R14;5;3;3;0;3;0
G4;a.RISCO BAIXO;HVI3;R20;G4 - BHV;R15;5;3;3;0;3;0
G4;c.RISCO ALTO;HVI3;R20;G4 - BHV;R15;5;3;3;0;3;0
G4;b.RISCO NEUTRO;HVI3;R20;G4 - BHV;R15;5;3;3;0;3;0
G4;a.RISCO BAIXO;HVI3;R20;G4 - BHV;R16;5;3;3;0;3;0
G4;c.RISCO ALTO;HVI3;R20;G4 - BHV;R16;5;3;3;0;3;0
G4;b.RISCO NEUTRO;HVI3;R20;G4 - BHV;R16;5;3;3;0;3;0
G4;c.RISCO ALTO;HVI3;R20;G4 - BHV;R17;5;3;3;0;3;0
G4;a.RISCO BAIXO;HVI3;R20;G4 - BHV;R17;5;3;3;0;3;0
G4;b.RISCO NEUTRO;HVI3;R20;G4 - BHV;R17;5;3;3;0;3;0
G4;a.RISCO BAIXO;HVI3;R20;G4 - BHV;R18;5;3;3;0;3;0
G4;c.RISCO ALTO;HVI3;R20;G4 - BHV;R18;5;3;3;0;3;0
G4;b.RISCO NEUTRO;HVI3;R20;G4 - BHV;R18;5;3;3;0;3;0
G4;a.RISCO BAIXO;HVI3;R20;G4 - BHV;R19;5;3;3;0;3;0
G4;c.RISCO ALTO;HVI3;R20;G4 - BHV;R19;5;3;3;0;3;0
G4;b.RISCO NEUTRO;HVI3;R20;G4 - BHV;R19;5;3;3;0;3;0
G4;a.RISCO BAIXO;HVI3;R20;G4 - BHV;R20;5;3;3;0;3;0
G4;c.RISCO ALTO;HVI3;R20;G4 - BHV;R20;5;3;3;0;3;0
G4;b.RISCO NEUTRO;HVI3;R20;G4 - BHV;R20;5;3;3;0;3;0
G4;a.RISCO BAIXO;HVI3;R20;G4 - BHV;R21;5;3;3;0;3;0
G4;c.RISCO ALTO;HVI3;R20;G4 - BHV;R21;5;3;3;0;3;0
G4;b.RISCO NEUTRO;HVI3;R20;G4 - BHV;R21;5;3;3;0;3;0
G4;a.RISCO BAIXO;HVI3;R20;G4 - BHV;R22;5;3;3;0;3;0
G4;c.RISCO ALTO;HVI3;R20;G4 - BHV;R22;5;3;3;0;3;0
G4;b.RISCO NEUTRO;HVI3;R20;G4 - BHV;R22;5;3;3;0;3;0
G4;a.RISCO BAIXO;HVI3;R20;G4 - BHV;R23;5;0;0;0;0;0
G4;c.RISCO ALTO;HVI3;R20;G4 - BHV;R23;5;0;0;0;0;0
G4;b.RISCO NEUTRO;HVI3;R20;G4 - BHV;R23;5;0;0;0;0;0
G4;a.RISCO BAIXO;HVI3;R20;G4 - BHV;R24;5;0;0;0;0;0
G4;c.RISCO ALTO;HVI3;R20;G4 - BHV;R24;5;0;0;0;0;0
G4;b.RISCO NEUTRO;HVI3;R20;G4 - BHV;R24;5;0;0;0;0;0
G4;a.RISCO BAIXO;HVI3;R20;G4 - BHV;R25;5;0;0;0;0;0
G4;c.RISCO ALTO;HVI3;R20;G4 - BHV;R25;5;0;0;0;0;0
G4;b.RISCO NEUTRO;HVI3;R20;G4 - BHV;R25;5;0;0;0;0;0
G4;a.RISCO BAIXO;HVI3;R20;Restritivos;y. Sem Rest;5;5;5;0;5;5
G4;c.RISCO ALTO;HVI3;R20;Restritivos;y. Sem Rest;5;5;5;0;5;5
G4;b.RISCO NEUTRO;HVI3;R20;Restritivos;y. Sem Rest;5;5;5;0;5;5
G4;a.RISCO BAIXO;HVI3;R20;Restritivos;z. Com Rest;5;0;0;0;0;0
G4;c.RISCO ALTO;HVI3;R20;Restritivos;z. Com Rest;5;0;0;0;0;0
G4;b.RISCO NEUTRO;HVI3;R20;Restritivos;z. Com Rest;5;0;0;0;0;0
G4;a.RISCO BAIXO;HVI3;R99;G4 - BHV;R01;12;0;0;0;0;12
G4;c.RISCO ALTO;HVI3;R99;G4 - BHV;R01;12;0;0;0;0;12
G4;b.RISCO NEUTRO;HVI3;R99;G4 - BHV;R01;12;0;0;0;0;12
G4;a.RISCO BAIXO;HVI3;R99;G4 - BHV;R02;12;0;0;0;0;12
G4;c.RISCO ALTO;HVI3;R99;G4 - BHV;R02;12;0;0;0;0;12
G4;b.RISCO NEUTRO;HVI3;R99;G4 - BHV;R02;12;0;0;0;0;12
G4;a.RISCO BAIXO;HVI3;R99;G4 - BHV;R03;12;0;0;0;0;12
G4;c.RISCO ALTO;HVI3;R99;G4 - BHV;R03;12;0;0;0;0;12
G4;b.RISCO NEUTRO;HVI3;R99;G4 - BHV;R03;12;0;0;0;0;12
G4;a.RISCO BAIXO;HVI3;R99;G4 - BHV;R04;12;0;0;0;0;12
G4;c.RISCO ALTO;HVI3;R99;G4 - BHV;R04;12;0;0;0;0;12
G4;b.RISCO NEUTRO;HVI3;R99;G4 - BHV;R04;12;0;0;0;0;12
G4;a.RISCO BAIXO;HVI3;R99;G4 - BHV;R05;5;0;0;0;0;5
G4;c.RISCO ALTO;HVI3;R99;G4 - BHV;R05;5;0;0;0;0;5
G4;b.RISCO NEUTRO;HVI3;R99;G4 - BHV;R05;5;0;0;0;0;5
G4;a.RISCO BAIXO;HVI3;R99;G4 - BHV;R06;5;0;0;0;0;5
G4;c.RISCO ALTO;HVI3;R99;G4 - BHV;R06;5;0;0;0;0;5
G4;b.RISCO NEUTRO;HVI3;R99;G4 - BHV;R06;5;0;0;0;0;5
G4;a.RISCO BAIXO;HVI3;R99;G4 - BHV;R07;5;0;0;0;0;5
G4;c.RISCO ALTO;HVI3;R99;G4 - BHV;R07;5;0;0;0;0;5
G4;b.RISCO NEUTRO;HVI3;R99;G4 - BHV;R07;5;0;0;0;0;5
G4;a.RISCO BAIXO;HVI3;R99;G4 - BHV;R08;5;0;0;0;0;5
G4;c.RISCO ALTO;HVI3;R99;G4 - BHV;R08;5;0;0;0;0;5
G4;b.RISCO NEUTRO;HVI3;R99;G4 - BHV;R08;5;0;0;0;0;5
G4;a.RISCO BAIXO;HVI3;R99;G4 - BHV;R09;5;0;0;0;0;5
G4;c.RISCO ALTO;HVI3;R99;G4 - BHV;R09;5;0;0;0;0;5
G4;b.RISCO NEUTRO;HVI3;R99;G4 - BHV;R09;5;0;0;0;0;5
G4;a.RISCO BAIXO;HVI3;R99;G4 - BHV;R10;5;0;0;0;0;5
G4;c.RISCO ALTO;HVI3;R99;G4 - BHV;R10;5;0;0;0;0;5
G4;b.RISCO NEUTRO;HVI3;R99;G4 - BHV;R10;5;0;0;0;0;5
G4;a.RISCO BAIXO;HVI3;R99;G4 - BHV;R11;5;0;0;0;0;5
G4;c.RISCO ALTO;HVI3;R99;G4 - BHV;R11;5;0;0;0;0;5
G4;b.RISCO NEUTRO;HVI3;R99;G4 - BHV;R11;5;0;0;0;0;5
G4;a.RISCO BAIXO;HVI3;R99;G4 - BHV;R12;5;0;0;0;0;5
G4;c.RISCO ALTO;HVI3;R99;G4 - BHV;R12;5;0;0;0;0;5
G4;b.RISCO NEUTRO;HVI3;R99;G4 - BHV;R12;5;0;0;0;0;5
G4;a.RISCO BAIXO;HVI3;R99;G4 - BHV;R13;5;0;0;0;0;5
G4;c.RISCO ALTO;HVI3;R99;G4 - BHV;R13;5;0;0;0;0;5
G4;b.RISCO NEUTRO;HVI3;R99;G4 - BHV;R13;5;0;0;0;0;5
G4;a.RISCO BAIXO;HVI3;R99;G4 - BHV;R14;5;0;0;0;0;5
G4;c.RISCO ALTO;HVI3;R99;G4 - BHV;R14;5;0;0;0;0;5
G4;b.RISCO NEUTRO;HVI3;R99;G4 - BHV;R14;5;0;0;0;0;5
G4;a.RISCO BAIXO;HVI3;R99;G4 - BHV;R15;5;0;0;0;0;5
G4;c.RISCO ALTO;HVI3;R99;G4 - BHV;R15;5;0;0;0;0;5
G4;b.RISCO NEUTRO;HVI3;R99;G4 - BHV;R15;5;0;0;0;0;5
G4;a.RISCO BAIXO;HVI3;R99;G4 - BHV;R16;5;0;0;0;0;5
G4;c.RISCO ALTO;HVI3;R99;G4 - BHV;R16;5;0;0;0;0;5
G4;b.RISCO NEUTRO;HVI3;R99;G4 - BHV;R16;5;0;0;0;0;5
G4;a.RISCO BAIXO;HVI3;R99;G4 - BHV;R17;5;0;0;0;0;5
G4;c.RISCO ALTO;HVI3;R99;G4 - BHV;R17;5;0;0;0;0;5
G4;b.RISCO NEUTRO;HVI3;R99;G4 - BHV;R17;5;0;0;0;0;5
G4;a.RISCO BAIXO;HVI3;R99;G4 - BHV;R18;5;0;0;0;0;5
G4;c.RISCO ALTO;HVI3;R99;G4 - BHV;R18;5;0;0;0;0;5
G4;b.RISCO NEUTRO;HVI3;R99;G4 - BHV;R18;5;0;0;0;0;5
G4;a.RISCO BAIXO;HVI3;R99;G4 - BHV;R19;5;0;0;0;0;5
G4;c.RISCO ALTO;HVI3;R99;G4 - BHV;R19;5;0;0;0;0;5
G4;b.RISCO NEUTRO;HVI3;R99;G4 - BHV;R19;5;0;0;0;0;5
G4;a.RISCO BAIXO;HVI3;R99;G4 - BHV;R20;5;0;0;0;0;5
G4;c.RISCO ALTO;HVI3;R99;G4 - BHV;R20;5;0;0;0;0;5
G4;b.RISCO NEUTRO;HVI3;R99;G4 - BHV;R20;5;0;0;0;0;5
G4;a.RISCO BAIXO;HVI3;R99;G4 - BHV;R21;5;0;0;0;0;5
G4;c.RISCO ALTO;HVI3;R99;G4 - BHV;R21;5;0;0;0;0;5
G4;b.RISCO NEUTRO;HVI3;R99;G4 - BHV;R21;5;0;0;0;0;5
G4;a.RISCO BAIXO;HVI3;R99;G4 - BHV;R22;5;0;0;0;0;5
G4;c.RISCO ALTO;HVI3;R99;G4 - BHV;R22;5;0;0;0;0;5
G4;b.RISCO NEUTRO;HVI3;R99;G4 - BHV;R22;5;0;0;0;0;5
G4;a.RISCO BAIXO;HVI3;R99;G4 - BHV;R23;5;0;0;0;0;5
G4;c.RISCO ALTO;HVI3;R99;G4 - BHV;R23;5;0;0;0;0;5
G4;b.RISCO NEUTRO;HVI3;R99;G4 - BHV;R23;5;0;0;0;0;5
G4;a.RISCO BAIXO;HVI3;R99;G4 - BHV;R24;5;0;0;0;0;5
G4;c.RISCO ALTO;HVI3;R99;G4 - BHV;R24;5;0;0;0;0;5
G4;b.RISCO NEUTRO;HVI3;R99;G4 - BHV;R24;5;0;0;0;0;5
G4;a.RISCO BAIXO;HVI3;R99;G4 - BHV;R25;5;0;0;0;0;5
G4;c.RISCO ALTO;HVI3;R99;G4 - BHV;R25;5;0;0;0;0;5
G4;b.RISCO NEUTRO;HVI3;R99;G4 - BHV;R25;5;0;0;0;0;5
G4;a.RISCO BAIXO;HVI3;R99;Restritivos;y. Sem Rest;5;0;0;0;0;5
G4;c.RISCO ALTO;HVI3;R99;Restritivos;y. Sem Rest;5;0;0;0;0;5
G4;b.RISCO NEUTRO;HVI3;R99;Restritivos;y. Sem Rest;5;0;0;0;0;5
G4;a.RISCO BAIXO;HVI3;R99;Restritivos;z. Com Rest;5;0;0;0;0;5
G4;c.RISCO ALTO;HVI3;R99;Restritivos;z. Com Rest;5;0;0;0;0;5
G4;b.RISCO NEUTRO;HVI3;R99;Restritivos;z. Com Rest;5;0;0;0;0;5
G5;b.RISCO NEUTRO;HVI3;R01;G5 - BHV;R01;8;8;8;8;8;8
G5;c.RISCO ALTO;HVI3;R01;G5 - BHV;R01;8;8;8;8;8;8
G5;a.RISCO BAIXO;HVI3;R01;G5 - BHV;R01;8;8;8;8;8;8
G5;c.RISCO ALTO;HVI3;R01;G5 - BHV;R02;8;8;8;8;8;8
G5;b.RISCO NEUTRO;HVI3;R01;G5 - BHV;R02;8;8;8;8;8;8
G5;a.RISCO BAIXO;HVI3;R01;G5 - BHV;R02;8;8;8;8;8;8
G5;c.RISCO ALTO;HVI3;R01;G5 - BHV;R03;8;8;8;8;8;8
G5;b.RISCO NEUTRO;HVI3;R01;G5 - BHV;R03;8;8;8;8;8;8
G5;a.RISCO BAIXO;HVI3;R01;G5 - BHV;R03;8;8;8;8;8;8
G5;c.RISCO ALTO;HVI3;R01;G5 - BHV;R04;8;8;8;8;8;8
G5;b.RISCO NEUTRO;HVI3;R01;G5 - BHV;R04;8;8;8;8;8;8
G5;a.RISCO BAIXO;HVI3;R01;G5 - BHV;R04;8;8;8;8;8;8
G5;c.RISCO ALTO;HVI3;R01;G5 - BHV;R05;8;8;8;8;8;8
G5;b.RISCO NEUTRO;HVI3;R01;G5 - BHV;R05;8;8;8;8;8;8
G5;a.RISCO BAIXO;HVI3;R01;G5 - BHV;R05;8;8;8;8;8;8
G5;c.RISCO ALTO;HVI3;R01;G5 - BHV;R06;8;8;8;8;8;8
G5;b.RISCO NEUTRO;HVI3;R01;G5 - BHV;R06;8;8;8;8;8;8
G5;a.RISCO BAIXO;HVI3;R01;G5 - BHV;R06;8;8;8;8;8;8
G5;c.RISCO ALTO;HVI3;R01;G5 - BHV;R07;8;8;8;8;8;8
G5;b.RISCO NEUTRO;HVI3;R01;G5 - BHV;R07;8;8;8;8;8;8
G5;a.RISCO BAIXO;HVI3;R01;G5 - BHV;R07;8;8;8;8;8;8
G5;c.RISCO ALTO;HVI3;R01;G5 - BHV;R08;8;8;8;8;8;8
G5;b.RISCO NEUTRO;HVI3;R01;G5 - BHV;R08;8;8;8;8;8;8
G5;a.RISCO BAIXO;HVI3;R01;G5 - BHV;R08;8;8;8;8;8;8
G5;c.RISCO ALTO;HVI3;R01;G5 - BHV;R09;8;8;8;8;8;8
G5;b.RISCO NEUTRO;HVI3;R01;G5 - BHV;R09;8;8;8;8;8;8
G5;a.RISCO BAIXO;HVI3;R01;G5 - BHV;R09;8;8;8;8;8;8
G5;c.RISCO ALTO;HVI3;R01;G5 - BHV;R10;8;8;8;8;8;8
G5;b.RISCO NEUTRO;HVI3;R01;G5 - BHV;R10;8;8;8;8;8;8
G5;a.RISCO BAIXO;HVI3;R01;G5 - BHV;R10;8;8;8;8;8;8
G5;c.RISCO ALTO;HVI3;R01;G5 - BHV;R11;8;8;8;8;8;8
G5;b.RISCO NEUTRO;HVI3;R01;G5 - BHV;R11;8;8;8;8;8;8
G5;a.RISCO BAIXO;HVI3;R01;G5 - BHV;R11;8;8;8;8;8;8
G5;b.RISCO NEUTRO;HVI3;R01;G5 - BHV;R12;8;8;8;8;8;8
G5;c.RISCO ALTO;HVI3;R01;G5 - BHV;R12;8;8;8;8;8;8
G5;a.RISCO BAIXO;HVI3;R01;G5 - BHV;R12;8;8;8;8;8;8
G5;b.RISCO NEUTRO;HVI3;R01;G5 - BHV;R13;8;8;8;8;8;8
G5;c.RISCO ALTO;HVI3;R01;G5 - BHV;R13;8;8;8;8;8;8
G5;a.RISCO BAIXO;HVI3;R01;G5 - BHV;R13;8;8;8;8;8;8
G5;c.RISCO ALTO;HVI3;R01;G5 - BHV;R14;8;8;8;8;8;8
G5;b.RISCO NEUTRO;HVI3;R01;G5 - BHV;R14;8;8;8;8;8;8
G5;a.RISCO BAIXO;HVI3;R01;G5 - BHV;R14;8;8;8;8;8;8
G5;c.RISCO ALTO;HVI3;R01;G5 - BHV;R15;8;8;8;8;8;8
G5;b.RISCO NEUTRO;HVI3;R01;G5 - BHV;R15;8;8;8;8;8;8
G5;a.RISCO BAIXO;HVI3;R01;G5 - BHV;R15;8;8;8;8;8;8
G5;c.RISCO ALTO;HVI3;R01;G5 - BHV;R16;8;8;8;8;8;8
G5;b.RISCO NEUTRO;HVI3;R01;G5 - BHV;R16;8;8;8;8;8;8
G5;a.RISCO BAIXO;HVI3;R01;G5 - BHV;R16;8;8;8;8;8;8
G5;c.RISCO ALTO;HVI3;R01;G5 - BHV;R17;8;8;8;8;8;8
G5;b.RISCO NEUTRO;HVI3;R01;G5 - BHV;R17;8;8;8;8;8;8
G5;a.RISCO BAIXO;HVI3;R01;G5 - BHV;R17;8;8;8;8;8;8
G5;c.RISCO ALTO;HVI3;R01;G5 - BHV;R18;8;8;8;8;8;8
G5;b.RISCO NEUTRO;HVI3;R01;G5 - BHV;R18;8;8;8;8;8;8
G5;a.RISCO BAIXO;HVI3;R01;G5 - BHV;R18;8;8;8;8;8;8
G5;c.RISCO ALTO;HVI3;R01;G5 - BHV;R19;8;8;8;8;8;8
G5;b.RISCO NEUTRO;HVI3;R01;G5 - BHV;R19;8;8;8;8;8;8
G5;a.RISCO BAIXO;HVI3;R01;G5 - BHV;R19;8;8;8;8;8;8
G5;c.RISCO ALTO;HVI3;R01;G5 - BHV;R20;8;8;8;8;8;8
G5;b.RISCO NEUTRO;HVI3;R01;G5 - BHV;R20;8;8;8;8;8;8
G5;a.RISCO BAIXO;HVI3;R01;G5 - BHV;R20;8;8;8;8;8;8
G5;c.RISCO ALTO;HVI3;R01;G5 - BHV;R99;8;8;8;8;8;8
G5;b.RISCO NEUTRO;HVI3;R01;G5 - BHV;R99;8;8;8;8;8;8
G5;a.RISCO BAIXO;HVI3;R01;G5 - BHV;R99;8;8;8;8;8;8
G5;c.RISCO ALTO;HVI3;R02;G5 - BHV;R01;8;8;8;8;8;8
G5;b.RISCO NEUTRO;HVI3;R02;G5 - BHV;R01;8;8;8;8;8;8
G5;a.RISCO BAIXO;HVI3;R02;G5 - BHV;R01;8;8;8;8;8;8
G5;c.RISCO ALTO;HVI3;R02;G5 - BHV;R02;8;8;8;8;8;8
G5;b.RISCO NEUTRO;HVI3;R02;G5 - BHV;R02;8;8;8;8;8;8
G5;a.RISCO BAIXO;HVI3;R02;G5 - BHV;R02;8;8;8;8;8;8
G5;c.RISCO ALTO;HVI3;R02;G5 - BHV;R03;8;8;8;8;8;8
G5;b.RISCO NEUTRO;HVI3;R02;G5 - BHV;R03;8;8;8;8;8;8
G5;a.RISCO BAIXO;HVI3;R02;G5 - BHV;R03;8;8;8;8;8;8
G5;b.RISCO NEUTRO;HVI3;R02;G5 - BHV;R04;8;8;8;8;8;8
G5;c.RISCO ALTO;HVI3;R02;G5 - BHV;R04;8;8;8;8;8;8
G5;a.RISCO BAIXO;HVI3;R02;G5 - BHV;R04;8;8;8;8;8;8
G5;c.RISCO ALTO;HVI3;R02;G5 - BHV;R05;8;8;8;8;8;8
G5;b.RISCO NEUTRO;HVI3;R02;G5 - BHV;R05;8;8;8;8;8;8
G5;a.RISCO BAIXO;HVI3;R02;G5 - BHV;R05;8;8;8;8;8;8
G5;c.RISCO ALTO;HVI3;R02;G5 - BHV;R06;8;8;8;8;8;8
G5;b.RISCO NEUTRO;HVI3;R02;G5 - BHV;R06;8;8;8;8;8;8
G5;a.RISCO BAIXO;HVI3;R02;G5 - BHV;R06;8;8;8;8;8;8
G5;c.RISCO ALTO;HVI3;R02;G5 - BHV;R07;8;8;8;8;8;8
G5;b.RISCO NEUTRO;HVI3;R02;G5 - BHV;R07;8;8;8;8;8;8
G5;a.RISCO BAIXO;HVI3;R02;G5 - BHV;R07;8;8;8;8;8;8
G5;c.RISCO ALTO;HVI3;R02;G5 - BHV;R08;8;8;8;8;8;8
G5;b.RISCO NEUTRO;HVI3;R02;G5 - BHV;R08;8;8;8;8;8;8
G5;a.RISCO BAIXO;HVI3;R02;G5 - BHV;R08;8;8;8;8;8;8
G5;c.RISCO ALTO;HVI3;R02;G5 - BHV;R09;8;8;8;8;8;8
G5;b.RISCO NEUTRO;HVI3;R02;G5 - BHV;R09;8;8;8;8;8;8
G5;a.RISCO BAIXO;HVI3;R02;G5 - BHV;R09;8;8;8;8;8;8
G5;c.RISCO ALTO;HVI3;R02;G5 - BHV;R10;8;8;8;8;8;8
G5;b.RISCO NEUTRO;HVI3;R02;G5 - BHV;R10;8;8;8;8;8;8
G5;a.RISCO BAIXO;HVI3;R02;G5 - BHV;R10;8;8;8;8;8;8
G5;c.RISCO ALTO;HVI3;R02;G5 - BHV;R11;8;8;8;8;8;8
G5;b.RISCO NEUTRO;HVI3;R02;G5 - BHV;R11;8;8;8;8;8;8
G5;a.RISCO BAIXO;HVI3;R02;G5 - BHV;R11;8;8;8;8;8;8
G5;c.RISCO ALTO;HVI3;R02;G5 - BHV;R12;8;8;8;8;8;8
G5;b.RISCO NEUTRO;HVI3;R02;G5 - BHV;R12;8;8;8;8;8;8
G5;a.RISCO BAIXO;HVI3;R02;G5 - BHV;R12;8;8;8;8;8;8
G5;c.RISCO ALTO;HVI3;R02;G5 - BHV;R13;8;8;8;8;8;8
G5;b.RISCO NEUTRO;HVI3;R02;G5 - BHV;R13;8;8;8;8;8;8
G5;a.RISCO BAIXO;HVI3;R02;G5 - BHV;R13;8;8;8;8;8;8
G5;c.RISCO ALTO;HVI3;R02;G5 - BHV;R14;8;8;8;8;8;8
G5;b.RISCO NEUTRO;HVI3;R02;G5 - BHV;R14;8;8;8;8;8;8
G5;a.RISCO BAIXO;HVI3;R02;G5 - BHV;R14;8;8;8;8;8;8
G5;c.RISCO ALTO;HVI3;R02;G5 - BHV;R15;8;8;8;8;8;8
G5;b.RISCO NEUTRO;HVI3;R02;G5 - BHV;R15;8;8;8;8;8;8
G5;a.RISCO BAIXO;HVI3;R02;G5 - BHV;R15;8;8;8;8;8;8
G5;c.RISCO ALTO;HVI3;R02;G5 - BHV;R16;8;8;8;8;8;8
G5;b.RISCO NEUTRO;HVI3;R02;G5 - BHV;R16;8;8;8;8;8;8
G5;a.RISCO BAIXO;HVI3;R02;G5 - BHV;R16;8;8;8;8;8;8
G5;c.RISCO ALTO;HVI3;R02;G5 - BHV;R17;8;8;8;8;8;8
G5;b.RISCO NEUTRO;HVI3;R02;G5 - BHV;R17;8;8;8;8;8;8
G5;a.RISCO BAIXO;HVI3;R02;G5 - BHV;R17;8;8;8;8;8;8
G5;c.RISCO ALTO;HVI3;R02;G5 - BHV;R18;8;8;8;8;8;8
G5;b.RISCO NEUTRO;HVI3;R02;G5 - BHV;R18;8;8;8;8;8;8
G5;a.RISCO BAIXO;HVI3;R02;G5 - BHV;R18;8;8;8;8;8;8
G5;c.RISCO ALTO;HVI3;R02;G5 - BHV;R19;8;8;8;8;8;8
G5;a.RISCO BAIXO;HVI3;R02;G5 - BHV;R19;8;8;8;8;8;8
G5;b.RISCO NEUTRO;HVI3;R02;G5 - BHV;R19;8;8;8;8;8;8
G5;c.RISCO ALTO;HVI3;R02;G5 - BHV;R20;8;8;8;8;8;8
G5;b.RISCO NEUTRO;HVI3;R02;G5 - BHV;R20;8;8;8;8;8;8
G5;a.RISCO BAIXO;HVI3;R02;G5 - BHV;R20;8;8;8;8;8;8
G5;c.RISCO ALTO;HVI3;R02;G5 - BHV;R99;8;8;8;8;8;8
G5;b.RISCO NEUTRO;HVI3;R02;G5 - BHV;R99;8;8;8;8;8;8
G5;a.RISCO BAIXO;HVI3;R02;G5 - BHV;R99;8;8;8;8;8;8
G5;c.RISCO ALTO;HVI3;R03;G5 - BHV;R01;8;8;8;8;8;8
G5;b.RISCO NEUTRO;HVI3;R03;G5 - BHV;R01;8;8;8;8;8;8
G5;a.RISCO BAIXO;HVI3;R03;G5 - BHV;R01;8;8;8;8;8;8
G5;c.RISCO ALTO;HVI3;R03;G5 - BHV;R02;8;8;8;8;8;8
G5;b.RISCO NEUTRO;HVI3;R03;G5 - BHV;R02;8;8;8;8;8;8
G5;a.RISCO BAIXO;HVI3;R03;G5 - BHV;R02;8;8;8;8;8;8
G5;c.RISCO ALTO;HVI3;R03;G5 - BHV;R03;8;8;8;8;8;8
G5;b.RISCO NEUTRO;HVI3;R03;G5 - BHV;R03;8;8;8;8;8;8
G5;a.RISCO BAIXO;HVI3;R03;G5 - BHV;R03;8;8;8;8;8;8
G5;c.RISCO ALTO;HVI3;R03;G5 - BHV;R04;8;8;8;8;8;8
G5;b.RISCO NEUTRO;HVI3;R03;G5 - BHV;R04;8;8;8;8;8;8
G5;a.RISCO BAIXO;HVI3;R03;G5 - BHV;R04;8;8;8;8;8;8
G5;c.RISCO ALTO;HVI3;R03;G5 - BHV;R05;8;8;8;8;8;8
G5;b.RISCO NEUTRO;HVI3;R03;G5 - BHV;R05;8;8;8;8;8;8
G5;a.RISCO BAIXO;HVI3;R03;G5 - BHV;R05;8;8;8;8;8;8
G5;c.RISCO ALTO;HVI3;R03;G5 - BHV;R06;8;8;8;8;8;8
G5;b.RISCO NEUTRO;HVI3;R03;G5 - BHV;R06;8;8;8;8;8;8
G5;a.RISCO BAIXO;HVI3;R03;G5 - BHV;R06;8;8;8;8;8;8
G5;b.RISCO NEUTRO;HVI3;R03;G5 - BHV;R07;8;8;8;8;8;8
G5;c.RISCO ALTO;HVI3;R03;G5 - BHV;R07;8;8;8;8;8;8
G5;a.RISCO BAIXO;HVI3;R03;G5 - BHV;R07;8;8;8;8;8;8
G5;c.RISCO ALTO;HVI3;R03;G5 - BHV;R08;8;8;8;8;8;8
G5;b.RISCO NEUTRO;HVI3;R03;G5 - BHV;R08;8;8;8;8;8;8
G5;a.RISCO BAIXO;HVI3;R03;G5 - BHV;R08;8;8;8;8;8;8
G5;c.RISCO ALTO;HVI3;R03;G5 - BHV;R09;8;8;8;8;8;8
G5;b.RISCO NEUTRO;HVI3;R03;G5 - BHV;R09;8;8;8;8;8;8
G5;a.RISCO BAIXO;HVI3;R03;G5 - BHV;R09;8;8;8;8;8;8
G5;c.RISCO ALTO;HVI3;R03;G5 - BHV;R10;8;8;8;8;8;8
G5;b.RISCO NEUTRO;HVI3;R03;G5 - BHV;R10;8;8;8;8;8;8
G5;a.RISCO BAIXO;HVI3;R03;G5 - BHV;R10;8;8;8;8;8;8
G5;c.RISCO ALTO;HVI3;R03;G5 - BHV;R11;8;8;8;8;8;8
G5;b.RISCO NEUTRO;HVI3;R03;G5 - BHV;R11;8;8;8;8;8;8
G5;a.RISCO BAIXO;HVI3;R03;G5 - BHV;R11;8;8;8;8;8;8
G5;c.RISCO ALTO;HVI3;R03;G5 - BHV;R12;8;8;8;8;8;8
G5;b.RISCO NEUTRO;HVI3;R03;G5 - BHV;R12;8;8;8;8;8;8
G5;a.RISCO BAIXO;HVI3;R03;G5 - BHV;R12;8;8;8;8;8;8
G5;c.RISCO ALTO;HVI3;R03;G5 - BHV;R13;8;8;8;8;8;8
G5;b.RISCO NEUTRO;HVI3;R03;G5 - BHV;R13;8;8;8;8;8;8
G5;a.RISCO BAIXO;HVI3;R03;G5 - BHV;R13;8;8;8;8;8;8
G5;c.RISCO ALTO;HVI3;R03;G5 - BHV;R14;8;8;8;8;8;8
G5;b.RISCO NEUTRO;HVI3;R03;G5 - BHV;R14;8;8;8;8;8;8
G5;a.RISCO BAIXO;HVI3;R03;G5 - BHV;R14;8;8;8;8;8;8
G5;c.RISCO ALTO;HVI3;R03;G5 - BHV;R15;8;8;8;8;8;8
G5;b.RISCO NEUTRO;HVI3;R03;G5 - BHV;R15;8;8;8;8;8;8
G5;a.RISCO BAIXO;HVI3;R03;G5 - BHV;R15;8;8;8;8;8;8
G5;c.RISCO ALTO;HVI3;R03;G5 - BHV;R16;8;8;8;8;8;8
G5;b.RISCO NEUTRO;HVI3;R03;G5 - BHV;R16;8;8;8;8;8;8
G5;a.RISCO BAIXO;HVI3;R03;G5 - BHV;R16;8;8;8;8;8;8
G5;c.RISCO ALTO;HVI3;R03;G5 - BHV;R17;8;8;8;8;8;8
G5;b.RISCO NEUTRO;HVI3;R03;G5 - BHV;R17;8;8;8;8;8;8
G5;a.RISCO BAIXO;HVI3;R03;G5 - BHV;R17;8;8;8;8;8;8
G5;c.RISCO ALTO;HVI3;R03;G5 - BHV;R18;8;8;8;8;8;8
G5;b.RISCO NEUTRO;HVI3;R03;G5 - BHV;R18;8;8;8;8;8;8
G5;a.RISCO BAIXO;HVI3;R03;G5 - BHV;R18;8;8;8;8;8;8
G5;b.RISCO NEUTRO;HVI3;R03;G5 - BHV;R19;8;8;8;8;8;8
G5;c.RISCO ALTO;HVI3;R03;G5 - BHV;R19;8;8;8;8;8;8
G5;a.RISCO BAIXO;HVI3;R03;G5 - BHV;R19;8;8;8;8;8;8
G5;c.RISCO ALTO;HVI3;R03;G5 - BHV;R20;8;8;8;8;8;8
G5;a.RISCO BAIXO;HVI3;R03;G5 - BHV;R20;8;8;8;8;8;8
G5;b.RISCO NEUTRO;HVI3;R03;G5 - BHV;R20;8;8;8;8;8;8
G5;c.RISCO ALTO;HVI3;R03;G5 - BHV;R99;8;8;8;8;8;8
G5;b.RISCO NEUTRO;HVI3;R03;G5 - BHV;R99;8;8;8;8;8;8
G5;a.RISCO BAIXO;HVI3;R03;G5 - BHV;R99;8;8;8;8;8;8
G5;c.RISCO ALTO;HVI3;R04;G5 - BHV;R01;8;8;8;8;8;8
G5;b.RISCO NEUTRO;HVI3;R04;G5 - BHV;R01;8;8;8;8;8;8
G5;a.RISCO BAIXO;HVI3;R04;G5 - BHV;R01;8;8;8;8;8;8
G5;c.RISCO ALTO;HVI3;R04;G5 - BHV;R02;8;8;8;8;8;8
G5;b.RISCO NEUTRO;HVI3;R04;G5 - BHV;R02;8;8;8;8;8;8
G5;a.RISCO BAIXO;HVI3;R04;G5 - BHV;R02;8;8;8;8;8;8
G5;c.RISCO ALTO;HVI3;R04;G5 - BHV;R03;8;8;8;8;8;8
G5;b.RISCO NEUTRO;HVI3;R04;G5 - BHV;R03;8;8;8;8;8;8
G5;a.RISCO BAIXO;HVI3;R04;G5 - BHV;R03;8;8;8;8;8;8
G5;c.RISCO ALTO;HVI3;R04;G5 - BHV;R04;8;8;8;8;8;8
G5;b.RISCO NEUTRO;HVI3;R04;G5 - BHV;R04;8;8;8;8;8;8
G5;a.RISCO BAIXO;HVI3;R04;G5 - BHV;R04;8;8;8;8;8;8
G5;c.RISCO ALTO;HVI3;R04;G5 - BHV;R05;8;8;8;8;8;8
G5;b.RISCO NEUTRO;HVI3;R04;G5 - BHV;R05;8;8;8;8;8;8
G5;a.RISCO BAIXO;HVI3;R04;G5 - BHV;R05;8;8;8;8;8;8
G5;c.RISCO ALTO;HVI3;R04;G5 - BHV;R06;8;8;8;8;8;8
G5;b.RISCO NEUTRO;HVI3;R04;G5 - BHV;R06;8;8;8;8;8;8
G5;a.RISCO BAIXO;HVI3;R04;G5 - BHV;R06;8;8;8;8;8;8
G5;c.RISCO ALTO;HVI3;R04;G5 - BHV;R07;8;8;8;8;8;8
G5;b.RISCO NEUTRO;HVI3;R04;G5 - BHV;R07;8;8;8;8;8;8
G5;a.RISCO BAIXO;HVI3;R04;G5 - BHV;R07;8;8;8;8;8;8
G5;c.RISCO ALTO;HVI3;R04;G5 - BHV;R08;8;8;8;8;8;8
G5;b.RISCO NEUTRO;HVI3;R04;G5 - BHV;R08;8;8;8;8;8;8
G5;a.RISCO BAIXO;HVI3;R04;G5 - BHV;R08;8;8;8;8;8;8
G5;c.RISCO ALTO;HVI3;R04;G5 - BHV;R09;8;8;8;8;8;8
G5;b.RISCO NEUTRO;HVI3;R04;G5 - BHV;R09;8;8;8;8;8;8
G5;a.RISCO BAIXO;HVI3;R04;G5 - BHV;R09;8;8;8;8;8;8
G5;b.RISCO NEUTRO;HVI3;R04;G5 - BHV;R10;8;8;8;8;8;8
G5;c.RISCO ALTO;HVI3;R04;G5 - BHV;R10;8;8;8;8;8;8
G5;a.RISCO BAIXO;HVI3;R04;G5 - BHV;R10;8;8;8;8;8;8
G5;c.RISCO ALTO;HVI3;R04;G5 - BHV;R11;8;8;8;8;8;8
G5;b.RISCO NEUTRO;HVI3;R04;G5 - BHV;R11;8;8;8;8;8;8
G5;a.RISCO BAIXO;HVI3;R04;G5 - BHV;R11;8;8;8;8;8;8
G5;c.RISCO ALTO;HVI3;R04;G5 - BHV;R12;8;8;8;8;8;8
G5;b.RISCO NEUTRO;HVI3;R04;G5 - BHV;R12;8;8;8;8;8;8
G5;a.RISCO BAIXO;HVI3;R04;G5 - BHV;R12;8;8;8;8;8;8
G5;c.RISCO ALTO;HVI3;R04;G5 - BHV;R13;8;8;8;8;8;8
G5;b.RISCO NEUTRO;HVI3;R04;G5 - BHV;R13;8;8;8;8;8;8
G5;a.RISCO BAIXO;HVI3;R04;G5 - BHV;R13;8;8;8;8;8;8
G5;c.RISCO ALTO;HVI3;R04;G5 - BHV;R14;8;8;8;8;8;8
G5;b.RISCO NEUTRO;HVI3;R04;G5 - BHV;R14;8;8;8;8;8;8
G5;a.RISCO BAIXO;HVI3;R04;G5 - BHV;R14;8;8;8;8;8;8
G5;c.RISCO ALTO;HVI3;R04;G5 - BHV;R15;8;8;8;8;8;8
G5;a.RISCO BAIXO;HVI3;R04;G5 - BHV;R15;8;8;8;8;8;8
G5;b.RISCO NEUTRO;HVI3;R04;G5 - BHV;R15;8;8;8;8;8;8
G5;c.RISCO ALTO;HVI3;R04;G5 - BHV;R16;8;8;8;8;8;8
G5;b.RISCO NEUTRO;HVI3;R04;G5 - BHV;R16;8;8;8;8;8;8
G5;a.RISCO BAIXO;HVI3;R04;G5 - BHV;R16;8;8;8;8;8;8
G5;c.RISCO ALTO;HVI3;R04;G5 - BHV;R17;8;8;8;8;8;8
G5;b.RISCO NEUTRO;HVI3;R04;G5 - BHV;R17;8;8;8;8;8;8
G5;a.RISCO BAIXO;HVI3;R04;G5 - BHV;R17;8;8;8;8;8;8
G5;c.RISCO ALTO;HVI3;R04;G5 - BHV;R18;8;8;8;8;8;8
G5;b.RISCO NEUTRO;HVI3;R04;G5 - BHV;R18;8;8;8;8;8;8
G5;a.RISCO BAIXO;HVI3;R04;G5 - BHV;R18;8;8;8;8;8;8
G5;c.RISCO ALTO;HVI3;R04;G5 - BHV;R19;8;8;8;8;8;8
G5;b.RISCO NEUTRO;HVI3;R04;G5 - BHV;R19;8;8;8;8;8;8
G5;a.RISCO BAIXO;HVI3;R04;G5 - BHV;R19;8;8;8;8;8;8
G5;c.RISCO ALTO;HVI3;R04;G5 - BHV;R20;8;8;8;8;8;8
G5;b.RISCO NEUTRO;HVI3;R04;G5 - BHV;R20;8;8;8;8;8;8
G5;a.RISCO BAIXO;HVI3;R04;G5 - BHV;R20;8;8;8;8;8;8
G5;c.RISCO ALTO;HVI3;R04;G5 - BHV;R99;8;8;8;8;8;8
G5;b.RISCO NEUTRO;HVI3;R04;G5 - BHV;R99;8;8;8;8;8;8
G5;a.RISCO BAIXO;HVI3;R04;G5 - BHV;R99;8;8;8;8;8;8
G5;c.RISCO ALTO;HVI3;R05;G5 - BHV;R01;8;8;8;8;8;8
G5;b.RISCO NEUTRO;HVI3;R05;G5 - BHV;R01;8;8;8;8;8;8
G5;a.RISCO BAIXO;HVI3;R05;G5 - BHV;R01;8;8;8;8;8;8
G5;c.RISCO ALTO;HVI3;R05;G5 - BHV;R02;8;8;8;8;8;8
G5;b.RISCO NEUTRO;HVI3;R05;G5 - BHV;R02;8;8;8;8;8;8
G5;a.RISCO BAIXO;HVI3;R05;G5 - BHV;R02;8;8;8;8;8;8
G5;c.RISCO ALTO;HVI3;R05;G5 - BHV;R03;8;8;8;8;8;8
G5;b.RISCO NEUTRO;HVI3;R05;G5 - BHV;R03;8;8;8;8;8;8
G5;a.RISCO BAIXO;HVI3;R05;G5 - BHV;R03;8;8;8;8;8;8
G5;c.RISCO ALTO;HVI3;R05;G5 - BHV;R04;8;8;8;8;8;8
G5;b.RISCO NEUTRO;HVI3;R05;G5 - BHV;R04;8;8;8;8;8;8
G5;a.RISCO BAIXO;HVI3;R05;G5 - BHV;R04;8;8;8;8;8;8
G5;c.RISCO ALTO;HVI3;R05;G5 - BHV;R05;8;8;8;8;8;8
G5;b.RISCO NEUTRO;HVI3;R05;G5 - BHV;R05;8;8;8;8;8;8
G5;a.RISCO BAIXO;HVI3;R05;G5 - BHV;R05;8;8;8;8;8;8
G5;c.RISCO ALTO;HVI3;R05;G5 - BHV;R06;8;8;8;8;8;8
G5;b.RISCO NEUTRO;HVI3;R05;G5 - BHV;R06;8;8;8;8;8;8
G5;a.RISCO BAIXO;HVI3;R05;G5 - BHV;R06;8;8;8;8;8;8
G5;c.RISCO ALTO;HVI3;R05;G5 - BHV;R07;8;8;8;8;8;8
G5;b.RISCO NEUTRO;HVI3;R05;G5 - BHV;R07;8;8;8;8;8;8
G5;a.RISCO BAIXO;HVI3;R05;G5 - BHV;R07;8;8;8;8;8;8
G5;c.RISCO ALTO;HVI3;R05;G5 - BHV;R08;8;8;8;8;8;8
G5;b.RISCO NEUTRO;HVI3;R05;G5 - BHV;R08;8;8;8;8;8;8
G5;a.RISCO BAIXO;HVI3;R05;G5 - BHV;R08;8;8;8;8;8;8
G5;c.RISCO ALTO;HVI3;R05;G5 - BHV;R09;8;8;8;8;8;8
G5;b.RISCO NEUTRO;HVI3;R05;G5 - BHV;R09;8;8;8;8;8;8
G5;a.RISCO BAIXO;HVI3;R05;G5 - BHV;R09;8;8;8;8;8;8
G5;c.RISCO ALTO;HVI3;R05;G5 - BHV;R10;8;8;8;8;8;8
G5;b.RISCO NEUTRO;HVI3;R05;G5 - BHV;R10;8;8;8;8;8;8
G5;a.RISCO BAIXO;HVI3;R05;G5 - BHV;R10;8;8;8;8;8;8
G5;c.RISCO ALTO;HVI3;R05;G5 - BHV;R11;8;8;8;8;8;8
G5;b.RISCO NEUTRO;HVI3;R05;G5 - BHV;R11;8;8;8;8;8;8
G5;a.RISCO BAIXO;HVI3;R05;G5 - BHV;R11;8;8;8;8;8;8
G5;c.RISCO ALTO;HVI3;R05;G5 - BHV;R12;8;8;8;8;8;8
G5;b.RISCO NEUTRO;HVI3;R05;G5 - BHV;R12;8;8;8;8;8;8
G5;a.RISCO BAIXO;HVI3;R05;G5 - BHV;R12;8;8;8;8;8;8
G5;b.RISCO NEUTRO;HVI3;R05;G5 - BHV;R13;8;8;8;8;8;8
G5;c.RISCO ALTO;HVI3;R05;G5 - BHV;R13;8;8;8;8;8;8
G5;a.RISCO BAIXO;HVI3;R05;G5 - BHV;R13;8;8;8;8;8;8
G5;c.RISCO ALTO;HVI3;R05;G5 - BHV;R14;8;8;8;8;8;8
G5;b.RISCO NEUTRO;HVI3;R05;G5 - BHV;R14;8;8;8;8;8;8
G5;a.RISCO BAIXO;HVI3;R05;G5 - BHV;R14;8;8;8;8;8;8
G5;c.RISCO ALTO;HVI3;R05;G5 - BHV;R15;8;8;8;8;8;8
G5;b.RISCO NEUTRO;HVI3;R05;G5 - BHV;R15;8;8;8;8;8;8
G5;a.RISCO BAIXO;HVI3;R05;G5 - BHV;R15;8;8;8;8;8;8
G5;c.RISCO ALTO;HVI3;R05;G5 - BHV;R16;8;8;8;8;8;8
G5;b.RISCO NEUTRO;HVI3;R05;G5 - BHV;R16;8;8;8;8;8;8
G5;a.RISCO BAIXO;HVI3;R05;G5 - BHV;R16;8;8;8;8;8;8
G5;c.RISCO ALTO;HVI3;R05;G5 - BHV;R17;8;8;8;8;8;8
G5;b.RISCO NEUTRO;HVI3;R05;G5 - BHV;R17;8;8;8;8;8;8
G5;a.RISCO BAIXO;HVI3;R05;G5 - BHV;R17;8;8;8;8;8;8
G5;c.RISCO ALTO;HVI3;R05;G5 - BHV;R18;8;8;8;8;8;8
G5;b.RISCO NEUTRO;HVI3;R05;G5 - BHV;R18;8;8;8;8;8;8
G5;a.RISCO BAIXO;HVI3;R05;G5 - BHV;R18;8;8;8;8;8;8
G5;c.RISCO ALTO;HVI3;R05;G5 - BHV;R19;8;8;8;8;8;8
G5;b.RISCO NEUTRO;HVI3;R05;G5 - BHV;R19;8;8;8;8;8;8
G5;a.RISCO BAIXO;HVI3;R05;G5 - BHV;R19;8;8;8;8;8;8
G5;c.RISCO ALTO;HVI3;R05;G5 - BHV;R20;8;8;8;8;8;8
G5;b.RISCO NEUTRO;HVI3;R05;G5 - BHV;R20;8;8;8;8;8;8
G5;a.RISCO BAIXO;HVI3;R05;G5 - BHV;R20;8;8;8;8;8;8
G5;c.RISCO ALTO;HVI3;R05;G5 - BHV;R99;8;8;8;8;8;8
G5;b.RISCO NEUTRO;HVI3;R05;G5 - BHV;R99;8;8;8;8;8;8
G5;a.RISCO BAIXO;HVI3;R05;G5 - BHV;R99;8;8;8;8;8;8
G5;c.RISCO ALTO;HVI3;R06;G5 - BHV;R01;8;8;8;8;8;8
G5;b.RISCO NEUTRO;HVI3;R06;G5 - BHV;R01;8;8;8;8;8;8
G5;a.RISCO BAIXO;HVI3;R06;G5 - BHV;R01;8;8;8;8;8;8
G5;c.RISCO ALTO;HVI3;R06;G5 - BHV;R02;8;8;8;8;8;8
G5;b.RISCO NEUTRO;HVI3;R06;G5 - BHV;R02;8;8;8;8;8;8
G5;a.RISCO BAIXO;HVI3;R06;G5 - BHV;R02;8;8;8;8;8;8
G5;c.RISCO ALTO;HVI3;R06;G5 - BHV;R03;5;5;5;5;5;5
G5;b.RISCO NEUTRO;HVI3;R06;G5 - BHV;R03;5;5;5;5;5;5
G5;a.RISCO BAIXO;HVI3;R06;G5 - BHV;R03;5;5;5;5;5;5
G5;b.RISCO NEUTRO;HVI3;R06;G5 - BHV;R04;5;5;5;5;5;5
G5;c.RISCO ALTO;HVI3;R06;G5 - BHV;R04;5;5;5;5;5;5
G5;a.RISCO BAIXO;HVI3;R06;G5 - BHV;R04;5;5;5;5;5;5
G5;c.RISCO ALTO;HVI3;R06;G5 - BHV;R05;5;5;5;5;5;5
G5;b.RISCO NEUTRO;HVI3;R06;G5 - BHV;R05;5;5;5;5;5;5
G5;a.RISCO BAIXO;HVI3;R06;G5 - BHV;R05;5;5;5;5;5;5
G5;c.RISCO ALTO;HVI3;R06;G5 - BHV;R06;5;5;5;5;5;5
G5;b.RISCO NEUTRO;HVI3;R06;G5 - BHV;R06;5;5;5;5;5;5
G5;a.RISCO BAIXO;HVI3;R06;G5 - BHV;R06;5;5;5;5;5;5
G5;c.RISCO ALTO;HVI3;R06;G5 - BHV;R07;5;5;5;5;5;5
G5;b.RISCO NEUTRO;HVI3;R06;G5 - BHV;R07;5;5;5;5;5;5
G5;a.RISCO BAIXO;HVI3;R06;G5 - BHV;R07;5;5;5;5;5;5
G5;c.RISCO ALTO;HVI3;R06;G5 - BHV;R08;5;5;5;5;5;5
G5;b.RISCO NEUTRO;HVI3;R06;G5 - BHV;R08;5;5;5;5;5;5
G5;a.RISCO BAIXO;HVI3;R06;G5 - BHV;R08;5;5;5;5;5;5
G5;c.RISCO ALTO;HVI3;R06;G5 - BHV;R09;5;5;5;5;5;5
G5;b.RISCO NEUTRO;HVI3;R06;G5 - BHV;R09;5;5;5;5;5;5
G5;a.RISCO BAIXO;HVI3;R06;G5 - BHV;R09;5;5;5;5;5;5
G5;c.RISCO ALTO;HVI3;R06;G5 - BHV;R10;5;5;5;5;5;5
G5;a.RISCO BAIXO;HVI3;R06;G5 - BHV;R10;5;5;5;5;5;5
G5;b.RISCO NEUTRO;HVI3;R06;G5 - BHV;R10;5;5;5;5;5;5
G5;c.RISCO ALTO;HVI3;R06;G5 - BHV;R11;5;5;5;5;5;5
G5;b.RISCO NEUTRO;HVI3;R06;G5 - BHV;R11;5;5;5;5;5;5
G5;a.RISCO BAIXO;HVI3;R06;G5 - BHV;R11;5;5;5;5;5;5
G5;c.RISCO ALTO;HVI3;R06;G5 - BHV;R12;5;5;5;5;5;5
G5;b.RISCO NEUTRO;HVI3;R06;G5 - BHV;R12;5;5;5;5;5;5
G5;a.RISCO BAIXO;HVI3;R06;G5 - BHV;R12;5;5;5;5;5;5
G5;c.RISCO ALTO;HVI3;R06;G5 - BHV;R13;5;5;5;5;5;5
G5;b.RISCO NEUTRO;HVI3;R06;G5 - BHV;R13;5;5;5;5;5;5
G5;a.RISCO BAIXO;HVI3;R06;G5 - BHV;R13;5;5;5;5;5;5
G5;c.RISCO ALTO;HVI3;R06;G5 - BHV;R14;5;5;5;5;5;5
G5;b.RISCO NEUTRO;HVI3;R06;G5 - BHV;R14;5;5;5;5;5;5
G5;a.RISCO BAIXO;HVI3;R06;G5 - BHV;R14;5;5;5;5;5;5
G5;c.RISCO ALTO;HVI3;R06;G5 - BHV;R15;5;5;5;5;5;5
G5;b.RISCO NEUTRO;HVI3;R06;G5 - BHV;R15;5;5;5;5;5;5
G5;a.RISCO BAIXO;HVI3;R06;G5 - BHV;R15;5;5;5;5;5;5
G5;b.RISCO NEUTRO;HVI3;R06;G5 - BHV;R16;5;5;5;5;5;5
G5;c.RISCO ALTO;HVI3;R06;G5 - BHV;R16;5;5;5;5;5;5
G5;a.RISCO BAIXO;HVI3;R06;G5 - BHV;R16;5;5;5;5;5;5
G5;c.RISCO ALTO;HVI3;R06;G5 - BHV;R17;5;5;5;5;5;5
G5;a.RISCO BAIXO;HVI3;R06;G5 - BHV;R17;5;5;5;5;5;5
G5;b.RISCO NEUTRO;HVI3;R06;G5 - BHV;R17;5;5;5;5;5;5
G5;c.RISCO ALTO;HVI3;R06;G5 - BHV;R18;5;5;5;5;5;5
G5;b.RISCO NEUTRO;HVI3;R06;G5 - BHV;R18;5;5;5;5;5;5
G5;a.RISCO BAIXO;HVI3;R06;G5 - BHV;R18;5;5;5;5;5;5
G5;c.RISCO ALTO;HVI3;R06;G5 - BHV;R19;5;5;5;5;5;5
G5;b.RISCO NEUTRO;HVI3;R06;G5 - BHV;R19;5;5;5;5;5;5
G5;a.RISCO BAIXO;HVI3;R06;G5 - BHV;R19;5;5;5;5;5;5
G5;c.RISCO ALTO;HVI3;R06;G5 - BHV;R20;5;5;5;5;5;5
G5;b.RISCO NEUTRO;HVI3;R06;G5 - BHV;R20;5;5;5;5;5;5
G5;a.RISCO BAIXO;HVI3;R06;G5 - BHV;R20;5;5;5;5;5;5
G5;c.RISCO ALTO;HVI3;R06;G5 - BHV;R99;5;5;5;5;5;5
G5;b.RISCO NEUTRO;HVI3;R06;G5 - BHV;R99;5;5;5;5;5;5
G5;a.RISCO BAIXO;HVI3;R06;G5 - BHV;R99;5;5;5;5;5;5
G5;c.RISCO ALTO;HVI3;R07;G5 - BHV;R01;8;8;8;8;8;8
G5;b.RISCO NEUTRO;HVI3;R07;G5 - BHV;R01;8;8;8;8;8;8
G5;a.RISCO BAIXO;HVI3;R07;G5 - BHV;R01;8;8;8;8;8;8
G5;c.RISCO ALTO;HVI3;R07;G5 - BHV;R02;8;8;8;8;8;8
G5;b.RISCO NEUTRO;HVI3;R07;G5 - BHV;R02;8;8;8;8;8;8
G5;a.RISCO BAIXO;HVI3;R07;G5 - BHV;R02;8;8;8;8;8;8
G5;c.RISCO ALTO;HVI3;R07;G5 - BHV;R03;5;5;5;5;5;5
G5;b.RISCO NEUTRO;HVI3;R07;G5 - BHV;R03;5;5;5;5;5;5
G5;a.RISCO BAIXO;HVI3;R07;G5 - BHV;R03;5;5;5;5;5;5
G5;c.RISCO ALTO;HVI3;R07;G5 - BHV;R04;5;5;5;5;5;5
G5;b.RISCO NEUTRO;HVI3;R07;G5 - BHV;R04;5;5;5;5;5;5
G5;a.RISCO BAIXO;HVI3;R07;G5 - BHV;R04;5;5;5;5;5;5
G5;c.RISCO ALTO;HVI3;R07;G5 - BHV;R05;5;5;5;5;5;5
G5;b.RISCO NEUTRO;HVI3;R07;G5 - BHV;R05;5;5;5;5;5;5
G5;a.RISCO BAIXO;HVI3;R07;G5 - BHV;R05;5;5;5;5;5;5
G5;c.RISCO ALTO;HVI3;R07;G5 - BHV;R06;5;5;5;5;5;5
G5;b.RISCO NEUTRO;HVI3;R07;G5 - BHV;R06;5;5;5;5;5;5
G5;a.RISCO BAIXO;HVI3;R07;G5 - BHV;R06;5;5;5;5;5;5
G5;c.RISCO ALTO;HVI3;R07;G5 - BHV;R07;5;5;5;5;5;5
G5;b.RISCO NEUTRO;HVI3;R07;G5 - BHV;R07;5;5;5;5;5;5
G5;a.RISCO BAIXO;HVI3;R07;G5 - BHV;R07;5;5;5;5;5;5
G5;c.RISCO ALTO;HVI3;R07;G5 - BHV;R08;5;5;5;5;5;5
G5;b.RISCO NEUTRO;HVI3;R07;G5 - BHV;R08;5;5;5;5;5;5
G5;a.RISCO BAIXO;HVI3;R07;G5 - BHV;R08;5;5;5;5;5;5
G5;c.RISCO ALTO;HVI3;R07;G5 - BHV;R09;5;5;5;5;5;5
G5;b.RISCO NEUTRO;HVI3;R07;G5 - BHV;R09;5;5;5;5;5;5
G5;a.RISCO BAIXO;HVI3;R07;G5 - BHV;R09;5;5;5;5;5;5
G5;c.RISCO ALTO;HVI3;R07;G5 - BHV;R10;5;5;5;5;5;5
G5;b.RISCO NEUTRO;HVI3;R07;G5 - BHV;R10;5;5;5;5;5;5
G5;a.RISCO BAIXO;HVI3;R07;G5 - BHV;R10;5;5;5;5;5;5
G5;c.RISCO ALTO;HVI3;R07;G5 - BHV;R11;5;5;5;5;5;5
G5;b.RISCO NEUTRO;HVI3;R07;G5 - BHV;R11;5;5;5;5;5;5
G5;a.RISCO BAIXO;HVI3;R07;G5 - BHV;R11;5;5;5;5;5;5
G5;c.RISCO ALTO;HVI3;R07;G5 - BHV;R12;5;5;5;5;5;5
G5;a.RISCO BAIXO;HVI3;R07;G5 - BHV;R12;5;5;5;5;5;5
G5;b.RISCO NEUTRO;HVI3;R07;G5 - BHV;R12;5;5;5;5;5;5
G5;c.RISCO ALTO;HVI3;R07;G5 - BHV;R13;5;5;5;5;5;5
G5;b.RISCO NEUTRO;HVI3;R07;G5 - BHV;R13;5;5;5;5;5;5
G5;a.RISCO BAIXO;HVI3;R07;G5 - BHV;R13;5;5;5;5;5;5
G5;c.RISCO ALTO;HVI3;R07;G5 - BHV;R14;5;5;5;5;5;5
G5;b.RISCO NEUTRO;HVI3;R07;G5 - BHV;R14;5;5;5;5;5;5
G5;a.RISCO BAIXO;HVI3;R07;G5 - BHV;R14;5;5;5;5;5;5
G5;c.RISCO ALTO;HVI3;R07;G5 - BHV;R15;5;5;5;5;5;5
G5;b.RISCO NEUTRO;HVI3;R07;G5 - BHV;R15;5;5;5;5;5;5
G5;a.RISCO BAIXO;HVI3;R07;G5 - BHV;R15;5;5;5;5;5;5
G5;c.RISCO ALTO;HVI3;R07;G5 - BHV;R16;5;5;5;5;5;5
G5;b.RISCO NEUTRO;HVI3;R07;G5 - BHV;R16;5;5;5;5;5;5
G5;a.RISCO BAIXO;HVI3;R07;G5 - BHV;R16;5;5;5;5;5;5
G5;c.RISCO ALTO;HVI3;R07;G5 - BHV;R17;5;5;5;5;5;5
G5;b.RISCO NEUTRO;HVI3;R07;G5 - BHV;R17;5;5;5;5;5;5
G5;a.RISCO BAIXO;HVI3;R07;G5 - BHV;R17;5;5;5;5;5;5
G5;c.RISCO ALTO;HVI3;R07;G5 - BHV;R18;5;5;5;5;5;5
G5;b.RISCO NEUTRO;HVI3;R07;G5 - BHV;R18;5;5;5;5;5;5
G5;a.RISCO BAIXO;HVI3;R07;G5 - BHV;R18;5;5;5;5;5;5
G5;b.RISCO NEUTRO;HVI3;R07;G5 - BHV;R19;5;5;5;5;5;5
G5;c.RISCO ALTO;HVI3;R07;G5 - BHV;R19;5;5;5;5;5;5
G5;a.RISCO BAIXO;HVI3;R07;G5 - BHV;R19;5;5;5;5;5;5
G5;c.RISCO ALTO;HVI3;R07;G5 - BHV;R20;5;5;5;5;5;5
G5;b.RISCO NEUTRO;HVI3;R07;G5 - BHV;R20;5;5;5;5;5;5
G5;a.RISCO BAIXO;HVI3;R07;G5 - BHV;R20;5;5;5;5;5;5
G5;c.RISCO ALTO;HVI3;R07;G5 - BHV;R99;5;5;5;5;5;5
G5;b.RISCO NEUTRO;HVI3;R07;G5 - BHV;R99;5;5;5;5;5;5
G5;a.RISCO BAIXO;HVI3;R07;G5 - BHV;R99;5;5;5;5;5;5
G5;c.RISCO ALTO;HVI3;R08;G5 - BHV;R01;8;8;8;8;8;8
G5;b.RISCO NEUTRO;HVI3;R08;G5 - BHV;R01;8;8;8;8;8;8
G5;a.RISCO BAIXO;HVI3;R08;G5 - BHV;R01;8;8;8;8;8;8
G5;c.RISCO ALTO;HVI3;R08;G5 - BHV;R02;8;8;8;8;8;8
G5;b.RISCO NEUTRO;HVI3;R08;G5 - BHV;R02;8;8;8;8;8;8
G5;a.RISCO BAIXO;HVI3;R08;G5 - BHV;R02;8;8;8;8;8;8
G5;c.RISCO ALTO;HVI3;R08;G5 - BHV;R03;5;5;5;5;5;5
G5;b.RISCO NEUTRO;HVI3;R08;G5 - BHV;R03;5;5;5;5;5;5
G5;a.RISCO BAIXO;HVI3;R08;G5 - BHV;R03;5;5;5;5;5;5
G5;c.RISCO ALTO;HVI3;R08;G5 - BHV;R04;5;5;5;5;5;5
G5;b.RISCO NEUTRO;HVI3;R08;G5 - BHV;R04;5;5;5;5;5;5
G5;a.RISCO BAIXO;HVI3;R08;G5 - BHV;R04;5;5;5;5;5;5
G5;c.RISCO ALTO;HVI3;R08;G5 - BHV;R05;5;5;5;5;5;5
G5;b.RISCO NEUTRO;HVI3;R08;G5 - BHV;R05;5;5;5;5;5;5
G5;a.RISCO BAIXO;HVI3;R08;G5 - BHV;R05;5;5;5;5;5;5
G5;c.RISCO ALTO;HVI3;R08;G5 - BHV;R06;5;5;5;5;5;5
G5;b.RISCO NEUTRO;HVI3;R08;G5 - BHV;R06;5;5;5;5;5;5
G5;a.RISCO BAIXO;HVI3;R08;G5 - BHV;R06;5;5;5;5;5;5
G5;c.RISCO ALTO;HVI3;R08;G5 - BHV;R07;5;5;5;5;5;5
G5;b.RISCO NEUTRO;HVI3;R08;G5 - BHV;R07;5;5;5;5;5;5
G5;a.RISCO BAIXO;HVI3;R08;G5 - BHV;R07;5;5;5;5;5;5
G5;c.RISCO ALTO;HVI3;R08;G5 - BHV;R08;5;5;5;5;5;5
G5;b.RISCO NEUTRO;HVI3;R08;G5 - BHV;R08;5;5;5;5;5;5
G5;a.RISCO BAIXO;HVI3;R08;G5 - BHV;R08;5;5;5;5;5;5
G5;c.RISCO ALTO;HVI3;R08;G5 - BHV;R09;5;5;5;5;5;5
G5;b.RISCO NEUTRO;HVI3;R08;G5 - BHV;R09;5;5;5;5;5;5
G5;a.RISCO BAIXO;HVI3;R08;G5 - BHV;R09;5;5;5;5;5;5
G5;b.RISCO NEUTRO;HVI3;R08;G5 - BHV;R10;5;5;5;5;5;5
G5;c.RISCO ALTO;HVI3;R08;G5 - BHV;R10;5;5;5;5;5;5
G5;a.RISCO BAIXO;HVI3;R08;G5 - BHV;R10;5;5;5;5;5;5
G5;c.RISCO ALTO;HVI3;R08;G5 - BHV;R11;5;5;5;5;5;5
G5;b.RISCO NEUTRO;HVI3;R08;G5 - BHV;R11;5;5;5;5;5;5
G5;a.RISCO BAIXO;HVI3;R08;G5 - BHV;R11;5;5;5;5;5;5
G5;c.RISCO ALTO;HVI3;R08;G5 - BHV;R12;5;5;5;5;5;5
G5;b.RISCO NEUTRO;HVI3;R08;G5 - BHV;R12;5;5;5;5;5;5
G5;a.RISCO BAIXO;HVI3;R08;G5 - BHV;R12;5;5;5;5;5;5
G5;c.RISCO ALTO;HVI3;R08;G5 - BHV;R13;5;5;5;5;5;5
G5;b.RISCO NEUTRO;HVI3;R08;G5 - BHV;R13;5;5;5;5;5;5
G5;a.RISCO BAIXO;HVI3;R08;G5 - BHV;R13;5;5;5;5;5;5
G5;c.RISCO ALTO;HVI3;R08;G5 - BHV;R14;5;5;5;5;5;5
G5;b.RISCO NEUTRO;HVI3;R08;G5 - BHV;R14;5;5;5;5;5;5
G5;a.RISCO BAIXO;HVI3;R08;G5 - BHV;R14;5;5;5;5;5;5
G5;c.RISCO ALTO;HVI3;R08;G5 - BHV;R15;5;5;5;5;5;5
G5;b.RISCO NEUTRO;HVI3;R08;G5 - BHV;R15;5;5;5;5;5;5
G5;a.RISCO BAIXO;HVI3;R08;G5 - BHV;R15;5;5;5;5;5;5
G5;c.RISCO ALTO;HVI3;R08;G5 - BHV;R16;5;5;5;5;5;5
G5;b.RISCO NEUTRO;HVI3;R08;G5 - BHV;R16;5;5;5;5;5;5
G5;a.RISCO BAIXO;HVI3;R08;G5 - BHV;R16;5;5;5;5;5;5
G5;c.RISCO ALTO;HVI3;R08;G5 - BHV;R17;5;5;5;5;5;5
G5;b.RISCO NEUTRO;HVI3;R08;G5 - BHV;R17;5;5;5;5;5;5
G5;a.RISCO BAIXO;HVI3;R08;G5 - BHV;R17;5;5;5;5;5;5
G5;c.RISCO ALTO;HVI3;R08;G5 - BHV;R18;5;5;5;5;5;5
G5;b.RISCO NEUTRO;HVI3;R08;G5 - BHV;R18;5;5;5;5;5;5
G5;a.RISCO BAIXO;HVI3;R08;G5 - BHV;R18;5;5;5;5;5;5
G5;c.RISCO ALTO;HVI3;R08;G5 - BHV;R19;5;5;5;5;5;5
G5;b.RISCO NEUTRO;HVI3;R08;G5 - BHV;R19;5;5;5;5;5;5
G5;a.RISCO BAIXO;HVI3;R08;G5 - BHV;R19;5;5;5;5;5;5
G5;c.RISCO ALTO;HVI3;R08;G5 - BHV;R20;5;5;5;5;5;5
G5;b.RISCO NEUTRO;HVI3;R08;G5 - BHV;R20;5;5;5;5;5;5
G5;a.RISCO BAIXO;HVI3;R08;G5 - BHV;R20;5;5;5;5;5;5
G5;c.RISCO ALTO;HVI3;R08;G5 - BHV;R99;5;5;5;5;5;5
G5;b.RISCO NEUTRO;HVI3;R08;G5 - BHV;R99;5;5;5;5;5;5
G5;a.RISCO BAIXO;HVI3;R08;G5 - BHV;R99;5;5;5;5;5;5
G5;b.RISCO NEUTRO;HVI3;R09;G5 - BHV;R01;8;8;8;8;8;8
G5;c.RISCO ALTO;HVI3;R09;G5 - BHV;R01;8;8;8;8;8;8
G5;a.RISCO BAIXO;HVI3;R09;G5 - BHV;R01;8;8;8;8;8;8
G5;c.RISCO ALTO;HVI3;R09;G5 - BHV;R02;8;8;8;8;8;8
G5;b.RISCO NEUTRO;HVI3;R09;G5 - BHV;R02;8;8;8;8;8;8
G5;a.RISCO BAIXO;HVI3;R09;G5 - BHV;R02;8;8;8;8;8;8
G5;c.RISCO ALTO;HVI3;R09;G5 - BHV;R03;5;5;5;5;5;5
G5;b.RISCO NEUTRO;HVI3;R09;G5 - BHV;R03;5;5;5;5;5;5
G5;a.RISCO BAIXO;HVI3;R09;G5 - BHV;R03;5;5;5;5;5;5
G5;c.RISCO ALTO;HVI3;R09;G5 - BHV;R04;5;5;5;5;5;5
G5;a.RISCO BAIXO;HVI3;R09;G5 - BHV;R04;5;5;5;5;5;5
G5;b.RISCO NEUTRO;HVI3;R09;G5 - BHV;R04;5;5;5;5;5;5
G5;c.RISCO ALTO;HVI3;R09;G5 - BHV;R05;5;5;5;5;5;5
G5;b.RISCO NEUTRO;HVI3;R09;G5 - BHV;R05;5;5;5;5;5;5
G5;a.RISCO BAIXO;HVI3;R09;G5 - BHV;R05;5;5;5;5;5;5
G5;c.RISCO ALTO;HVI3;R09;G5 - BHV;R06;5;5;5;5;5;5
G5;b.RISCO NEUTRO;HVI3;R09;G5 - BHV;R06;5;5;5;5;5;5
G5;a.RISCO BAIXO;HVI3;R09;G5 - BHV;R06;5;5;5;5;5;5
G5;c.RISCO ALTO;HVI3;R09;G5 - BHV;R07;5;5;5;5;5;5
G5;b.RISCO NEUTRO;HVI3;R09;G5 - BHV;R07;5;5;5;5;5;5
G5;a.RISCO BAIXO;HVI3;R09;G5 - BHV;R07;5;5;5;5;5;5
G5;c.RISCO ALTO;HVI3;R09;G5 - BHV;R08;5;5;5;5;5;5
G5;b.RISCO NEUTRO;HVI3;R09;G5 - BHV;R08;5;5;5;5;5;5
G5;a.RISCO BAIXO;HVI3;R09;G5 - BHV;R08;5;5;5;5;5;5
G5;c.RISCO ALTO;HVI3;R09;G5 - BHV;R09;5;5;5;5;5;5
G5;b.RISCO NEUTRO;HVI3;R09;G5 - BHV;R09;5;5;5;5;5;5
G5;a.RISCO BAIXO;HVI3;R09;G5 - BHV;R09;5;5;5;5;5;5
G5;c.RISCO ALTO;HVI3;R09;G5 - BHV;R10;5;5;5;5;5;5
G5;b.RISCO NEUTRO;HVI3;R09;G5 - BHV;R10;5;5;5;5;5;5
G5;a.RISCO BAIXO;HVI3;R09;G5 - BHV;R10;5;5;5;5;5;5
G5;b.RISCO NEUTRO;HVI3;R09;G5 - BHV;R11;5;5;5;5;5;5
G5;c.RISCO ALTO;HVI3;R09;G5 - BHV;R11;5;5;5;5;5;5
G5;a.RISCO BAIXO;HVI3;R09;G5 - BHV;R11;5;5;5;5;5;5
G5;c.RISCO ALTO;HVI3;R09;G5 - BHV;R12;5;5;5;5;5;5
G5;b.RISCO NEUTRO;HVI3;R09;G5 - BHV;R12;5;5;5;5;5;5
G5;a.RISCO BAIXO;HVI3;R09;G5 - BHV;R12;5;5;5;5;5;5
G5;c.RISCO ALTO;HVI3;R09;G5 - BHV;R13;5;5;5;5;5;5
G5;b.RISCO NEUTRO;HVI3;R09;G5 - BHV;R13;5;5;5;5;5;5
G5;a.RISCO BAIXO;HVI3;R09;G5 - BHV;R13;5;5;5;5;5;5
G5;c.RISCO ALTO;HVI3;R09;G5 - BHV;R14;5;5;5;5;5;5
G5;a.RISCO BAIXO;HVI3;R09;G5 - BHV;R14;5;5;5;5;5;5
G5;b.RISCO NEUTRO;HVI3;R09;G5 - BHV;R14;5;5;5;5;5;5
G5;c.RISCO ALTO;HVI3;R09;G5 - BHV;R15;5;5;5;5;5;5
G5;b.RISCO NEUTRO;HVI3;R09;G5 - BHV;R15;5;5;5;5;5;5
G5;a.RISCO BAIXO;HVI3;R09;G5 - BHV;R15;5;5;5;5;5;5
G5;c.RISCO ALTO;HVI3;R09;G5 - BHV;R16;5;5;5;5;5;5
G5;b.RISCO NEUTRO;HVI3;R09;G5 - BHV;R16;5;5;5;5;5;5
G5;a.RISCO BAIXO;HVI3;R09;G5 - BHV;R16;5;5;5;5;5;5
G5;c.RISCO ALTO;HVI3;R09;G5 - BHV;R17;5;5;5;5;5;5
G5;b.RISCO NEUTRO;HVI3;R09;G5 - BHV;R17;5;5;5;5;5;5
G5;a.RISCO BAIXO;HVI3;R09;G5 - BHV;R17;5;5;5;5;5;5
G5;c.RISCO ALTO;HVI3;R09;G5 - BHV;R18;5;5;5;5;5;5
G5;b.RISCO NEUTRO;HVI3;R09;G5 - BHV;R18;5;5;5;5;5;5
G5;a.RISCO BAIXO;HVI3;R09;G5 - BHV;R18;5;5;5;5;5;5
G5;c.RISCO ALTO;HVI3;R09;G5 - BHV;R19;5;5;5;5;5;5
G5;b.RISCO NEUTRO;HVI3;R09;G5 - BHV;R19;5;5;5;5;5;5
G5;a.RISCO BAIXO;HVI3;R09;G5 - BHV;R19;5;5;5;5;5;5
G5;c.RISCO ALTO;HVI3;R09;G5 - BHV;R20;5;5;5;5;5;5
G5;b.RISCO NEUTRO;HVI3;R09;G5 - BHV;R20;5;5;5;5;5;5
G5;a.RISCO BAIXO;HVI3;R09;G5 - BHV;R20;5;5;5;5;5;5
G5;c.RISCO ALTO;HVI3;R09;G5 - BHV;R99;5;5;5;5;5;5
G5;b.RISCO NEUTRO;HVI3;R09;G5 - BHV;R99;5;5;5;5;5;5
G5;a.RISCO BAIXO;HVI3;R09;G5 - BHV;R99;5;5;5;5;5;5
G5;c.RISCO ALTO;HVI3;R10;G5 - BHV;R01;8;8;8;8;8;8
G5;b.RISCO NEUTRO;HVI3;R10;G5 - BHV;R01;8;8;8;8;8;8
G5;a.RISCO BAIXO;HVI3;R10;G5 - BHV;R01;8;8;8;8;8;8
G5;c.RISCO ALTO;HVI3;R10;G5 - BHV;R02;8;8;8;8;8;8
G5;b.RISCO NEUTRO;HVI3;R10;G5 - BHV;R02;8;8;8;8;8;8
G5;a.RISCO BAIXO;HVI3;R10;G5 - BHV;R02;8;8;8;8;8;8
G5;c.RISCO ALTO;HVI3;R10;G5 - BHV;R03;5;5;5;5;5;5
G5;b.RISCO NEUTRO;HVI3;R10;G5 - BHV;R03;5;5;5;5;5;5
G5;a.RISCO BAIXO;HVI3;R10;G5 - BHV;R03;5;5;5;5;5;5
G5;b.RISCO NEUTRO;HVI3;R10;G5 - BHV;R04;5;5;5;5;5;5
G5;a.RISCO BAIXO;HVI3;R10;G5 - BHV;R04;5;5;5;5;5;5
G5;c.RISCO ALTO;HVI3;R10;G5 - BHV;R04;5;5;5;5;5;5
G5;c.RISCO ALTO;HVI3;R10;G5 - BHV;R05;5;5;5;5;5;5
G5;b.RISCO NEUTRO;HVI3;R10;G5 - BHV;R05;5;5;5;5;5;5
G5;a.RISCO BAIXO;HVI3;R10;G5 - BHV;R05;5;5;5;5;5;5
G5;c.RISCO ALTO;HVI3;R10;G5 - BHV;R06;5;5;5;5;5;5
G5;b.RISCO NEUTRO;HVI3;R10;G5 - BHV;R06;5;5;5;5;5;5
G5;a.RISCO BAIXO;HVI3;R10;G5 - BHV;R06;5;5;5;5;5;5
G5;c.RISCO ALTO;HVI3;R10;G5 - BHV;R07;5;5;5;5;5;5
G5;b.RISCO NEUTRO;HVI3;R10;G5 - BHV;R07;5;5;5;5;5;5
G5;a.RISCO BAIXO;HVI3;R10;G5 - BHV;R07;5;5;5;5;5;5
G5;c.RISCO ALTO;HVI3;R10;G5 - BHV;R08;5;5;5;5;5;5
G5;b.RISCO NEUTRO;HVI3;R10;G5 - BHV;R08;5;5;5;5;5;5
G5;a.RISCO BAIXO;HVI3;R10;G5 - BHV;R08;5;5;5;5;5;5
G5;b.RISCO NEUTRO;HVI3;R10;G5 - BHV;R09;5;5;5;5;5;5
G5;c.RISCO ALTO;HVI3;R10;G5 - BHV;R09;5;5;5;5;5;5
G5;a.RISCO BAIXO;HVI3;R10;G5 - BHV;R09;5;5;5;5;5;5
G5;c.RISCO ALTO;HVI3;R10;G5 - BHV;R10;5;5;5;5;5;5
G5;b.RISCO NEUTRO;HVI3;R10;G5 - BHV;R10;5;5;5;5;5;5
G5;a.RISCO BAIXO;HVI3;R10;G5 - BHV;R10;5;5;5;5;5;5
G5;c.RISCO ALTO;HVI3;R10;G5 - BHV;R11;5;5;5;5;5;5
G5;b.RISCO NEUTRO;HVI3;R10;G5 - BHV;R11;5;5;5;5;5;5
G5;a.RISCO BAIXO;HVI3;R10;G5 - BHV;R11;5;5;5;5;5;5
G5;c.RISCO ALTO;HVI3;R10;G5 - BHV;R12;5;5;5;5;5;5
G5;b.RISCO NEUTRO;HVI3;R10;G5 - BHV;R12;5;5;5;5;5;5
G5;a.RISCO BAIXO;HVI3;R10;G5 - BHV;R12;5;5;5;5;5;5
G5;c.RISCO ALTO;HVI3;R10;G5 - BHV;R13;5;5;5;5;5;5
G5;b.RISCO NEUTRO;HVI3;R10;G5 - BHV;R13;5;5;5;5;5;5
G5;a.RISCO BAIXO;HVI3;R10;G5 - BHV;R13;5;5;5;5;5;5
G5;c.RISCO ALTO;HVI3;R10;G5 - BHV;R14;5;5;5;5;5;5
G5;b.RISCO NEUTRO;HVI3;R10;G5 - BHV;R14;5;5;5;5;5;5
G5;a.RISCO BAIXO;HVI3;R10;G5 - BHV;R14;5;5;5;5;5;5
G5;c.RISCO ALTO;HVI3;R10;G5 - BHV;R15;5;5;5;5;5;5
G5;b.RISCO NEUTRO;HVI3;R10;G5 - BHV;R15;5;5;5;5;5;5
G5;a.RISCO BAIXO;HVI3;R10;G5 - BHV;R15;5;5;5;5;5;5
G5;b.RISCO NEUTRO;HVI3;R10;G5 - BHV;R16;5;5;5;5;5;5
G5;c.RISCO ALTO;HVI3;R10;G5 - BHV;R16;5;5;5;5;5;5
G5;a.RISCO BAIXO;HVI3;R10;G5 - BHV;R16;5;5;5;5;5;5
G5;c.RISCO ALTO;HVI3;R10;G5 - BHV;R17;5;5;5;5;5;5
G5;b.RISCO NEUTRO;HVI3;R10;G5 - BHV;R17;5;5;5;5;5;5
G5;a.RISCO BAIXO;HVI3;R10;G5 - BHV;R17;5;5;5;5;5;5
G5;c.RISCO ALTO;HVI3;R10;G5 - BHV;R18;5;5;5;5;5;5
G5;b.RISCO NEUTRO;HVI3;R10;G5 - BHV;R18;5;5;5;5;5;5
G5;a.RISCO BAIXO;HVI3;R10;G5 - BHV;R18;5;5;5;5;5;5
G5;c.RISCO ALTO;HVI3;R10;G5 - BHV;R19;5;5;5;5;5;5
G5;b.RISCO NEUTRO;HVI3;R10;G5 - BHV;R19;5;5;5;5;5;5
G5;a.RISCO BAIXO;HVI3;R10;G5 - BHV;R19;5;5;5;5;5;5
G5;c.RISCO ALTO;HVI3;R10;G5 - BHV;R20;5;5;5;5;5;5
G5;b.RISCO NEUTRO;HVI3;R10;G5 - BHV;R20;5;5;5;5;5;5
G5;a.RISCO BAIXO;HVI3;R10;G5 - BHV;R20;5;5;5;5;5;5
G5;c.RISCO ALTO;HVI3;R10;G5 - BHV;R99;5;5;5;5;5;5
G5;b.RISCO NEUTRO;HVI3;R10;G5 - BHV;R99;5;5;5;5;5;5
G5;a.RISCO BAIXO;HVI3;R10;G5 - BHV;R99;5;5;5;5;5;5
G5;c.RISCO ALTO;HVI3;R11;G5 - BHV;R01;8;8;8;8;8;8
G5;b.RISCO NEUTRO;HVI3;R11;G5 - BHV;R01;8;8;8;8;8;8
G5;a.RISCO BAIXO;HVI3;R11;G5 - BHV;R01;8;8;8;8;8;8
G5;c.RISCO ALTO;HVI3;R11;G5 - BHV;R02;8;8;8;8;8;8
G5;b.RISCO NEUTRO;HVI3;R11;G5 - BHV;R02;8;8;8;8;8;8
G5;a.RISCO BAIXO;HVI3;R11;G5 - BHV;R02;8;8;8;8;8;8
G5;c.RISCO ALTO;HVI3;R11;G5 - BHV;R03;5;5;5;5;5;5
G5;b.RISCO NEUTRO;HVI3;R11;G5 - BHV;R03;5;5;5;5;5;5
G5;a.RISCO BAIXO;HVI3;R11;G5 - BHV;R03;5;5;5;5;5;5
G5;c.RISCO ALTO;HVI3;R11;G5 - BHV;R04;5;5;5;5;5;5
G5;b.RISCO NEUTRO;HVI3;R11;G5 - BHV;R04;5;5;5;5;5;5
G5;a.RISCO BAIXO;HVI3;R11;G5 - BHV;R04;5;5;5;5;5;5
G5;c.RISCO ALTO;HVI3;R11;G5 - BHV;R05;5;5;5;5;5;5
G5;b.RISCO NEUTRO;HVI3;R11;G5 - BHV;R05;5;5;5;5;5;5
G5;a.RISCO BAIXO;HVI3;R11;G5 - BHV;R05;5;5;5;5;5;5
G5;c.RISCO ALTO;HVI3;R11;G5 - BHV;R06;5;5;5;5;5;5
G5;b.RISCO NEUTRO;HVI3;R11;G5 - BHV;R06;5;5;5;5;5;5
G5;a.RISCO BAIXO;HVI3;R11;G5 - BHV;R06;5;5;5;5;5;5
G5;b.RISCO NEUTRO;HVI3;R11;G5 - BHV;R07;5;5;5;5;5;5
G5;c.RISCO ALTO;HVI3;R11;G5 - BHV;R07;5;5;5;5;5;5
G5;a.RISCO BAIXO;HVI3;R11;G5 - BHV;R07;5;5;5;5;5;5
G5;c.RISCO ALTO;HVI3;R11;G5 - BHV;R08;5;5;5;5;5;5
G5;b.RISCO NEUTRO;HVI3;R11;G5 - BHV;R08;5;5;5;5;5;5
G5;a.RISCO BAIXO;HVI3;R11;G5 - BHV;R08;5;5;5;5;5;5
G5;c.RISCO ALTO;HVI3;R11;G5 - BHV;R09;5;5;5;5;5;5
G5;b.RISCO NEUTRO;HVI3;R11;G5 - BHV;R09;5;5;5;5;5;5
G5;a.RISCO BAIXO;HVI3;R11;G5 - BHV;R09;5;5;5;5;5;5
G5;c.RISCO ALTO;HVI3;R11;G5 - BHV;R10;5;5;5;5;5;5
G5;b.RISCO NEUTRO;HVI3;R11;G5 - BHV;R10;5;5;5;5;5;5
G5;a.RISCO BAIXO;HVI3;R11;G5 - BHV;R10;5;5;5;5;5;5
G5;c.RISCO ALTO;HVI3;R11;G5 - BHV;R11;5;5;5;5;5;5
G5;b.RISCO NEUTRO;HVI3;R11;G5 - BHV;R11;5;5;5;5;5;5
G5;a.RISCO BAIXO;HVI3;R11;G5 - BHV;R11;5;5;5;5;5;5
G5;c.RISCO ALTO;HVI3;R11;G5 - BHV;R12;5;5;5;5;5;5
G5;b.RISCO NEUTRO;HVI3;R11;G5 - BHV;R12;5;5;5;5;5;5
G5;a.RISCO BAIXO;HVI3;R11;G5 - BHV;R12;5;5;5;5;5;5
G5;c.RISCO ALTO;HVI3;R11;G5 - BHV;R13;5;5;5;5;5;5
G5;b.RISCO NEUTRO;HVI3;R11;G5 - BHV;R13;5;5;5;5;5;5
G5;a.RISCO BAIXO;HVI3;R11;G5 - BHV;R13;5;5;5;5;5;5
G5;c.RISCO ALTO;HVI3;R11;G5 - BHV;R14;5;5;5;5;5;5
G5;b.RISCO NEUTRO;HVI3;R11;G5 - BHV;R14;5;5;5;5;5;5
G5;a.RISCO BAIXO;HVI3;R11;G5 - BHV;R14;5;5;5;5;5;5
G5;c.RISCO ALTO;HVI3;R11;G5 - BHV;R15;5;5;5;5;5;5
G5;b.RISCO NEUTRO;HVI3;R11;G5 - BHV;R15;5;5;5;5;5;5
G5;a.RISCO BAIXO;HVI3;R11;G5 - BHV;R15;5;5;5;5;5;5
G5;c.RISCO ALTO;HVI3;R11;G5 - BHV;R16;5;5;5;5;5;5
G5;b.RISCO NEUTRO;HVI3;R11;G5 - BHV;R16;5;5;5;5;5;5
G5;a.RISCO BAIXO;HVI3;R11;G5 - BHV;R16;5;5;5;5;5;5
G5;c.RISCO ALTO;HVI3;R11;G5 - BHV;R17;5;5;5;5;5;5
G5;b.RISCO NEUTRO;HVI3;R11;G5 - BHV;R17;5;5;5;5;5;5
G5;a.RISCO BAIXO;HVI3;R11;G5 - BHV;R17;5;5;5;5;5;5
G5;c.RISCO ALTO;HVI3;R11;G5 - BHV;R18;5;5;5;5;5;5
G5;b.RISCO NEUTRO;HVI3;R11;G5 - BHV;R18;5;5;5;5;5;5
G5;a.RISCO BAIXO;HVI3;R11;G5 - BHV;R18;5;5;5;5;5;5
G5;c.RISCO ALTO;HVI3;R11;G5 - BHV;R19;5;5;5;5;5;5
G5;b.RISCO NEUTRO;HVI3;R11;G5 - BHV;R19;5;5;5;5;5;5
G5;a.RISCO BAIXO;HVI3;R11;G5 - BHV;R19;5;5;5;5;5;5
G5;c.RISCO ALTO;HVI3;R11;G5 - BHV;R20;5;5;5;5;5;5
G5;b.RISCO NEUTRO;HVI3;R11;G5 - BHV;R20;5;5;5;5;5;5
G5;a.RISCO BAIXO;HVI3;R11;G5 - BHV;R20;5;5;5;5;5;5
G5;c.RISCO ALTO;HVI3;R11;G5 - BHV;R99;5;5;5;5;5;5
G5;b.RISCO NEUTRO;HVI3;R11;G5 - BHV;R99;5;5;5;5;5;5
G5;a.RISCO BAIXO;HVI3;R11;G5 - BHV;R99;5;5;5;5;5;5
G5;c.RISCO ALTO;HVI3;R12;G5 - BHV;R01;8;8;8;8;8;8
G5;b.RISCO NEUTRO;HVI3;R12;G5 - BHV;R01;8;8;8;8;8;8
G5;a.RISCO BAIXO;HVI3;R12;G5 - BHV;R01;8;8;8;8;8;8
G5;c.RISCO ALTO;HVI3;R12;G5 - BHV;R02;8;8;8;8;8;8
G5;b.RISCO NEUTRO;HVI3;R12;G5 - BHV;R02;8;8;8;8;8;8
G5;a.RISCO BAIXO;HVI3;R12;G5 - BHV;R02;8;8;8;8;8;8
G5;c.RISCO ALTO;HVI3;R12;G5 - BHV;R03;5;5;5;0;5;5
G5;b.RISCO NEUTRO;HVI3;R12;G5 - BHV;R03;5;5;5;0;5;5
G5;a.RISCO BAIXO;HVI3;R12;G5 - BHV;R03;5;5;5;5;5;5
G5;c.RISCO ALTO;HVI3;R12;G5 - BHV;R04;5;5;5;0;5;5
G5;b.RISCO NEUTRO;HVI3;R12;G5 - BHV;R04;5;5;5;0;5;5
G5;a.RISCO BAIXO;HVI3;R12;G5 - BHV;R04;5;5;5;5;5;5
G5;c.RISCO ALTO;HVI3;R12;G5 - BHV;R05;5;5;5;0;5;5
G5;b.RISCO NEUTRO;HVI3;R12;G5 - BHV;R05;5;5;5;0;5;5
G5;a.RISCO BAIXO;HVI3;R12;G5 - BHV;R05;5;5;5;5;5;5
G5;c.RISCO ALTO;HVI3;R12;G5 - BHV;R06;5;0;0;0;0;0
G5;b.RISCO NEUTRO;HVI3;R12;G5 - BHV;R06;5;5;5;0;5;5
G5;a.RISCO BAIXO;HVI3;R12;G5 - BHV;R06;5;5;5;5;5;5
G5;c.RISCO ALTO;HVI3;R12;G5 - BHV;R07;5;0;0;0;0;0
G5;b.RISCO NEUTRO;HVI3;R12;G5 - BHV;R07;5;5;5;0;5;5
G5;a.RISCO BAIXO;HVI3;R12;G5 - BHV;R07;5;5;5;5;5;5
G5;c.RISCO ALTO;HVI3;R12;G5 - BHV;R08;5;0;0;0;0;0
G5;b.RISCO NEUTRO;HVI3;R12;G5 - BHV;R08;5;5;5;0;5;5
G5;a.RISCO BAIXO;HVI3;R12;G5 - BHV;R08;5;5;5;5;5;5
G5;c.RISCO ALTO;HVI3;R12;G5 - BHV;R09;5;0;0;0;0;0
G5;b.RISCO NEUTRO;HVI3;R12;G5 - BHV;R09;5;5;5;0;5;5
G5;a.RISCO BAIXO;HVI3;R12;G5 - BHV;R09;5;5;5;5;5;5
G5;c.RISCO ALTO;HVI3;R12;G5 - BHV;R10;5;0;0;0;0;0
G5;b.RISCO NEUTRO;HVI3;R12;G5 - BHV;R10;5;5;5;0;5;5
G5;a.RISCO BAIXO;HVI3;R12;G5 - BHV;R10;5;5;5;5;5;5
G5;c.RISCO ALTO;HVI3;R12;G5 - BHV;R11;5;0;0;0;0;0
G5;b.RISCO NEUTRO;HVI3;R12;G5 - BHV;R11;5;5;5;0;5;5
G5;a.RISCO BAIXO;HVI3;R12;G5 - BHV;R11;5;5;5;5;5;5
G5;c.RISCO ALTO;HVI3;R12;G5 - BHV;R12;5;0;0;0;0;0
G5;b.RISCO NEUTRO;HVI3;R12;G5 - BHV;R12;5;5;5;0;5;5
G5;a.RISCO BAIXO;HVI3;R12;G5 - BHV;R12;5;5;5;5;5;5
G5;c.RISCO ALTO;HVI3;R12;G5 - BHV;R13;5;0;0;0;0;0
G5;b.RISCO NEUTRO;HVI3;R12;G5 - BHV;R13;5;5;5;0;5;5
G5;a.RISCO BAIXO;HVI3;R12;G5 - BHV;R13;5;5;5;5;5;5
G5;c.RISCO ALTO;HVI3;R12;G5 - BHV;R14;5;0;0;0;0;0
G5;b.RISCO NEUTRO;HVI3;R12;G5 - BHV;R14;5;5;5;0;5;5
G5;a.RISCO BAIXO;HVI3;R12;G5 - BHV;R14;5;5;5;5;5;5
G5;c.RISCO ALTO;HVI3;R12;G5 - BHV;R15;5;0;0;0;0;0
G5;b.RISCO NEUTRO;HVI3;R12;G5 - BHV;R15;5;5;5;0;5;5
G5;a.RISCO BAIXO;HVI3;R12;G5 - BHV;R15;5;5;5;5;5;5
G5;c.RISCO ALTO;HVI3;R12;G5 - BHV;R16;5;0;0;0;0;0
G5;b.RISCO NEUTRO;HVI3;R12;G5 - BHV;R16;5;5;5;0;5;5
G5;a.RISCO BAIXO;HVI3;R12;G5 - BHV;R16;5;5;5;5;5;5
G5;c.RISCO ALTO;HVI3;R12;G5 - BHV;R17;5;0;0;0;0;0
G5;b.RISCO NEUTRO;HVI3;R12;G5 - BHV;R17;5;5;5;0;5;5
G5;a.RISCO BAIXO;HVI3;R12;G5 - BHV;R17;5;5;5;5;5;5
G5;b.RISCO NEUTRO;HVI3;R12;G5 - BHV;R18;5;5;5;0;5;5
G5;c.RISCO ALTO;HVI3;R12;G5 - BHV;R18;5;0;0;0;0;0
G5;a.RISCO BAIXO;HVI3;R12;G5 - BHV;R18;5;5;5;5;5;5
G5;c.RISCO ALTO;HVI3;R12;G5 - BHV;R19;5;0;0;0;0;0
G5;b.RISCO NEUTRO;HVI3;R12;G5 - BHV;R19;5;5;5;0;5;5
G5;a.RISCO BAIXO;HVI3;R12;G5 - BHV;R19;5;5;5;5;5;5
G5;c.RISCO ALTO;HVI3;R12;G5 - BHV;R20;5;0;0;0;0;0
G5;b.RISCO NEUTRO;HVI3;R12;G5 - BHV;R20;5;5;5;0;5;5
G5;a.RISCO BAIXO;HVI3;R12;G5 - BHV;R20;5;5;5;5;5;5
G5;c.RISCO ALTO;HVI3;R12;G5 - BHV;R99;5;0;0;0;0;0
G5;b.RISCO NEUTRO;HVI3;R12;G5 - BHV;R99;5;5;5;0;5;5
G5;a.RISCO BAIXO;HVI3;R12;G5 - BHV;R99;5;5;5;5;5;5
G5;b.RISCO NEUTRO;HVI3;R13;G5 - BHV;R01;8;8;8;8;8;8
G5;c.RISCO ALTO;HVI3;R13;G5 - BHV;R01;8;8;8;8;8;8
G5;a.RISCO BAIXO;HVI3;R13;G5 - BHV;R01;8;8;8;8;8;8
G5;c.RISCO ALTO;HVI3;R13;G5 - BHV;R02;8;8;8;8;8;8
G5;b.RISCO NEUTRO;HVI3;R13;G5 - BHV;R02;8;8;8;8;8;8
G5;a.RISCO BAIXO;HVI3;R13;G5 - BHV;R02;8;8;8;8;8;8
G5;c.RISCO ALTO;HVI3;R13;G5 - BHV;R03;5;5;5;0;5;5
G5;b.RISCO NEUTRO;HVI3;R13;G5 - BHV;R03;5;5;5;0;5;5
G5;a.RISCO BAIXO;HVI3;R13;G5 - BHV;R03;5;5;5;5;5;5
G5;c.RISCO ALTO;HVI3;R13;G5 - BHV;R04;5;5;5;0;5;5
G5;b.RISCO NEUTRO;HVI3;R13;G5 - BHV;R04;5;5;5;0;5;5
G5;a.RISCO BAIXO;HVI3;R13;G5 - BHV;R04;5;5;5;5;5;5
G5;c.RISCO ALTO;HVI3;R13;G5 - BHV;R05;5;5;5;0;5;5
G5;b.RISCO NEUTRO;HVI3;R13;G5 - BHV;R05;5;5;5;0;5;5
G5;a.RISCO BAIXO;HVI3;R13;G5 - BHV;R05;5;5;5;5;5;5
G5;c.RISCO ALTO;HVI3;R13;G5 - BHV;R06;5;0;0;0;0;0
G5;b.RISCO NEUTRO;HVI3;R13;G5 - BHV;R06;5;5;5;0;5;5
G5;a.RISCO BAIXO;HVI3;R13;G5 - BHV;R06;5;5;5;5;5;5
G5;c.RISCO ALTO;HVI3;R13;G5 - BHV;R07;5;0;0;0;0;0
G5;b.RISCO NEUTRO;HVI3;R13;G5 - BHV;R07;5;0;0;0;0;0
G5;a.RISCO BAIXO;HVI3;R13;G5 - BHV;R07;5;5;5;5;5;5
G5;c.RISCO ALTO;HVI3;R13;G5 - BHV;R08;5;0;0;0;0;0
G5;b.RISCO NEUTRO;HVI3;R13;G5 - BHV;R08;5;0;0;0;0;0
G5;a.RISCO BAIXO;HVI3;R13;G5 - BHV;R08;5;5;5;5;5;5
G5;c.RISCO ALTO;HVI3;R13;G5 - BHV;R09;5;0;0;0;0;0
G5;b.RISCO NEUTRO;HVI3;R13;G5 - BHV;R09;5;0;0;0;0;0
G5;a.RISCO BAIXO;HVI3;R13;G5 - BHV;R09;5;5;5;5;5;5
G5;c.RISCO ALTO;HVI3;R13;G5 - BHV;R10;5;0;0;0;0;0
G5;b.RISCO NEUTRO;HVI3;R13;G5 - BHV;R10;5;0;0;0;0;0
G5;a.RISCO BAIXO;HVI3;R13;G5 - BHV;R10;5;5;5;5;5;5
G5;c.RISCO ALTO;HVI3;R13;G5 - BHV;R11;5;0;0;0;0;0
G5;b.RISCO NEUTRO;HVI3;R13;G5 - BHV;R11;5;0;0;0;0;0
G5;a.RISCO BAIXO;HVI3;R13;G5 - BHV;R11;5;5;5;5;5;5
G5;c.RISCO ALTO;HVI3;R13;G5 - BHV;R12;5;0;0;0;0;0
G5;b.RISCO NEUTRO;HVI3;R13;G5 - BHV;R12;5;0;0;0;0;0
G5;a.RISCO BAIXO;HVI3;R13;G5 - BHV;R12;5;5;5;5;5;5
G5;b.RISCO NEUTRO;HVI3;R13;G5 - BHV;R13;5;0;0;0;0;0
G5;c.RISCO ALTO;HVI3;R13;G5 - BHV;R13;5;0;0;0;0;0
G5;a.RISCO BAIXO;HVI3;R13;G5 - BHV;R13;5;5;5;5;5;5
G5;c.RISCO ALTO;HVI3;R13;G5 - BHV;R14;5;0;0;0;0;0
G5;b.RISCO NEUTRO;HVI3;R13;G5 - BHV;R14;5;0;0;0;0;0
G5;a.RISCO BAIXO;HVI3;R13;G5 - BHV;R14;5;5;5;5;5;5
G5;c.RISCO ALTO;HVI3;R13;G5 - BHV;R15;5;0;0;0;0;0
G5;b.RISCO NEUTRO;HVI3;R13;G5 - BHV;R15;5;0;0;0;0;0
G5;a.RISCO BAIXO;HVI3;R13;G5 - BHV;R15;5;5;5;5;5;5
G5;c.RISCO ALTO;HVI3;R13;G5 - BHV;R16;5;0;0;0;0;0
G5;b.RISCO NEUTRO;HVI3;R13;G5 - BHV;R16;5;0;0;0;0;0
G5;a.RISCO BAIXO;HVI3;R13;G5 - BHV;R16;5;5;5;5;5;5
G5;c.RISCO ALTO;HVI3;R13;G5 - BHV;R17;5;0;0;0;0;0
G5;b.RISCO NEUTRO;HVI3;R13;G5 - BHV;R17;5;0;0;0;0;0
G5;a.RISCO BAIXO;HVI3;R13;G5 - BHV;R17;5;5;5;5;5;5
G5;c.RISCO ALTO;HVI3;R13;G5 - BHV;R18;5;0;0;0;0;0
G5;b.RISCO NEUTRO;HVI3;R13;G5 - BHV;R18;5;0;0;0;0;0
G5;a.RISCO BAIXO;HVI3;R13;G5 - BHV;R18;5;5;5;5;5;5
G5;c.RISCO ALTO;HVI3;R13;G5 - BHV;R19;5;0;0;0;0;0
G5;b.RISCO NEUTRO;HVI3;R13;G5 - BHV;R19;5;0;0;0;0;0
G5;a.RISCO BAIXO;HVI3;R13;G5 - BHV;R19;5;5;5;5;5;5
G5;c.RISCO ALTO;HVI3;R13;G5 - BHV;R20;5;0;0;0;0;0
G5;b.RISCO NEUTRO;HVI3;R13;G5 - BHV;R20;5;0;0;0;0;0
G5;a.RISCO BAIXO;HVI3;R13;G5 - BHV;R20;5;5;5;5;5;5
G5;b.RISCO NEUTRO;HVI3;R13;G5 - BHV;R99;5;0;0;0;0;0
G5;c.RISCO ALTO;HVI3;R13;G5 - BHV;R99;5;0;0;0;0;0
G5;a.RISCO BAIXO;HVI3;R13;G5 - BHV;R99;5;5;5;5;5;5
G5;c.RISCO ALTO;HVI3;R14;G5 - BHV;R01;8;8;8;8;8;8
G5;b.RISCO NEUTRO;HVI3;R14;G5 - BHV;R01;8;8;8;8;8;8
G5;a.RISCO BAIXO;HVI3;R14;G5 - BHV;R01;8;8;8;8;8;8
G5;c.RISCO ALTO;HVI3;R14;G5 - BHV;R02;8;8;8;8;8;8
G5;b.RISCO NEUTRO;HVI3;R14;G5 - BHV;R02;8;8;8;8;8;8
G5;a.RISCO BAIXO;HVI3;R14;G5 - BHV;R02;8;8;8;8;8;8
G5;c.RISCO ALTO;HVI3;R14;G5 - BHV;R03;5;5;5;0;5;5
G5;b.RISCO NEUTRO;HVI3;R14;G5 - BHV;R03;5;5;5;0;5;5
G5;a.RISCO BAIXO;HVI3;R14;G5 - BHV;R03;5;5;5;5;5;5
G5;c.RISCO ALTO;HVI3;R14;G5 - BHV;R04;5;5;5;0;5;5
G5;b.RISCO NEUTRO;HVI3;R14;G5 - BHV;R04;5;5;5;0;5;5
G5;a.RISCO BAIXO;HVI3;R14;G5 - BHV;R04;5;5;5;5;5;5
G5;c.RISCO ALTO;HVI3;R14;G5 - BHV;R05;5;5;5;0;5;5
G5;b.RISCO NEUTRO;HVI3;R14;G5 - BHV;R05;5;5;5;0;5;5
G5;a.RISCO BAIXO;HVI3;R14;G5 - BHV;R05;5;5;5;5;5;5
G5;c.RISCO ALTO;HVI3;R14;G5 - BHV;R06;5;0;0;0;0;0
G5;b.RISCO NEUTRO;HVI3;R14;G5 - BHV;R06;5;5;5;0;5;5
G5;a.RISCO BAIXO;HVI3;R14;G5 - BHV;R06;5;5;5;5;5;5
G5;c.RISCO ALTO;HVI3;R14;G5 - BHV;R07;5;0;0;0;0;0
G5;b.RISCO NEUTRO;HVI3;R14;G5 - BHV;R07;5;0;0;0;0;0
G5;a.RISCO BAIXO;HVI3;R14;G5 - BHV;R07;5;5;5;5;5;5
G5;c.RISCO ALTO;HVI3;R14;G5 - BHV;R08;5;0;0;0;0;0
G5;b.RISCO NEUTRO;HVI3;R14;G5 - BHV;R08;5;0;0;0;0;0
G5;a.RISCO BAIXO;HVI3;R14;G5 - BHV;R08;5;5;5;5;5;5
G5;c.RISCO ALTO;HVI3;R14;G5 - BHV;R09;5;0;0;0;0;0
G5;b.RISCO NEUTRO;HVI3;R14;G5 - BHV;R09;5;0;0;0;0;0
G5;a.RISCO BAIXO;HVI3;R14;G5 - BHV;R09;5;5;5;5;5;5
G5;c.RISCO ALTO;HVI3;R14;G5 - BHV;R10;5;0;0;0;0;0
G5;b.RISCO NEUTRO;HVI3;R14;G5 - BHV;R10;5;0;0;0;0;0
G5;a.RISCO BAIXO;HVI3;R14;G5 - BHV;R10;5;5;5;5;5;5
G5;c.RISCO ALTO;HVI3;R14;G5 - BHV;R11;5;0;0;0;0;0
G5;b.RISCO NEUTRO;HVI3;R14;G5 - BHV;R11;5;0;0;0;0;0
G5;a.RISCO BAIXO;HVI3;R14;G5 - BHV;R11;5;5;5;5;5;5
G5;c.RISCO ALTO;HVI3;R14;G5 - BHV;R12;5;0;0;0;0;0
G5;b.RISCO NEUTRO;HVI3;R14;G5 - BHV;R12;5;0;0;0;0;0
G5;a.RISCO BAIXO;HVI3;R14;G5 - BHV;R12;5;5;5;5;5;5
G5;c.RISCO ALTO;HVI3;R14;G5 - BHV;R13;5;0;0;0;0;0
G5;b.RISCO NEUTRO;HVI3;R14;G5 - BHV;R13;5;0;0;0;0;0
G5;a.RISCO BAIXO;HVI3;R14;G5 - BHV;R13;5;5;5;5;5;5
G5;c.RISCO ALTO;HVI3;R14;G5 - BHV;R14;5;0;0;0;0;0
G5;b.RISCO NEUTRO;HVI3;R14;G5 - BHV;R14;5;0;0;0;0;0
G5;a.RISCO BAIXO;HVI3;R14;G5 - BHV;R14;5;5;5;5;5;5
G5;c.RISCO ALTO;HVI3;R14;G5 - BHV;R15;5;0;0;0;0;0
G5;b.RISCO NEUTRO;HVI3;R14;G5 - BHV;R15;5;0;0;0;0;0
G5;a.RISCO BAIXO;HVI3;R14;G5 - BHV;R15;5;5;5;5;5;5
G5;b.RISCO NEUTRO;HVI3;R14;G5 - BHV;R16;5;0;0;0;0;0
G5;c.RISCO ALTO;HVI3;R14;G5 - BHV;R16;5;0;0;0;0;0
G5;a.RISCO BAIXO;HVI3;R14;G5 - BHV;R16;5;5;5;5;5;5
G5;c.RISCO ALTO;HVI3;R14;G5 - BHV;R17;5;0;0;0;0;0
G5;b.RISCO NEUTRO;HVI3;R14;G5 - BHV;R17;5;0;0;0;0;0
G5;a.RISCO BAIXO;HVI3;R14;G5 - BHV;R17;5;5;5;5;5;5
G5;c.RISCO ALTO;HVI3;R14;G5 - BHV;R18;5;0;0;0;0;0
G5;b.RISCO NEUTRO;HVI3;R14;G5 - BHV;R18;5;0;0;0;0;0
G5;a.RISCO BAIXO;HVI3;R14;G5 - BHV;R18;5;5;5;5;5;5
G5;c.RISCO ALTO;HVI3;R14;G5 - BHV;R19;5;0;0;0;0;0
G5;b.RISCO NEUTRO;HVI3;R14;G5 - BHV;R19;5;0;0;0;0;0
G5;a.RISCO BAIXO;HVI3;R14;G5 - BHV;R19;5;5;5;5;5;5
G5;c.RISCO ALTO;HVI3;R14;G5 - BHV;R20;5;0;0;0;0;0
G5;b.RISCO NEUTRO;HVI3;R14;G5 - BHV;R20;5;0;0;0;0;0
G5;a.RISCO BAIXO;HVI3;R14;G5 - BHV;R20;5;5;5;5;5;5
G5;c.RISCO ALTO;HVI3;R14;G5 - BHV;R99;5;0;0;0;0;0
G5;b.RISCO NEUTRO;HVI3;R14;G5 - BHV;R99;5;0;0;0;0;0
G5;a.RISCO BAIXO;HVI3;R14;G5 - BHV;R99;5;5;5;5;5;5
G5;c.RISCO ALTO;HVI3;R15;G5 - BHV;R01;8;8;8;0;8;8
G5;b.RISCO NEUTRO;HVI3;R15;G5 - BHV;R01;8;8;8;0;8;8
G5;a.RISCO BAIXO;HVI3;R15;G5 - BHV;R01;8;8;8;0;8;8
G5;c.RISCO ALTO;HVI3;R15;G5 - BHV;R02;8;8;8;0;8;8
G5;b.RISCO NEUTRO;HVI3;R15;G5 - BHV;R02;8;8;8;0;8;8
G5;a.RISCO BAIXO;HVI3;R15;G5 - BHV;R02;8;8;8;0;8;8
G5;c.RISCO ALTO;HVI3;R15;G5 - BHV;R03;5;5;5;0;5;5
G5;b.RISCO NEUTRO;HVI3;R15;G5 - BHV;R03;5;5;5;0;5;5
G5;a.RISCO BAIXO;HVI3;R15;G5 - BHV;R03;5;5;5;0;5;5
G5;c.RISCO ALTO;HVI3;R15;G5 - BHV;R04;5;5;5;0;5;5
G5;b.RISCO NEUTRO;HVI3;R15;G5 - BHV;R04;5;5;5;0;5;5
G5;a.RISCO BAIXO;HVI3;R15;G5 - BHV;R04;5;5;5;0;5;5
G5;c.RISCO ALTO;HVI3;R15;G5 - BHV;R05;5;5;5;0;5;5
G5;b.RISCO NEUTRO;HVI3;R15;G5 - BHV;R05;5;5;5;0;5;5
G5;a.RISCO BAIXO;HVI3;R15;G5 - BHV;R05;5;5;5;0;5;5
G5;c.RISCO ALTO;HVI3;R15;G5 - BHV;R06;5;0;0;0;0;0
G5;b.RISCO NEUTRO;HVI3;R15;G5 - BHV;R06;5;5;5;0;5;5
G5;a.RISCO BAIXO;HVI3;R15;G5 - BHV;R06;5;5;5;0;5;5
G5;b.RISCO NEUTRO;HVI3;R15;G5 - BHV;R07;5;0;0;0;0;0
G5;c.RISCO ALTO;HVI3;R15;G5 - BHV;R07;5;0;0;0;0;0
G5;a.RISCO BAIXO;HVI3;R15;G5 - BHV;R07;5;5;5;0;5;5
G5;c.RISCO ALTO;HVI3;R15;G5 - BHV;R08;5;0;0;0;0;0
G5;b.RISCO NEUTRO;HVI3;R15;G5 - BHV;R08;5;0;0;0;0;0
G5;a.RISCO BAIXO;HVI3;R15;G5 - BHV;R08;5;5;5;0;5;5
G5;c.RISCO ALTO;HVI3;R15;G5 - BHV;R09;5;0;0;0;0;0
G5;b.RISCO NEUTRO;HVI3;R15;G5 - BHV;R09;5;0;0;0;0;0
G5;a.RISCO BAIXO;HVI3;R15;G5 - BHV;R09;5;5;5;0;5;5
G5;c.RISCO ALTO;HVI3;R15;G5 - BHV;R10;5;0;0;0;0;0
G5;b.RISCO NEUTRO;HVI3;R15;G5 - BHV;R10;5;0;0;0;0;0
G5;a.RISCO BAIXO;HVI3;R15;G5 - BHV;R10;5;5;5;0;5;5
G5;c.RISCO ALTO;HVI3;R15;G5 - BHV;R11;5;0;0;0;0;0
G5;b.RISCO NEUTRO;HVI3;R15;G5 - BHV;R11;5;0;0;0;0;0
G5;a.RISCO BAIXO;HVI3;R15;G5 - BHV;R11;5;5;5;0;5;5
G5;c.RISCO ALTO;HVI3;R15;G5 - BHV;R12;5;0;0;0;0;0
G5;b.RISCO NEUTRO;HVI3;R15;G5 - BHV;R12;5;0;0;0;0;0
G5;a.RISCO BAIXO;HVI3;R15;G5 - BHV;R12;5;5;5;0;5;5
G5;c.RISCO ALTO;HVI3;R15;G5 - BHV;R13;5;0;0;0;0;0
G5;b.RISCO NEUTRO;HVI3;R15;G5 - BHV;R13;5;0;0;0;0;0
G5;a.RISCO BAIXO;HVI3;R15;G5 - BHV;R13;5;5;5;0;5;5
G5;c.RISCO ALTO;HVI3;R15;G5 - BHV;R14;5;0;0;0;0;0
G5;b.RISCO NEUTRO;HVI3;R15;G5 - BHV;R14;5;0;0;0;0;0
G5;a.RISCO BAIXO;HVI3;R15;G5 - BHV;R14;5;5;5;0;5;5
G5;c.RISCO ALTO;HVI3;R15;G5 - BHV;R15;5;0;0;0;0;0
G5;b.RISCO NEUTRO;HVI3;R15;G5 - BHV;R15;5;0;0;0;0;0
G5;a.RISCO BAIXO;HVI3;R15;G5 - BHV;R15;5;5;5;0;5;5
G5;c.RISCO ALTO;HVI3;R15;G5 - BHV;R16;5;0;0;0;0;0
G5;b.RISCO NEUTRO;HVI3;R15;G5 - BHV;R16;5;0;0;0;0;0
G5;a.RISCO BAIXO;HVI3;R15;G5 - BHV;R16;5;5;5;0;5;5
G5;c.RISCO ALTO;HVI3;R15;G5 - BHV;R17;5;0;0;0;0;0
G5;b.RISCO NEUTRO;HVI3;R15;G5 - BHV;R17;5;0;0;0;0;0
G5;a.RISCO BAIXO;HVI3;R15;G5 - BHV;R17;5;5;5;0;5;5
G5;c.RISCO ALTO;HVI3;R15;G5 - BHV;R18;5;0;0;0;0;0
G5;b.RISCO NEUTRO;HVI3;R15;G5 - BHV;R18;5;0;0;0;0;0
G5;a.RISCO BAIXO;HVI3;R15;G5 - BHV;R18;5;5;5;0;5;5
G5;b.RISCO NEUTRO;HVI3;R15;G5 - BHV;R19;5;0;0;0;0;0
G5;c.RISCO ALTO;HVI3;R15;G5 - BHV;R19;5;0;0;0;0;0
G5;a.RISCO BAIXO;HVI3;R15;G5 - BHV;R19;5;5;5;0;5;5
G5;c.RISCO ALTO;HVI3;R15;G5 - BHV;R20;5;0;0;0;0;0
G5;b.RISCO NEUTRO;HVI3;R15;G5 - BHV;R20;5;0;0;0;0;0
G5;a.RISCO BAIXO;HVI3;R15;G5 - BHV;R20;5;5;5;0;5;5
G5;c.RISCO ALTO;HVI3;R15;G5 - BHV;R99;5;0;0;0;0;0
G5;b.RISCO NEUTRO;HVI3;R15;G5 - BHV;R99;5;0;0;0;0;0
G5;a.RISCO BAIXO;HVI3;R15;G5 - BHV;R99;5;5;5;0;5;5
G5;c.RISCO ALTO;HVI3;R16;G5 - BHV;R01;8;8;8;0;8;8
G5;b.RISCO NEUTRO;HVI3;R16;G5 - BHV;R01;8;8;8;0;8;8
G5;a.RISCO BAIXO;HVI3;R16;G5 - BHV;R01;8;8;8;0;8;8
G5;c.RISCO ALTO;HVI3;R16;G5 - BHV;R02;8;8;8;0;8;8
G5;b.RISCO NEUTRO;HVI3;R16;G5 - BHV;R02;8;8;8;0;8;8
G5;a.RISCO BAIXO;HVI3;R16;G5 - BHV;R02;8;8;8;0;8;8
G5;c.RISCO ALTO;HVI3;R16;G5 - BHV;R03;5;5;5;0;5;5
G5;b.RISCO NEUTRO;HVI3;R16;G5 - BHV;R03;5;0;0;0;0;0
G5;a.RISCO BAIXO;HVI3;R16;G5 - BHV;R03;5;5;5;0;5;5
G5;c.RISCO ALTO;HVI3;R16;G5 - BHV;R04;5;0;0;0;0;0
G5;b.RISCO NEUTRO;HVI3;R16;G5 - BHV;R04;5;0;0;0;0;0
G5;a.RISCO BAIXO;HVI3;R16;G5 - BHV;R04;5;5;5;0;5;5
G5;c.RISCO ALTO;HVI3;R16;G5 - BHV;R05;5;0;0;0;0;0
G5;b.RISCO NEUTRO;HVI3;R16;G5 - BHV;R05;5;0;0;0;0;0
G5;a.RISCO BAIXO;HVI3;R16;G5 - BHV;R05;5;5;5;0;5;5
G5;b.RISCO NEUTRO;HVI3;R16;G5 - BHV;R06;5;0;0;0;0;0
G5;c.RISCO ALTO;HVI3;R16;G5 - BHV;R06;5;0;0;0;0;0
G5;a.RISCO BAIXO;HVI3;R16;G5 - BHV;R06;5;5;5;0;5;5
G5;c.RISCO ALTO;HVI3;R16;G5 - BHV;R07;5;0;0;0;0;0
G5;b.RISCO NEUTRO;HVI3;R16;G5 - BHV;R07;5;0;0;0;0;0
G5;a.RISCO BAIXO;HVI3;R16;G5 - BHV;R07;5;5;5;0;5;5
G5;c.RISCO ALTO;HVI3;R16;G5 - BHV;R08;5;0;0;0;0;0
G5;b.RISCO NEUTRO;HVI3;R16;G5 - BHV;R08;5;0;0;0;0;0
G5;a.RISCO BAIXO;HVI3;R16;G5 - BHV;R08;5;0;0;0;0;0
G5;c.RISCO ALTO;HVI3;R16;G5 - BHV;R09;5;0;0;0;0;0
G5;b.RISCO NEUTRO;HVI3;R16;G5 - BHV;R09;5;0;0;0;0;0
G5;a.RISCO BAIXO;HVI3;R16;G5 - BHV;R09;5;0;0;0;0;0
G5;c.RISCO ALTO;HVI3;R16;G5 - BHV;R10;5;0;0;0;0;0
G5;b.RISCO NEUTRO;HVI3;R16;G5 - BHV;R10;5;0;0;0;0;0
G5;a.RISCO BAIXO;HVI3;R16;G5 - BHV;R10;5;0;0;0;0;0
G5;c.RISCO ALTO;HVI3;R16;G5 - BHV;R11;5;0;0;0;0;0
G5;b.RISCO NEUTRO;HVI3;R16;G5 - BHV;R11;5;0;0;0;0;0
G5;a.RISCO BAIXO;HVI3;R16;G5 - BHV;R11;5;0;0;0;0;0
G5;c.RISCO ALTO;HVI3;R16;G5 - BHV;R12;5;0;0;0;0;0
G5;b.RISCO NEUTRO;HVI3;R16;G5 - BHV;R12;5;0;0;0;0;0
G5;a.RISCO BAIXO;HVI3;R16;G5 - BHV;R12;5;0;0;0;0;0
G5;c.RISCO ALTO;HVI3;R16;G5 - BHV;R13;5;0;0;0;0;0
G5;b.RISCO NEUTRO;HVI3;R16;G5 - BHV;R13;5;0;0;0;0;0
G5;a.RISCO BAIXO;HVI3;R16;G5 - BHV;R13;5;0;0;0;0;0
G5;c.RISCO ALTO;HVI3;R16;G5 - BHV;R14;5;0;0;0;0;0
G5;b.RISCO NEUTRO;HVI3;R16;G5 - BHV;R14;5;0;0;0;0;0
G5;a.RISCO BAIXO;HVI3;R16;G5 - BHV;R14;5;0;0;0;0;0
G5;c.RISCO ALTO;HVI3;R16;G5 - BHV;R15;5;0;0;0;0;0
G5;b.RISCO NEUTRO;HVI3;R16;G5 - BHV;R15;5;0;0;0;0;0
G5;a.RISCO BAIXO;HVI3;R16;G5 - BHV;R15;5;0;0;0;0;0
G5;c.RISCO ALTO;HVI3;R16;G5 - BHV;R16;5;0;0;0;0;0
G5;b.RISCO NEUTRO;HVI3;R16;G5 - BHV;R16;5;0;0;0;0;0
G5;a.RISCO BAIXO;HVI3;R16;G5 - BHV;R16;5;0;0;0;0;0
G5;c.RISCO ALTO;HVI3;R16;G5 - BHV;R17;5;0;0;0;0;0
G5;b.RISCO NEUTRO;HVI3;R16;G5 - BHV;R17;5;0;0;0;0;0
G5;a.RISCO BAIXO;HVI3;R16;G5 - BHV;R17;5;0;0;0;0;0
G5;c.RISCO ALTO;HVI3;R16;G5 - BHV;R18;5;0;0;0;0;0
G5;b.RISCO NEUTRO;HVI3;R16;G5 - BHV;R18;5;0;0;0;0;0
G5;a.RISCO BAIXO;HVI3;R16;G5 - BHV;R18;5;0;0;0;0;0
G5;c.RISCO ALTO;HVI3;R16;G5 - BHV;R19;5;0;0;0;0;0
G5;b.RISCO NEUTRO;HVI3;R16;G5 - BHV;R19;5;0;0;0;0;0
G5;a.RISCO BAIXO;HVI3;R16;G5 - BHV;R19;5;0;0;0;0;0
G5;c.RISCO ALTO;HVI3;R16;G5 - BHV;R20;5;0;0;0;0;0
G5;b.RISCO NEUTRO;HVI3;R16;G5 - BHV;R20;5;0;0;0;0;0
G5;a.RISCO BAIXO;HVI3;R16;G5 - BHV;R20;5;0;0;0;0;0
G5;c.RISCO ALTO;HVI3;R16;G5 - BHV;R99;5;0;0;0;0;0
G5;b.RISCO NEUTRO;HVI3;R16;G5 - BHV;R99;5;0;0;0;0;0
G5;a.RISCO BAIXO;HVI3;R16;G5 - BHV;R99;5;0;0;0;0;0
G5;b.RISCO NEUTRO;HVI3;R17;G5 - BHV;R01;8;8;8;0;8;8
G5;c.RISCO ALTO;HVI3;R17;G5 - BHV;R01;8;8;8;0;8;8
G5;a.RISCO BAIXO;HVI3;R17;G5 - BHV;R01;8;8;8;0;8;8
G5;c.RISCO ALTO;HVI3;R17;G5 - BHV;R02;8;8;8;0;8;8
G5;b.RISCO NEUTRO;HVI3;R17;G5 - BHV;R02;8;8;8;0;8;8
G5;a.RISCO BAIXO;HVI3;R17;G5 - BHV;R02;8;8;8;0;8;8
G5;c.RISCO ALTO;HVI3;R17;G5 - BHV;R03;5;5;5;0;5;5
G5;b.RISCO NEUTRO;HVI3;R17;G5 - BHV;R03;5;0;0;0;0;0
G5;a.RISCO BAIXO;HVI3;R17;G5 - BHV;R03;5;5;5;0;5;5
G5;c.RISCO ALTO;HVI3;R17;G5 - BHV;R04;5;0;0;0;0;0
G5;b.RISCO NEUTRO;HVI3;R17;G5 - BHV;R04;5;0;0;0;0;0
G5;a.RISCO BAIXO;HVI3;R17;G5 - BHV;R04;5;5;5;0;5;5
G5;c.RISCO ALTO;HVI3;R17;G5 - BHV;R05;5;0;0;0;0;0
G5;b.RISCO NEUTRO;HVI3;R17;G5 - BHV;R05;5;0;0;0;0;0
G5;a.RISCO BAIXO;HVI3;R17;G5 - BHV;R05;5;5;5;0;5;5
G5;c.RISCO ALTO;HVI3;R17;G5 - BHV;R06;5;0;0;0;0;0
G5;b.RISCO NEUTRO;HVI3;R17;G5 - BHV;R06;5;0;0;0;0;0
G5;a.RISCO BAIXO;HVI3;R17;G5 - BHV;R06;5;5;5;0;5;5
G5;c.RISCO ALTO;HVI3;R17;G5 - BHV;R07;5;0;0;0;0;0
G5;b.RISCO NEUTRO;HVI3;R17;G5 - BHV;R07;5;0;0;0;0;0
G5;a.RISCO BAIXO;HVI3;R17;G5 - BHV;R07;5;5;5;0;5;5
G5;c.RISCO ALTO;HVI3;R17;G5 - BHV;R08;5;0;0;0;0;0
G5;b.RISCO NEUTRO;HVI3;R17;G5 - BHV;R08;5;0;0;0;0;0
G5;a.RISCO BAIXO;HVI3;R17;G5 - BHV;R08;5;0;0;0;0;0
G5;b.RISCO NEUTRO;HVI3;R17;G5 - BHV;R09;5;0;0;0;0;0
G5;c.RISCO ALTO;HVI3;R17;G5 - BHV;R09;5;0;0;0;0;0
G5;a.RISCO BAIXO;HVI3;R17;G5 - BHV;R09;5;0;0;0;0;0
G5;c.RISCO ALTO;HVI3;R17;G5 - BHV;R10;5;0;0;0;0;0
G5;b.RISCO NEUTRO;HVI3;R17;G5 - BHV;R10;5;0;0;0;0;0
G5;a.RISCO BAIXO;HVI3;R17;G5 - BHV;R10;5;0;0;0;0;0
G5;c.RISCO ALTO;HVI3;R17;G5 - BHV;R11;5;0;0;0;0;0
G5;b.RISCO NEUTRO;HVI3;R17;G5 - BHV;R11;5;0;0;0;0;0
G5;a.RISCO BAIXO;HVI3;R17;G5 - BHV;R11;5;0;0;0;0;0
G5;c.RISCO ALTO;HVI3;R17;G5 - BHV;R12;5;0;0;0;0;0
G5;b.RISCO NEUTRO;HVI3;R17;G5 - BHV;R12;5;0;0;0;0;0
G5;a.RISCO BAIXO;HVI3;R17;G5 - BHV;R12;5;0;0;0;0;0
G5;b.RISCO NEUTRO;HVI3;R17;G5 - BHV;R13;5;0;0;0;0;0
G5;c.RISCO ALTO;HVI3;R17;G5 - BHV;R13;5;0;0;0;0;0
G5;a.RISCO BAIXO;HVI3;R17;G5 - BHV;R13;5;0;0;0;0;0
G5;c.RISCO ALTO;HVI3;R17;G5 - BHV;R14;5;0;0;0;0;0
G5;b.RISCO NEUTRO;HVI3;R17;G5 - BHV;R14;5;0;0;0;0;0
G5;a.RISCO BAIXO;HVI3;R17;G5 - BHV;R14;5;0;0;0;0;0
G5;c.RISCO ALTO;HVI3;R17;G5 - BHV;R15;5;0;0;0;0;0
G5;b.RISCO NEUTRO;HVI3;R17;G5 - BHV;R15;5;0;0;0;0;0
G5;a.RISCO BAIXO;HVI3;R17;G5 - BHV;R15;5;0;0;0;0;0
G5;c.RISCO ALTO;HVI3;R17;G5 - BHV;R16;5;0;0;0;0;0
G5;b.RISCO NEUTRO;HVI3;R17;G5 - BHV;R16;5;0;0;0;0;0
G5;a.RISCO BAIXO;HVI3;R17;G5 - BHV;R16;5;0;0;0;0;0
G5;b.RISCO NEUTRO;HVI3;R17;G5 - BHV;R17;5;0;0;0;0;0
G5;c.RISCO ALTO;HVI3;R17;G5 - BHV;R17;5;0;0;0;0;0
G5;a.RISCO BAIXO;HVI3;R17;G5 - BHV;R17;5;0;0;0;0;0
G5;c.RISCO ALTO;HVI3;R17;G5 - BHV;R18;5;0;0;0;0;0
G5;b.RISCO NEUTRO;HVI3;R17;G5 - BHV;R18;5;0;0;0;0;0
G5;a.RISCO BAIXO;HVI3;R17;G5 - BHV;R18;5;0;0;0;0;0
G5;c.RISCO ALTO;HVI3;R17;G5 - BHV;R19;5;0;0;0;0;0
G5;b.RISCO NEUTRO;HVI3;R17;G5 - BHV;R19;5;0;0;0;0;0
G5;a.RISCO BAIXO;HVI3;R17;G5 - BHV;R19;5;0;0;0;0;0
G5;c.RISCO ALTO;HVI3;R17;G5 - BHV;R20;5;0;0;0;0;0
G5;b.RISCO NEUTRO;HVI3;R17;G5 - BHV;R20;5;0;0;0;0;0
G5;a.RISCO BAIXO;HVI3;R17;G5 - BHV;R20;5;0;0;0;0;0
G5;c.RISCO ALTO;HVI3;R17;G5 - BHV;R99;5;0;0;0;0;0
G5;b.RISCO NEUTRO;HVI3;R17;G5 - BHV;R99;5;0;0;0;0;0
G5;a.RISCO BAIXO;HVI3;R17;G5 - BHV;R99;5;0;0;0;0;0
G5;c.RISCO ALTO;HVI3;R18;G5 - BHV;R01;8;8;8;0;8;8
G5;b.RISCO NEUTRO;HVI3;R18;G5 - BHV;R01;8;8;8;0;8;8
G5;a.RISCO BAIXO;HVI3;R18;G5 - BHV;R01;8;8;8;0;8;8
G5;c.RISCO ALTO;HVI3;R18;G5 - BHV;R02;8;8;8;0;8;8
G5;b.RISCO NEUTRO;HVI3;R18;G5 - BHV;R02;8;8;8;0;8;8
G5;a.RISCO BAIXO;HVI3;R18;G5 - BHV;R02;8;8;8;0;8;8
G5;c.RISCO ALTO;HVI3;R18;G5 - BHV;R03;5;0;0;0;0;0
G5;b.RISCO NEUTRO;HVI3;R18;G5 - BHV;R03;5;0;0;0;0;0
G5;a.RISCO BAIXO;HVI3;R18;G5 - BHV;R03;5;5;5;0;5;5
G5;b.RISCO NEUTRO;HVI3;R18;G5 - BHV;R04;5;0;0;0;0;0
G5;c.RISCO ALTO;HVI3;R18;G5 - BHV;R04;5;0;0;0;0;0
G5;a.RISCO BAIXO;HVI3;R18;G5 - BHV;R04;5;5;5;0;5;5
G5;c.RISCO ALTO;HVI3;R18;G5 - BHV;R05;5;0;0;0;0;0
G5;b.RISCO NEUTRO;HVI3;R18;G5 - BHV;R05;5;0;0;0;0;0
G5;a.RISCO BAIXO;HVI3;R18;G5 - BHV;R05;5;5;5;0;5;5
G5;c.RISCO ALTO;HVI3;R18;G5 - BHV;R06;5;0;0;0;0;0
G5;b.RISCO NEUTRO;HVI3;R18;G5 - BHV;R06;5;0;0;0;0;0
G5;a.RISCO BAIXO;HVI3;R18;G5 - BHV;R06;5;5;5;0;5;5
G5;c.RISCO ALTO;HVI3;R18;G5 - BHV;R07;5;0;0;0;0;0
G5;b.RISCO NEUTRO;HVI3;R18;G5 - BHV;R07;5;0;0;0;0;0
G5;a.RISCO BAIXO;HVI3;R18;G5 - BHV;R07;5;5;5;0;5;5
G5;b.RISCO NEUTRO;HVI3;R18;G5 - BHV;R08;5;0;0;0;0;0
G5;c.RISCO ALTO;HVI3;R18;G5 - BHV;R08;5;0;0;0;0;0
G5;a.RISCO BAIXO;HVI3;R18;G5 - BHV;R08;5;0;0;0;0;0
G5;c.RISCO ALTO;HVI3;R18;G5 - BHV;R09;5;0;0;0;0;0
G5;b.RISCO NEUTRO;HVI3;R18;G5 - BHV;R09;5;0;0;0;0;0
G5;a.RISCO BAIXO;HVI3;R18;G5 - BHV;R09;5;0;0;0;0;0
G5;c.RISCO ALTO;HVI3;R18;G5 - BHV;R10;5;0;0;0;0;0
G5;b.RISCO NEUTRO;HVI3;R18;G5 - BHV;R10;5;0;0;0;0;0
G5;a.RISCO BAIXO;HVI3;R18;G5 - BHV;R10;5;0;0;0;0;0
G5;c.RISCO ALTO;HVI3;R18;G5 - BHV;R11;5;0;0;0;0;0
G5;b.RISCO NEUTRO;HVI3;R18;G5 - BHV;R11;5;0;0;0;0;0
G5;a.RISCO BAIXO;HVI3;R18;G5 - BHV;R11;5;0;0;0;0;0
G5;c.RISCO ALTO;HVI3;R18;G5 - BHV;R12;5;0;0;0;0;0
G5;b.RISCO NEUTRO;HVI3;R18;G5 - BHV;R12;5;0;0;0;0;0
G5;a.RISCO BAIXO;HVI3;R18;G5 - BHV;R12;5;0;0;0;0;0
G5;c.RISCO ALTO;HVI3;R18;G5 - BHV;R13;5;0;0;0;0;0
G5;b.RISCO NEUTRO;HVI3;R18;G5 - BHV;R13;5;0;0;0;0;0
G5;a.RISCO BAIXO;HVI3;R18;G5 - BHV;R13;5;0;0;0;0;0
G5;c.RISCO ALTO;HVI3;R18;G5 - BHV;R14;5;0;0;0;0;0
G5;b.RISCO NEUTRO;HVI3;R18;G5 - BHV;R14;5;0;0;0;0;0
G5;a.RISCO BAIXO;HVI3;R18;G5 - BHV;R14;5;0;0;0;0;0
G5;c.RISCO ALTO;HVI3;R18;G5 - BHV;R15;5;0;0;0;0;0
G5;b.RISCO NEUTRO;HVI3;R18;G5 - BHV;R15;5;0;0;0;0;0
G5;a.RISCO BAIXO;HVI3;R18;G5 - BHV;R15;5;0;0;0;0;0
G5;c.RISCO ALTO;HVI3;R18;G5 - BHV;R16;5;0;0;0;0;0
G5;b.RISCO NEUTRO;HVI3;R18;G5 - BHV;R16;5;0;0;0;0;0
G5;a.RISCO BAIXO;HVI3;R18;G5 - BHV;R16;5;0;0;0;0;0
G5;c.RISCO ALTO;HVI3;R18;G5 - BHV;R17;5;0;0;0;0;0
G5;b.RISCO NEUTRO;HVI3;R18;G5 - BHV;R17;5;0;0;0;0;0
G5;a.RISCO BAIXO;HVI3;R18;G5 - BHV;R17;5;0;0;0;0;0
G5;c.RISCO ALTO;HVI3;R18;G5 - BHV;R18;5;0;0;0;0;0
G5;b.RISCO NEUTRO;HVI3;R18;G5 - BHV;R18;5;0;0;0;0;0
G5;a.RISCO BAIXO;HVI3;R18;G5 - BHV;R18;5;0;0;0;0;0
G5;c.RISCO ALTO;HVI3;R18;G5 - BHV;R19;5;0;0;0;0;0
G5;b.RISCO NEUTRO;HVI3;R18;G5 - BHV;R19;5;0;0;0;0;0
G5;a.RISCO BAIXO;HVI3;R18;G5 - BHV;R19;5;0;0;0;0;0
G5;c.RISCO ALTO;HVI3;R18;G5 - BHV;R20;5;0;0;0;0;0
G5;b.RISCO NEUTRO;HVI3;R18;G5 - BHV;R20;5;0;0;0;0;0
G5;a.RISCO BAIXO;HVI3;R18;G5 - BHV;R20;5;0;0;0;0;0
G5;c.RISCO ALTO;HVI3;R18;G5 - BHV;R99;5;0;0;0;0;0
G5;b.RISCO NEUTRO;HVI3;R18;G5 - BHV;R99;5;0;0;0;0;0
G5;a.RISCO BAIXO;HVI3;R18;G5 - BHV;R99;5;0;0;0;0;0
G5;c.RISCO ALTO;HVI3;R19;G5 - BHV;R01;8;8;8;0;8;8
G5;b.RISCO NEUTRO;HVI3;R19;G5 - BHV;R01;8;8;8;0;8;8
G5;a.RISCO BAIXO;HVI3;R19;G5 - BHV;R01;8;8;8;0;8;8
G5;c.RISCO ALTO;HVI3;R19;G5 - BHV;R02;8;8;8;0;8;8
G5;b.RISCO NEUTRO;HVI3;R19;G5 - BHV;R02;8;8;8;0;8;8
G5;a.RISCO BAIXO;HVI3;R19;G5 - BHV;R02;8;8;8;0;8;8
G5;c.RISCO ALTO;HVI3;R19;G5 - BHV;R03;5;0;0;0;0;0
G5;b.RISCO NEUTRO;HVI3;R19;G5 - BHV;R03;5;0;0;0;0;0
G5;a.RISCO BAIXO;HVI3;R19;G5 - BHV;R03;5;5;5;0;5;5
G5;c.RISCO ALTO;HVI3;R19;G5 - BHV;R04;5;0;0;0;0;0
G5;b.RISCO NEUTRO;HVI3;R19;G5 - BHV;R04;5;0;0;0;0;0
G5;a.RISCO BAIXO;HVI3;R19;G5 - BHV;R04;5;5;5;0;5;5
G5;c.RISCO ALTO;HVI3;R19;G5 - BHV;R05;5;0;0;0;0;0
G5;b.RISCO NEUTRO;HVI3;R19;G5 - BHV;R05;5;0;0;0;0;0
G5;a.RISCO BAIXO;HVI3;R19;G5 - BHV;R05;5;5;5;0;5;5
G5;c.RISCO ALTO;HVI3;R19;G5 - BHV;R06;5;0;0;0;0;0
G5;b.RISCO NEUTRO;HVI3;R19;G5 - BHV;R06;5;0;0;0;0;0
G5;a.RISCO BAIXO;HVI3;R19;G5 - BHV;R06;5;5;5;0;5;5
G5;c.RISCO ALTO;HVI3;R19;G5 - BHV;R07;5;0;0;0;0;0
G5;b.RISCO NEUTRO;HVI3;R19;G5 - BHV;R07;5;0;0;0;0;0
G5;a.RISCO BAIXO;HVI3;R19;G5 - BHV;R07;5;5;5;0;5;5
G5;c.RISCO ALTO;HVI3;R19;G5 - BHV;R08;5;0;0;0;0;0
G5;b.RISCO NEUTRO;HVI3;R19;G5 - BHV;R08;5;0;0;0;0;0
G5;a.RISCO BAIXO;HVI3;R19;G5 - BHV;R08;5;0;0;0;0;0
G5;c.RISCO ALTO;HVI3;R19;G5 - BHV;R09;5;0;0;0;0;0
G5;b.RISCO NEUTRO;HVI3;R19;G5 - BHV;R09;5;0;0;0;0;0
G5;a.RISCO BAIXO;HVI3;R19;G5 - BHV;R09;5;0;0;0;0;0
G5;c.RISCO ALTO;HVI3;R19;G5 - BHV;R10;5;0;0;0;0;0
G5;b.RISCO NEUTRO;HVI3;R19;G5 - BHV;R10;5;0;0;0;0;0
G5;a.RISCO BAIXO;HVI3;R19;G5 - BHV;R10;5;0;0;0;0;0
G5;c.RISCO ALTO;HVI3;R19;G5 - BHV;R11;5;0;0;0;0;0
G5;b.RISCO NEUTRO;HVI3;R19;G5 - BHV;R11;5;0;0;0;0;0
G5;a.RISCO BAIXO;HVI3;R19;G5 - BHV;R11;5;0;0;0;0;0
G5;c.RISCO ALTO;HVI3;R19;G5 - BHV;R12;5;0;0;0;0;0
G5;b.RISCO NEUTRO;HVI3;R19;G5 - BHV;R12;5;0;0;0;0;0
G5;a.RISCO BAIXO;HVI3;R19;G5 - BHV;R12;5;0;0;0;0;0
G5;c.RISCO ALTO;HVI3;R19;G5 - BHV;R13;5;0;0;0;0;0
G5;b.RISCO NEUTRO;HVI3;R19;G5 - BHV;R13;5;0;0;0;0;0
G5;a.RISCO BAIXO;HVI3;R19;G5 - BHV;R13;5;0;0;0;0;0
G5;c.RISCO ALTO;HVI3;R19;G5 - BHV;R14;5;0;0;0;0;0
G5;b.RISCO NEUTRO;HVI3;R19;G5 - BHV;R14;5;0;0;0;0;0
G5;a.RISCO BAIXO;HVI3;R19;G5 - BHV;R14;5;0;0;0;0;0
G5;c.RISCO ALTO;HVI3;R19;G5 - BHV;R15;5;0;0;0;0;0
G5;b.RISCO NEUTRO;HVI3;R19;G5 - BHV;R15;5;0;0;0;0;0
G5;a.RISCO BAIXO;HVI3;R19;G5 - BHV;R15;5;0;0;0;0;0
G5;c.RISCO ALTO;HVI3;R19;G5 - BHV;R16;5;0;0;0;0;0
G5;b.RISCO NEUTRO;HVI3;R19;G5 - BHV;R16;5;0;0;0;0;0
G5;a.RISCO BAIXO;HVI3;R19;G5 - BHV;R16;5;0;0;0;0;0
G5;c.RISCO ALTO;HVI3;R19;G5 - BHV;R17;5;0;0;0;0;0
G5;b.RISCO NEUTRO;HVI3;R19;G5 - BHV;R17;5;0;0;0;0;0
G5;a.RISCO BAIXO;HVI3;R19;G5 - BHV;R17;5;0;0;0;0;0
G5;c.RISCO ALTO;HVI3;R19;G5 - BHV;R18;5;0;0;0;0;0
G5;b.RISCO NEUTRO;HVI3;R19;G5 - BHV;R18;5;0;0;0;0;0
G5;a.RISCO BAIXO;HVI3;R19;G5 - BHV;R18;5;0;0;0;0;0
G5;b.RISCO NEUTRO;HVI3;R19;G5 - BHV;R19;5;0;0;0;0;0
G5;c.RISCO ALTO;HVI3;R19;G5 - BHV;R19;5;0;0;0;0;0
G5;a.RISCO BAIXO;HVI3;R19;G5 - BHV;R19;5;0;0;0;0;0
G5;c.RISCO ALTO;HVI3;R19;G5 - BHV;R20;5;0;0;0;0;0
G5;b.RISCO NEUTRO;HVI3;R19;G5 - BHV;R20;5;0;0;0;0;0
G5;a.RISCO BAIXO;HVI3;R19;G5 - BHV;R20;5;0;0;0;0;0
G5;c.RISCO ALTO;HVI3;R19;G5 - BHV;R99;5;0;0;0;0;0
G5;b.RISCO NEUTRO;HVI3;R19;G5 - BHV;R99;5;0;0;0;0;0
G5;a.RISCO BAIXO;HVI3;R19;G5 - BHV;R99;5;0;0;0;0;0
G5;c.RISCO ALTO;HVI3;R20;G5 - BHV;R01;8;8;8;0;8;8
G5;b.RISCO NEUTRO;HVI3;R20;G5 - BHV;R01;8;8;8;0;8;8
G5;a.RISCO BAIXO;HVI3;R20;G5 - BHV;R01;8;8;8;0;8;8
G5;b.RISCO NEUTRO;HVI3;R20;G5 - BHV;R02;8;8;8;0;8;8
G5;c.RISCO ALTO;HVI3;R20;G5 - BHV;R02;8;8;8;0;8;8
G5;a.RISCO BAIXO;HVI3;R20;G5 - BHV;R02;8;8;8;0;8;8
G5;c.RISCO ALTO;HVI3;R20;G5 - BHV;R03;5;0;0;0;0;0
G5;b.RISCO NEUTRO;HVI3;R20;G5 - BHV;R03;5;0;0;0;0;0
G5;a.RISCO BAIXO;HVI3;R20;G5 - BHV;R03;5;5;5;0;5;5
G5;c.RISCO ALTO;HVI3;R20;G5 - BHV;R04;5;0;0;0;0;0
G5;b.RISCO NEUTRO;HVI3;R20;G5 - BHV;R04;5;0;0;0;0;0
G5;a.RISCO BAIXO;HVI3;R20;G5 - BHV;R04;5;5;5;0;5;5
G5;c.RISCO ALTO;HVI3;R20;G5 - BHV;R05;5;0;0;0;0;0
G5;b.RISCO NEUTRO;HVI3;R20;G5 - BHV;R05;5;0;0;0;0;0
G5;a.RISCO BAIXO;HVI3;R20;G5 - BHV;R05;5;5;5;0;5;5
G5;c.RISCO ALTO;HVI3;R20;G5 - BHV;R06;5;0;0;0;0;0
G5;b.RISCO NEUTRO;HVI3;R20;G5 - BHV;R06;5;0;0;0;0;0
G5;a.RISCO BAIXO;HVI3;R20;G5 - BHV;R06;5;5;5;0;5;5
G5;c.RISCO ALTO;HVI3;R20;G5 - BHV;R07;5;0;0;0;0;0
G5;b.RISCO NEUTRO;HVI3;R20;G5 - BHV;R07;5;0;0;0;0;0
G5;a.RISCO BAIXO;HVI3;R20;G5 - BHV;R07;5;5;5;0;5;5
G5;c.RISCO ALTO;HVI3;R20;G5 - BHV;R08;5;0;0;0;0;0
G5;b.RISCO NEUTRO;HVI3;R20;G5 - BHV;R08;5;0;0;0;0;0
G5;a.RISCO BAIXO;HVI3;R20;G5 - BHV;R08;5;0;0;0;0;0
G5;c.RISCO ALTO;HVI3;R20;G5 - BHV;R09;5;0;0;0;0;0
G5;b.RISCO NEUTRO;HVI3;R20;G5 - BHV;R09;5;0;0;0;0;0
G5;a.RISCO BAIXO;HVI3;R20;G5 - BHV;R09;5;0;0;0;0;0
G5;c.RISCO ALTO;HVI3;R20;G5 - BHV;R10;5;0;0;0;0;0
G5;b.RISCO NEUTRO;HVI3;R20;G5 - BHV;R10;5;0;0;0;0;0
G5;a.RISCO BAIXO;HVI3;R20;G5 - BHV;R10;5;0;0;0;0;0
G5;c.RISCO ALTO;HVI3;R20;G5 - BHV;R11;5;0;0;0;0;0
G5;b.RISCO NEUTRO;HVI3;R20;G5 - BHV;R11;5;0;0;0;0;0
G5;a.RISCO BAIXO;HVI3;R20;G5 - BHV;R11;5;0;0;0;0;0
G5;c.RISCO ALTO;HVI3;R20;G5 - BHV;R12;5;0;0;0;0;0
G5;b.RISCO NEUTRO;HVI3;R20;G5 - BHV;R12;5;0;0;0;0;0
G5;a.RISCO BAIXO;HVI3;R20;G5 - BHV;R12;5;0;0;0;0;0
G5;c.RISCO ALTO;HVI3;R20;G5 - BHV;R13;5;0;0;0;0;0
G5;b.RISCO NEUTRO;HVI3;R20;G5 - BHV;R13;5;0;0;0;0;0
G5;a.RISCO BAIXO;HVI3;R20;G5 - BHV;R13;5;0;0;0;0;0
G5;c.RISCO ALTO;HVI3;R20;G5 - BHV;R14;5;0;0;0;0;0
G5;b.RISCO NEUTRO;HVI3;R20;G5 - BHV;R14;5;0;0;0;0;0
G5;a.RISCO BAIXO;HVI3;R20;G5 - BHV;R14;5;0;0;0;0;0
G5;c.RISCO ALTO;HVI3;R20;G5 - BHV;R15;5;0;0;0;0;0
G5;b.RISCO NEUTRO;HVI3;R20;G5 - BHV;R15;5;0;0;0;0;0
G5;a.RISCO BAIXO;HVI3;R20;G5 - BHV;R15;5;0;0;0;0;0
G5;c.RISCO ALTO;HVI3;R20;G5 - BHV;R16;5;0;0;0;0;0
G5;b.RISCO NEUTRO;HVI3;R20;G5 - BHV;R16;5;0;0;0;0;0
G5;a.RISCO BAIXO;HVI3;R20;G5 - BHV;R16;5;0;0;0;0;0
G5;c.RISCO ALTO;HVI3;R20;G5 - BHV;R17;5;0;0;0;0;0
G5;b.RISCO NEUTRO;HVI3;R20;G5 - BHV;R17;5;0;0;0;0;0
G5;a.RISCO BAIXO;HVI3;R20;G5 - BHV;R17;5;0;0;0;0;0
G5;c.RISCO ALTO;HVI3;R20;G5 - BHV;R18;5;0;0;0;0;0
G5;b.RISCO NEUTRO;HVI3;R20;G5 - BHV;R18;5;0;0;0;0;0
G5;a.RISCO BAIXO;HVI3;R20;G5 - BHV;R18;5;0;0;0;0;0
G5;c.RISCO ALTO;HVI3;R20;G5 - BHV;R19;5;0;0;0;0;0
G5;b.RISCO NEUTRO;HVI3;R20;G5 - BHV;R19;5;0;0;0;0;0
G5;a.RISCO BAIXO;HVI3;R20;G5 - BHV;R19;5;0;0;0;0;0
G5;c.RISCO ALTO;HVI3;R20;G5 - BHV;R20;5;0;0;0;0;0
G5;b.RISCO NEUTRO;HVI3;R20;G5 - BHV;R20;5;0;0;0;0;0
G5;a.RISCO BAIXO;HVI3;R20;G5 - BHV;R20;5;0;0;0;0;0
G5;c.RISCO ALTO;HVI3;R20;G5 - BHV;R99;5;0;0;0;0;0
G5;b.RISCO NEUTRO;HVI3;R20;G5 - BHV;R99;5;0;0;0;0;0
G5;a.RISCO BAIXO;HVI3;R20;G5 - BHV;R99;5;0;0;0;0;0
G5;c.RISCO ALTO;HVI3;R99;G5 - BHV;R01;5;0;0;0;0;0
G5;b.RISCO NEUTRO;HVI3;R99;G5 - BHV;R01;5;0;0;0;0;0
G5;a.RISCO BAIXO;HVI3;R99;G5 - BHV;R01;5;0;0;0;0;0
G5;c.RISCO ALTO;HVI3;R99;G5 - BHV;R02;5;0;0;0;0;0
G5;b.RISCO NEUTRO;HVI3;R99;G5 - BHV;R02;5;0;0;0;0;0
G5;a.RISCO BAIXO;HVI3;R99;G5 - BHV;R02;5;0;0;0;0;0
G5;c.RISCO ALTO;HVI3;R99;G5 - BHV;R03;5;0;0;0;0;0
G5;b.RISCO NEUTRO;HVI3;R99;G5 - BHV;R03;5;0;0;0;0;0
G5;a.RISCO BAIXO;HVI3;R99;G5 - BHV;R03;5;0;0;0;0;0
G5;c.RISCO ALTO;HVI3;R99;G5 - BHV;R04;5;0;0;0;0;0
G5;b.RISCO NEUTRO;HVI3;R99;G5 - BHV;R04;5;0;0;0;0;0
G5;a.RISCO BAIXO;HVI3;R99;G5 - BHV;R04;5;0;0;0;0;0
G5;c.RISCO ALTO;HVI3;R99;G5 - BHV;R05;5;0;0;0;0;0
G5;b.RISCO NEUTRO;HVI3;R99;G5 - BHV;R05;5;0;0;0;0;0
G5;a.RISCO BAIXO;HVI3;R99;G5 - BHV;R05;5;0;0;0;0;0
G5;c.RISCO ALTO;HVI3;R99;G5 - BHV;R06;5;0;0;0;0;0
G5;b.RISCO NEUTRO;HVI3;R99;G5 - BHV;R06;5;0;0;0;0;0
G5;a.RISCO BAIXO;HVI3;R99;G5 - BHV;R06;5;0;0;0;0;0
G5;c.RISCO ALTO;HVI3;R99;G5 - BHV;R07;5;0;0;0;0;0
G5;b.RISCO NEUTRO;HVI3;R99;G5 - BHV;R07;5;0;0;0;0;0
G5;a.RISCO BAIXO;HVI3;R99;G5 - BHV;R07;5;0;0;0;0;0
G5;c.RISCO ALTO;HVI3;R99;G5 - BHV;R08;5;0;0;0;0;0
G5;b.RISCO NEUTRO;HVI3;R99;G5 - BHV;R08;5;0;0;0;0;0
G5;a.RISCO BAIXO;HVI3;R99;G5 - BHV;R08;5;0;0;0;0;0
G5;c.RISCO ALTO;HVI3;R99;G5 - BHV;R09;5;0;0;0;0;0
G5;b.RISCO NEUTRO;HVI3;R99;G5 - BHV;R09;5;0;0;0;0;0
G5;a.RISCO BAIXO;HVI3;R99;G5 - BHV;R09;5;0;0;0;0;0
G5;c.RISCO ALTO;HVI3;R99;G5 - BHV;R10;5;0;0;0;0;0
G5;b.RISCO NEUTRO;HVI3;R99;G5 - BHV;R10;5;0;0;0;0;0
G5;a.RISCO BAIXO;HVI3;R99;G5 - BHV;R10;5;0;0;0;0;0
G5;c.RISCO ALTO;HVI3;R99;G5 - BHV;R11;5;0;0;0;0;0
G5;b.RISCO NEUTRO;HVI3;R99;G5 - BHV;R11;5;0;0;0;0;0
G5;a.RISCO BAIXO;HVI3;R99;G5 - BHV;R11;5;0;0;0;0;0
G5;c.RISCO ALTO;HVI3;R99;G5 - BHV;R12;5;0;0;0;0;0
G5;b.RISCO NEUTRO;HVI3;R99;G5 - BHV;R12;5;0;0;0;0;0
G5;a.RISCO BAIXO;HVI3;R99;G5 - BHV;R12;5;0;0;0;0;0
G5;c.RISCO ALTO;HVI3;R99;G5 - BHV;R13;5;0;0;0;0;0
G5;b.RISCO NEUTRO;HVI3;R99;G5 - BHV;R13;5;0;0;0;0;0
G5;a.RISCO BAIXO;HVI3;R99;G5 - BHV;R13;5;0;0;0;0;0
G5;c.RISCO ALTO;HVI3;R99;G5 - BHV;R14;5;0;0;0;0;0
G5;b.RISCO NEUTRO;HVI3;R99;G5 - BHV;R14;5;0;0;0;0;0
G5;a.RISCO BAIXO;HVI3;R99;G5 - BHV;R14;5;0;0;0;0;0
G5;c.RISCO ALTO;HVI3;R99;G5 - BHV;R15;5;0;0;0;0;0
G5;b.RISCO NEUTRO;HVI3;R99;G5 - BHV;R15;5;0;0;0;0;0
G5;a.RISCO BAIXO;HVI3;R99;G5 - BHV;R15;5;0;0;0;0;0
G5;c.RISCO ALTO;HVI3;R99;G5 - BHV;R16;5;0;0;0;0;0
G5;b.RISCO NEUTRO;HVI3;R99;G5 - BHV;R16;5;0;0;0;0;0
G5;a.RISCO BAIXO;HVI3;R99;G5 - BHV;R16;5;0;0;0;0;0
G5;c.RISCO ALTO;HVI3;R99;G5 - BHV;R17;5;0;0;0;0;0
G5;b.RISCO NEUTRO;HVI3;R99;G5 - BHV;R17;5;0;0;0;0;0
G5;a.RISCO BAIXO;HVI3;R99;G5 - BHV;R17;5;0;0;0;0;0
G5;c.RISCO ALTO;HVI3;R99;G5 - BHV;R18;5;0;0;0;0;0
G5;b.RISCO NEUTRO;HVI3;R99;G5 - BHV;R18;5;0;0;0;0;0
G5;a.RISCO BAIXO;HVI3;R99;G5 - BHV;R18;5;0;0;0;0;0
G5;c.RISCO ALTO;HVI3;R99;G5 - BHV;R19;5;0;0;0;0;0
G5;b.RISCO NEUTRO;HVI3;R99;G5 - BHV;R19;5;0;0;0;0;0
G5;a.RISCO BAIXO;HVI3;R99;G5 - BHV;R19;5;0;0;0;0;0
G5;c.RISCO ALTO;HVI3;R99;G5 - BHV;R20;5;0;0;0;0;0
G5;b.RISCO NEUTRO;HVI3;R99;G5 - BHV;R20;5;0;0;0;0;0
G5;a.RISCO BAIXO;HVI3;R99;G5 - BHV;R20;5;0;0;0;0;0
G5;c.RISCO ALTO;HVI3;R99;G5 - BHV;R99;5;0;0;0;0;0
G5;b.RISCO NEUTRO;HVI3;R99;G5 - BHV;R99;5;0;0;0;0;0
G5;a.RISCO BAIXO;HVI3;R99;G5 - BHV;R99;5;0;0;0;0;0
G6;a.RISCO BAIXO;HVI3;R01;HVI4;R01;8;8;8;0;8;0
G6;c.RISCO ALTO;HVI3;R01;HVI4;R01;8;8;8;0;8;0
G6;b.RISCO NEUTRO;HVI3;R01;HVI4;R01;8;8;8;0;8;0
G6;a.RISCO BAIXO;HVI3;R01;HVI4;R02;8;8;8;0;8;0
G6;c.RISCO ALTO;HVI3;R01;HVI4;R02;8;8;8;0;8;0
G6;b.RISCO NEUTRO;HVI3;R01;HVI4;R02;8;8;8;0;8;0
G6;a.RISCO BAIXO;HVI3;R01;HVI4;R03;8;8;8;0;8;0
G6;c.RISCO ALTO;HVI3;R01;HVI4;R03;8;8;8;0;8;0
G6;b.RISCO NEUTRO;HVI3;R01;HVI4;R03;8;8;8;0;8;0
G6;a.RISCO BAIXO;HVI3;R01;HVI4;R04;8;8;8;0;8;0
G6;c.RISCO ALTO;HVI3;R01;HVI4;R04;8;8;8;0;8;0
G6;b.RISCO NEUTRO;HVI3;R01;HVI4;R04;8;8;8;0;8;0
G6;a.RISCO BAIXO;HVI3;R01;HVI4;R05;8;8;8;0;8;0
G6;c.RISCO ALTO;HVI3;R01;HVI4;R05;8;8;8;0;8;0
G6;b.RISCO NEUTRO;HVI3;R01;HVI4;R05;8;8;8;0;8;0
G6;a.RISCO BAIXO;HVI3;R01;HVI4;R06;8;8;8;0;8;0
G6;c.RISCO ALTO;HVI3;R01;HVI4;R06;8;8;8;0;8;0
G6;b.RISCO NEUTRO;HVI3;R01;HVI4;R06;8;8;8;0;8;0
G6;a.RISCO BAIXO;HVI3;R01;HVI4;R07;8;8;8;0;8;0
G6;c.RISCO ALTO;HVI3;R01;HVI4;R07;8;8;8;0;8;0
G6;b.RISCO NEUTRO;HVI3;R01;HVI4;R07;8;8;8;0;8;0
G6;a.RISCO BAIXO;HVI3;R01;HVI4;R08;8;8;8;0;8;0
G6;c.RISCO ALTO;HVI3;R01;HVI4;R08;8;8;8;0;8;0
G6;b.RISCO NEUTRO;HVI3;R01;HVI4;R08;8;8;8;0;8;0
G6;a.RISCO BAIXO;HVI3;R01;HVI4;R09;8;8;8;0;8;0
G6;c.RISCO ALTO;HVI3;R01;HVI4;R09;8;8;8;0;8;0
G6;b.RISCO NEUTRO;HVI3;R01;HVI4;R09;8;8;8;0;8;0
G6;a.RISCO BAIXO;HVI3;R01;HVI4;R10;8;8;8;0;8;0
G6;c.RISCO ALTO;HVI3;R01;HVI4;R10;8;8;8;0;8;0
G6;b.RISCO NEUTRO;HVI3;R01;HVI4;R10;8;8;8;0;8;0
G6;a.RISCO BAIXO;HVI3;R01;HVI4;R11;8;8;8;0;8;0
G6;c.RISCO ALTO;HVI3;R01;HVI4;R11;8;8;8;0;8;0
G6;b.RISCO NEUTRO;HVI3;R01;HVI4;R11;8;8;8;0;8;0
G6;a.RISCO BAIXO;HVI3;R01;HVI4;R12;8;8;8;0;8;0
G6;c.RISCO ALTO;HVI3;R01;HVI4;R12;8;8;8;0;8;0
G6;b.RISCO NEUTRO;HVI3;R01;HVI4;R12;8;8;8;0;8;0
G6;a.RISCO BAIXO;HVI3;R01;HVI4;R13;8;8;8;0;8;0
G6;c.RISCO ALTO;HVI3;R01;HVI4;R13;8;8;8;0;8;0
G6;b.RISCO NEUTRO;HVI3;R01;HVI4;R13;8;8;8;0;8;0
G6;a.RISCO BAIXO;HVI3;R01;HVI4;R14;8;8;8;0;8;0
G6;c.RISCO ALTO;HVI3;R01;HVI4;R14;8;8;8;0;8;0
G6;b.RISCO NEUTRO;HVI3;R01;HVI4;R14;8;8;8;0;8;0
G6;a.RISCO BAIXO;HVI3;R01;HVI4;R15;8;8;8;0;8;0
G6;c.RISCO ALTO;HVI3;R01;HVI4;R15;8;8;8;0;8;0
G6;b.RISCO NEUTRO;HVI3;R01;HVI4;R15;8;8;8;0;8;0
G6;a.RISCO BAIXO;HVI3;R01;HVI4;R16;8;8;8;0;8;0
G6;c.RISCO ALTO;HVI3;R01;HVI4;R16;8;8;8;0;8;0
G6;b.RISCO NEUTRO;HVI3;R01;HVI4;R16;8;8;8;0;8;0
G6;a.RISCO BAIXO;HVI3;R01;HVI4;R17;8;8;8;0;8;0
G6;c.RISCO ALTO;HVI3;R01;HVI4;R17;8;8;8;0;8;0
G6;b.RISCO NEUTRO;HVI3;R01;HVI4;R17;8;8;8;0;8;0
G6;a.RISCO BAIXO;HVI3;R01;HVI4;R18;8;8;8;0;8;0
G6;c.RISCO ALTO;HVI3;R01;HVI4;R18;8;8;8;0;8;0
G6;b.RISCO NEUTRO;HVI3;R01;HVI4;R18;8;8;8;0;8;0
G6;a.RISCO BAIXO;HVI3;R01;HVI4;R19;8;8;8;0;8;0
G6;c.RISCO ALTO;HVI3;R01;HVI4;R19;8;8;8;0;8;0
G6;b.RISCO NEUTRO;HVI3;R01;HVI4;R19;8;8;8;0;8;0
G6;a.RISCO BAIXO;HVI3;R01;HVI4;R20;8;8;8;0;8;0
G6;c.RISCO ALTO;HVI3;R01;HVI4;R20;8;8;8;0;8;0
G6;b.RISCO NEUTRO;HVI3;R01;HVI4;R20;8;8;8;0;8;0
G6;a.RISCO BAIXO;HVI3;R01;HVI4;R99;8;8;8;0;8;0
G6;c.RISCO ALTO;HVI3;R01;HVI4;R99;8;8;8;0;8;0
G6;b.RISCO NEUTRO;HVI3;R01;HVI4;R99;8;8;8;0;8;0
G6;a.RISCO BAIXO;HVI3;R02;HVI4;R01;8;8;8;0;8;0
G6;b.RISCO NEUTRO;HVI3;R02;HVI4;R01;8;8;8;0;8;0
G6;c.RISCO ALTO;HVI3;R02;HVI4;R01;8;8;8;0;8;0
G6;a.RISCO BAIXO;HVI3;R02;HVI4;R02;8;8;8;0;8;0
G6;b.RISCO NEUTRO;HVI3;R02;HVI4;R02;8;8;8;0;8;0
G6;c.RISCO ALTO;HVI3;R02;HVI4;R02;8;8;8;0;8;0
G6;a.RISCO BAIXO;HVI3;R02;HVI4;R03;8;8;8;0;8;0
G6;c.RISCO ALTO;HVI3;R02;HVI4;R03;8;8;8;0;8;0
G6;b.RISCO NEUTRO;HVI3;R02;HVI4;R03;8;8;8;0;8;0
G6;a.RISCO BAIXO;HVI3;R02;HVI4;R04;8;8;8;0;8;0
G6;c.RISCO ALTO;HVI3;R02;HVI4;R04;8;8;8;0;8;0
G6;b.RISCO NEUTRO;HVI3;R02;HVI4;R04;8;8;8;0;8;0
G6;a.RISCO BAIXO;HVI3;R02;HVI4;R05;8;8;8;0;8;0
G6;c.RISCO ALTO;HVI3;R02;HVI4;R05;8;8;8;0;8;0
G6;b.RISCO NEUTRO;HVI3;R02;HVI4;R05;8;8;8;0;8;0
G6;a.RISCO BAIXO;HVI3;R02;HVI4;R06;8;8;8;0;8;0
G6;c.RISCO ALTO;HVI3;R02;HVI4;R06;8;8;8;0;8;0
G6;b.RISCO NEUTRO;HVI3;R02;HVI4;R06;8;8;8;0;8;0
G6;a.RISCO BAIXO;HVI3;R02;HVI4;R07;8;8;8;0;8;0
G6;c.RISCO ALTO;HVI3;R02;HVI4;R07;8;8;8;0;8;0
G6;b.RISCO NEUTRO;HVI3;R02;HVI4;R07;8;8;8;0;8;0
G6;a.RISCO BAIXO;HVI3;R02;HVI4;R08;8;8;8;0;8;0
G6;c.RISCO ALTO;HVI3;R02;HVI4;R08;8;8;8;0;8;0
G6;b.RISCO NEUTRO;HVI3;R02;HVI4;R08;8;8;8;0;8;0
G6;a.RISCO BAIXO;HVI3;R02;HVI4;R09;8;8;8;0;8;0
G6;c.RISCO ALTO;HVI3;R02;HVI4;R09;8;8;8;0;8;0
G6;b.RISCO NEUTRO;HVI3;R02;HVI4;R09;8;8;8;0;8;0
G6;a.RISCO BAIXO;HVI3;R02;HVI4;R10;8;8;8;0;8;0
G6;c.RISCO ALTO;HVI3;R02;HVI4;R10;8;8;8;0;8;0
G6;b.RISCO NEUTRO;HVI3;R02;HVI4;R10;8;8;8;0;8;0
G6;a.RISCO BAIXO;HVI3;R02;HVI4;R11;8;8;8;0;8;0
G6;c.RISCO ALTO;HVI3;R02;HVI4;R11;8;8;8;0;8;0
G6;b.RISCO NEUTRO;HVI3;R02;HVI4;R11;8;8;8;0;8;0
G6;a.RISCO BAIXO;HVI3;R02;HVI4;R12;8;8;8;0;8;0
G6;c.RISCO ALTO;HVI3;R02;HVI4;R12;8;8;8;0;8;0
G6;b.RISCO NEUTRO;HVI3;R02;HVI4;R12;8;8;8;0;8;0
G6;a.RISCO BAIXO;HVI3;R02;HVI4;R13;8;8;8;0;8;0
G6;b.RISCO NEUTRO;HVI3;R02;HVI4;R13;8;8;8;0;8;0
G6;c.RISCO ALTO;HVI3;R02;HVI4;R13;8;8;8;0;8;0
G6;a.RISCO BAIXO;HVI3;R02;HVI4;R14;8;8;8;0;8;0
G6;c.RISCO ALTO;HVI3;R02;HVI4;R14;8;8;8;0;8;0
G6;b.RISCO NEUTRO;HVI3;R02;HVI4;R14;8;8;8;0;8;0
G6;a.RISCO BAIXO;HVI3;R02;HVI4;R15;8;8;8;0;8;0
G6;c.RISCO ALTO;HVI3;R02;HVI4;R15;8;8;8;0;8;0
G6;b.RISCO NEUTRO;HVI3;R02;HVI4;R15;8;8;8;0;8;0
G6;a.RISCO BAIXO;HVI3;R02;HVI4;R16;8;8;8;0;8;0
G6;c.RISCO ALTO;HVI3;R02;HVI4;R16;8;8;8;0;8;0
G6;b.RISCO NEUTRO;HVI3;R02;HVI4;R16;8;8;8;0;8;0
G6;a.RISCO BAIXO;HVI3;R02;HVI4;R17;8;8;8;0;8;0
G6;c.RISCO ALTO;HVI3;R02;HVI4;R17;8;8;8;0;8;0
G6;b.RISCO NEUTRO;HVI3;R02;HVI4;R17;8;8;8;0;8;0
G6;a.RISCO BAIXO;HVI3;R02;HVI4;R18;8;8;8;0;8;0
G6;c.RISCO ALTO;HVI3;R02;HVI4;R18;8;8;8;0;8;0
G6;b.RISCO NEUTRO;HVI3;R02;HVI4;R18;8;8;8;0;8;0
G6;a.RISCO BAIXO;HVI3;R02;HVI4;R19;8;8;8;0;8;0
G6;c.RISCO ALTO;HVI3;R02;HVI4;R19;8;8;8;0;8;0
G6;b.RISCO NEUTRO;HVI3;R02;HVI4;R19;8;8;8;0;8;0
G6;a.RISCO BAIXO;HVI3;R02;HVI4;R20;8;8;8;0;8;0
G6;c.RISCO ALTO;HVI3;R02;HVI4;R20;8;8;8;0;8;0
G6;b.RISCO NEUTRO;HVI3;R02;HVI4;R20;8;8;8;0;8;0
G6;a.RISCO BAIXO;HVI3;R02;HVI4;R99;8;8;8;0;8;0
G6;c.RISCO ALTO;HVI3;R02;HVI4;R99;8;8;8;0;8;0
G6;b.RISCO NEUTRO;HVI3;R02;HVI4;R99;8;8;8;0;8;0
G6;a.RISCO BAIXO;HVI3;R03;HVI4;R01;8;8;8;0;8;0
G6;c.RISCO ALTO;HVI3;R03;HVI4;R01;8;8;8;0;8;0
G6;b.RISCO NEUTRO;HVI3;R03;HVI4;R01;8;8;8;0;8;0
G6;a.RISCO BAIXO;HVI3;R03;HVI4;R02;8;8;8;0;8;0
G6;c.RISCO ALTO;HVI3;R03;HVI4;R02;8;8;8;0;8;0
G6;b.RISCO NEUTRO;HVI3;R03;HVI4;R02;8;8;8;0;8;0
G6;a.RISCO BAIXO;HVI3;R03;HVI4;R03;8;8;8;0;8;0
G6;c.RISCO ALTO;HVI3;R03;HVI4;R03;8;8;8;0;8;0
G6;b.RISCO NEUTRO;HVI3;R03;HVI4;R03;8;8;8;0;8;0
G6;a.RISCO BAIXO;HVI3;R03;HVI4;R04;8;8;8;0;8;0
G6;b.RISCO NEUTRO;HVI3;R03;HVI4;R04;8;8;8;0;8;0
G6;c.RISCO ALTO;HVI3;R03;HVI4;R04;8;8;8;0;8;0
G6;a.RISCO BAIXO;HVI3;R03;HVI4;R05;8;8;8;0;8;0
G6;c.RISCO ALTO;HVI3;R03;HVI4;R05;8;8;8;0;8;0
G6;b.RISCO NEUTRO;HVI3;R03;HVI4;R05;8;8;8;0;8;0
G6;a.RISCO BAIXO;HVI3;R03;HVI4;R06;8;8;8;0;8;0
G6;c.RISCO ALTO;HVI3;R03;HVI4;R06;8;8;8;0;8;0
G6;b.RISCO NEUTRO;HVI3;R03;HVI4;R06;8;8;8;0;8;0
G6;a.RISCO BAIXO;HVI3;R03;HVI4;R07;8;8;8;0;8;0
G6;c.RISCO ALTO;HVI3;R03;HVI4;R07;8;8;8;0;8;0
G6;b.RISCO NEUTRO;HVI3;R03;HVI4;R07;8;8;8;0;8;0
G6;a.RISCO BAIXO;HVI3;R03;HVI4;R08;8;8;8;0;8;0
G6;b.RISCO NEUTRO;HVI3;R03;HVI4;R08;8;8;8;0;8;0
G6;c.RISCO ALTO;HVI3;R03;HVI4;R08;8;8;8;0;8;0
G6;a.RISCO BAIXO;HVI3;R03;HVI4;R09;8;8;8;0;8;0
G6;c.RISCO ALTO;HVI3;R03;HVI4;R09;8;8;8;0;8;0
G6;b.RISCO NEUTRO;HVI3;R03;HVI4;R09;8;8;8;0;8;0
G6;a.RISCO BAIXO;HVI3;R03;HVI4;R10;8;8;8;0;8;0
G6;c.RISCO ALTO;HVI3;R03;HVI4;R10;8;8;8;0;8;0
G6;b.RISCO NEUTRO;HVI3;R03;HVI4;R10;8;8;8;0;8;0
G6;a.RISCO BAIXO;HVI3;R03;HVI4;R11;8;8;8;0;8;0
G6;c.RISCO ALTO;HVI3;R03;HVI4;R11;8;8;8;0;8;0
G6;b.RISCO NEUTRO;HVI3;R03;HVI4;R11;8;8;8;0;8;0
G6;a.RISCO BAIXO;HVI3;R03;HVI4;R12;8;8;8;0;8;0
G6;c.RISCO ALTO;HVI3;R03;HVI4;R12;8;8;8;0;8;0
G6;b.RISCO NEUTRO;HVI3;R03;HVI4;R12;8;8;8;0;8;0
G6;a.RISCO BAIXO;HVI3;R03;HVI4;R13;8;8;8;0;8;0
G6;c.RISCO ALTO;HVI3;R03;HVI4;R13;8;8;8;0;8;0
G6;b.RISCO NEUTRO;HVI3;R03;HVI4;R13;8;8;8;0;8;0
G6;a.RISCO BAIXO;HVI3;R03;HVI4;R14;8;8;8;0;8;0
G6;c.RISCO ALTO;HVI3;R03;HVI4;R14;8;8;8;0;8;0
G6;b.RISCO NEUTRO;HVI3;R03;HVI4;R14;8;8;8;0;8;0
G6;a.RISCO BAIXO;HVI3;R03;HVI4;R15;8;8;8;0;8;0
G6;c.RISCO ALTO;HVI3;R03;HVI4;R15;8;8;8;0;8;0
G6;b.RISCO NEUTRO;HVI3;R03;HVI4;R15;8;8;8;0;8;0
G6;a.RISCO BAIXO;HVI3;R03;HVI4;R16;8;8;8;0;8;0
G6;c.RISCO ALTO;HVI3;R03;HVI4;R16;8;8;8;0;8;0
G6;b.RISCO NEUTRO;HVI3;R03;HVI4;R16;8;8;8;0;8;0
G6;a.RISCO BAIXO;HVI3;R03;HVI4;R17;8;8;8;0;8;0
G6;c.RISCO ALTO;HVI3;R03;HVI4;R17;8;8;8;0;8;0
G6;b.RISCO NEUTRO;HVI3;R03;HVI4;R17;8;8;8;0;8;0
G6;a.RISCO BAIXO;HVI3;R03;HVI4;R18;8;8;8;0;8;0
G6;c.RISCO ALTO;HVI3;R03;HVI4;R18;8;8;8;0;8;0
G6;b.RISCO NEUTRO;HVI3;R03;HVI4;R18;8;8;8;0;8;0
G6;a.RISCO BAIXO;HVI3;R03;HVI4;R19;8;8;8;0;8;0
G6;c.RISCO ALTO;HVI3;R03;HVI4;R19;8;8;8;0;8;0
G6;b.RISCO NEUTRO;HVI3;R03;HVI4;R19;8;8;8;0;8;0
G6;a.RISCO BAIXO;HVI3;R03;HVI4;R20;8;8;8;0;8;0
G6;c.RISCO ALTO;HVI3;R03;HVI4;R20;8;8;8;0;8;0
G6;b.RISCO NEUTRO;HVI3;R03;HVI4;R20;8;8;8;0;8;0
G6;a.RISCO BAIXO;HVI3;R03;HVI4;R99;8;8;8;0;8;0
G6;c.RISCO ALTO;HVI3;R03;HVI4;R99;8;8;8;0;8;0
G6;b.RISCO NEUTRO;HVI3;R03;HVI4;R99;8;8;8;0;8;0
G6;c.RISCO ALTO;HVI3;R04;HVI4;R01;8;8;8;0;8;0
G6;b.RISCO NEUTRO;HVI3;R04;HVI4;R01;8;8;8;0;8;0
G6;a.RISCO BAIXO;HVI3;R04;HVI4;R01;8;8;8;0;8;0
G6;c.RISCO ALTO;HVI3;R04;HVI4;R02;8;8;8;0;8;0
G6;b.RISCO NEUTRO;HVI3;R04;HVI4;R02;8;8;8;0;8;0
G6;a.RISCO BAIXO;HVI3;R04;HVI4;R02;8;8;8;0;8;0
G6;c.RISCO ALTO;HVI3;R04;HVI4;R03;8;8;8;0;8;0
G6;b.RISCO NEUTRO;HVI3;R04;HVI4;R03;8;8;8;0;8;0
G6;a.RISCO BAIXO;HVI3;R04;HVI4;R03;8;8;8;0;8;0
G6;c.RISCO ALTO;HVI3;R04;HVI4;R04;8;8;8;0;8;0
G6;b.RISCO NEUTRO;HVI3;R04;HVI4;R04;8;8;8;0;8;0
G6;a.RISCO BAIXO;HVI3;R04;HVI4;R04;8;8;8;0;8;0
G6;c.RISCO ALTO;HVI3;R04;HVI4;R05;8;8;8;0;8;0
G6;b.RISCO NEUTRO;HVI3;R04;HVI4;R05;8;8;8;0;8;0
G6;a.RISCO BAIXO;HVI3;R04;HVI4;R05;8;8;8;0;8;0
G6;c.RISCO ALTO;HVI3;R04;HVI4;R06;8;8;8;0;8;0
G6;b.RISCO NEUTRO;HVI3;R04;HVI4;R06;8;8;8;0;8;0
G6;a.RISCO BAIXO;HVI3;R04;HVI4;R06;8;8;8;0;8;0
G6;b.RISCO NEUTRO;HVI3;R04;HVI4;R07;8;8;8;0;8;0
G6;c.RISCO ALTO;HVI3;R04;HVI4;R07;8;8;8;0;8;0
G6;a.RISCO BAIXO;HVI3;R04;HVI4;R07;8;8;8;0;8;0
G6;b.RISCO NEUTRO;HVI3;R04;HVI4;R08;8;8;8;0;8;0
G6;c.RISCO ALTO;HVI3;R04;HVI4;R08;8;8;8;0;8;0
G6;a.RISCO BAIXO;HVI3;R04;HVI4;R08;8;8;8;0;8;0
G6;c.RISCO ALTO;HVI3;R04;HVI4;R09;8;8;8;0;8;0
G6;b.RISCO NEUTRO;HVI3;R04;HVI4;R09;8;8;8;0;8;0
G6;a.RISCO BAIXO;HVI3;R04;HVI4;R09;8;8;8;0;8;0
G6;c.RISCO ALTO;HVI3;R04;HVI4;R10;8;8;8;0;8;0
G6;b.RISCO NEUTRO;HVI3;R04;HVI4;R10;8;8;8;0;8;0
G6;a.RISCO BAIXO;HVI3;R04;HVI4;R10;8;8;8;0;8;0
G6;c.RISCO ALTO;HVI3;R04;HVI4;R11;8;8;8;0;8;0
G6;b.RISCO NEUTRO;HVI3;R04;HVI4;R11;8;8;8;0;8;0
G6;a.RISCO BAIXO;HVI3;R04;HVI4;R11;8;8;8;0;8;0
G6;c.RISCO ALTO;HVI3;R04;HVI4;R12;8;8;8;0;8;0
G6;b.RISCO NEUTRO;HVI3;R04;HVI4;R12;8;8;8;0;8;0
G6;a.RISCO BAIXO;HVI3;R04;HVI4;R12;8;8;8;0;8;0
G6;c.RISCO ALTO;HVI3;R04;HVI4;R13;8;8;8;0;8;0
G6;b.RISCO NEUTRO;HVI3;R04;HVI4;R13;8;8;8;0;8;0
G6;a.RISCO BAIXO;HVI3;R04;HVI4;R13;8;8;8;0;8;0
G6;c.RISCO ALTO;HVI3;R04;HVI4;R14;8;8;8;0;8;0
G6;b.RISCO NEUTRO;HVI3;R04;HVI4;R14;8;8;8;0;8;0
G6;a.RISCO BAIXO;HVI3;R04;HVI4;R14;8;8;8;0;8;0
G6;c.RISCO ALTO;HVI3;R04;HVI4;R15;8;8;8;0;8;0
G6;b.RISCO NEUTRO;HVI3;R04;HVI4;R15;8;8;8;0;8;0
G6;a.RISCO BAIXO;HVI3;R04;HVI4;R15;8;8;8;0;8;0
G6;c.RISCO ALTO;HVI3;R04;HVI4;R16;8;8;8;0;8;0
G6;b.RISCO NEUTRO;HVI3;R04;HVI4;R16;8;8;8;0;8;0
G6;a.RISCO BAIXO;HVI3;R04;HVI4;R16;8;8;8;0;8;0
G6;c.RISCO ALTO;HVI3;R04;HVI4;R17;8;8;8;0;8;0
G6;b.RISCO NEUTRO;HVI3;R04;HVI4;R17;8;8;8;0;8;0
G6;a.RISCO BAIXO;HVI3;R04;HVI4;R17;8;8;8;0;8;0
G6;c.RISCO ALTO;HVI3;R04;HVI4;R18;8;8;8;0;8;0
G6;b.RISCO NEUTRO;HVI3;R04;HVI4;R18;8;8;8;0;8;0
G6;a.RISCO BAIXO;HVI3;R04;HVI4;R18;8;8;8;0;8;0
G6;b.RISCO NEUTRO;HVI3;R04;HVI4;R19;8;8;8;0;8;0
G6;c.RISCO ALTO;HVI3;R04;HVI4;R19;8;8;8;0;8;0
G6;a.RISCO BAIXO;HVI3;R04;HVI4;R19;8;8;8;0;8;0
G6;c.RISCO ALTO;HVI3;R04;HVI4;R20;8;8;8;0;8;0
G6;b.RISCO NEUTRO;HVI3;R04;HVI4;R20;8;8;8;0;8;0
G6;a.RISCO BAIXO;HVI3;R04;HVI4;R20;8;8;8;0;8;0
G6;c.RISCO ALTO;HVI3;R04;HVI4;R99;8;8;8;0;8;0
G6;b.RISCO NEUTRO;HVI3;R04;HVI4;R99;8;8;8;0;8;0
G6;a.RISCO BAIXO;HVI3;R04;HVI4;R99;8;8;8;0;8;0
G6;c.RISCO ALTO;HVI3;R05;HVI4;R01;8;8;8;0;8;0
G6;b.RISCO NEUTRO;HVI3;R05;HVI4;R01;8;8;8;0;8;0
G6;a.RISCO BAIXO;HVI3;R05;HVI4;R01;8;8;8;0;8;0
G6;b.RISCO NEUTRO;HVI3;R05;HVI4;R02;8;8;8;0;8;0
G6;c.RISCO ALTO;HVI3;R05;HVI4;R02;8;8;8;0;8;0
G6;a.RISCO BAIXO;HVI3;R05;HVI4;R02;8;8;8;0;8;0
G6;c.RISCO ALTO;HVI3;R05;HVI4;R03;8;8;8;0;8;0
G6;b.RISCO NEUTRO;HVI3;R05;HVI4;R03;8;8;8;0;8;0
G6;a.RISCO BAIXO;HVI3;R05;HVI4;R03;8;8;8;0;8;0
G6;c.RISCO ALTO;HVI3;R05;HVI4;R04;8;8;8;0;8;0
G6;b.RISCO NEUTRO;HVI3;R05;HVI4;R04;8;8;8;0;8;0
G6;a.RISCO BAIXO;HVI3;R05;HVI4;R04;8;8;8;0;8;0
G6;c.RISCO ALTO;HVI3;R05;HVI4;R05;8;8;8;0;8;0
G6;b.RISCO NEUTRO;HVI3;R05;HVI4;R05;8;8;8;0;8;0
G6;a.RISCO BAIXO;HVI3;R05;HVI4;R05;8;8;8;0;8;0
G6;c.RISCO ALTO;HVI3;R05;HVI4;R06;8;8;8;0;8;0
G6;b.RISCO NEUTRO;HVI3;R05;HVI4;R06;8;8;8;0;8;0
G6;a.RISCO BAIXO;HVI3;R05;HVI4;R06;8;8;8;0;8;0
G6;c.RISCO ALTO;HVI3;R05;HVI4;R07;8;8;8;0;8;0
G6;b.RISCO NEUTRO;HVI3;R05;HVI4;R07;8;8;8;0;8;0
G6;a.RISCO BAIXO;HVI3;R05;HVI4;R07;8;8;8;0;8;0
G6;c.RISCO ALTO;HVI3;R05;HVI4;R08;8;8;8;0;8;0
G6;b.RISCO NEUTRO;HVI3;R05;HVI4;R08;8;8;8;0;8;0
G6;a.RISCO BAIXO;HVI3;R05;HVI4;R08;8;8;8;0;8;0
G6;c.RISCO ALTO;HVI3;R05;HVI4;R09;8;8;8;0;8;0
G6;b.RISCO NEUTRO;HVI3;R05;HVI4;R09;8;8;8;0;8;0
G6;a.RISCO BAIXO;HVI3;R05;HVI4;R09;8;8;8;0;8;0
G6;b.RISCO NEUTRO;HVI3;R05;HVI4;R10;8;8;8;0;8;0
G6;c.RISCO ALTO;HVI3;R05;HVI4;R10;8;8;8;0;8;0
G6;a.RISCO BAIXO;HVI3;R05;HVI4;R10;8;8;8;0;8;0
G6;c.RISCO ALTO;HVI3;R05;HVI4;R11;8;8;8;0;8;0
G6;b.RISCO NEUTRO;HVI3;R05;HVI4;R11;8;8;8;0;8;0
G6;a.RISCO BAIXO;HVI3;R05;HVI4;R11;8;8;8;0;8;0
G6;c.RISCO ALTO;HVI3;R05;HVI4;R12;8;8;8;0;8;0
G6;b.RISCO NEUTRO;HVI3;R05;HVI4;R12;8;8;8;0;8;0
G6;a.RISCO BAIXO;HVI3;R05;HVI4;R12;8;8;8;0;8;0
G6;c.RISCO ALTO;HVI3;R05;HVI4;R13;8;8;8;0;8;0
G6;b.RISCO NEUTRO;HVI3;R05;HVI4;R13;8;8;8;0;8;0
G6;a.RISCO BAIXO;HVI3;R05;HVI4;R13;8;8;8;0;8;0
G6;c.RISCO ALTO;HVI3;R05;HVI4;R14;8;8;8;0;8;0
G6;b.RISCO NEUTRO;HVI3;R05;HVI4;R14;8;8;8;0;8;0
G6;a.RISCO BAIXO;HVI3;R05;HVI4;R14;8;8;8;0;8;0
G6;c.RISCO ALTO;HVI3;R05;HVI4;R15;8;8;8;0;8;0
G6;b.RISCO NEUTRO;HVI3;R05;HVI4;R15;8;8;8;0;8;0
G6;a.RISCO BAIXO;HVI3;R05;HVI4;R15;8;8;8;0;8;0
G6;c.RISCO ALTO;HVI3;R05;HVI4;R16;8;8;8;0;8;0
G6;b.RISCO NEUTRO;HVI3;R05;HVI4;R16;8;8;8;0;8;0
G6;a.RISCO BAIXO;HVI3;R05;HVI4;R16;8;8;8;0;8;0
G6;c.RISCO ALTO;HVI3;R05;HVI4;R17;8;8;8;0;8;0
G6;b.RISCO NEUTRO;HVI3;R05;HVI4;R17;8;8;8;0;8;0
G6;a.RISCO BAIXO;HVI3;R05;HVI4;R17;8;8;8;0;8;0
G6;c.RISCO ALTO;HVI3;R05;HVI4;R18;8;8;8;0;8;0
G6;b.RISCO NEUTRO;HVI3;R05;HVI4;R18;8;8;8;0;8;0
G6;a.RISCO BAIXO;HVI3;R05;HVI4;R18;8;8;8;0;8;0
G6;c.RISCO ALTO;HVI3;R05;HVI4;R19;8;8;8;0;8;0
G6;b.RISCO NEUTRO;HVI3;R05;HVI4;R19;8;8;8;0;8;0
G6;a.RISCO BAIXO;HVI3;R05;HVI4;R19;8;8;8;0;8;0
G6;c.RISCO ALTO;HVI3;R05;HVI4;R20;8;8;8;0;8;0
G6;b.RISCO NEUTRO;HVI3;R05;HVI4;R20;8;8;8;0;8;0
G6;a.RISCO BAIXO;HVI3;R05;HVI4;R20;8;8;8;0;8;0
G6;c.RISCO ALTO;HVI3;R05;HVI4;R99;8;8;8;0;8;0
G6;b.RISCO NEUTRO;HVI3;R05;HVI4;R99;8;8;8;0;8;0
G6;a.RISCO BAIXO;HVI3;R05;HVI4;R99;8;8;8;0;8;0
G6;c.RISCO ALTO;HVI3;R06;HVI4;R01;8;8;8;0;8;0
G6;b.RISCO NEUTRO;HVI3;R06;HVI4;R01;8;8;8;0;8;0
G6;a.RISCO BAIXO;HVI3;R06;HVI4;R01;8;8;8;0;8;0
G6;c.RISCO ALTO;HVI3;R06;HVI4;R02;8;8;8;0;8;0
G6;b.RISCO NEUTRO;HVI3;R06;HVI4;R02;8;8;8;0;8;0
G6;a.RISCO BAIXO;HVI3;R06;HVI4;R02;8;8;8;0;8;0
G6;c.RISCO ALTO;HVI3;R06;HVI4;R03;5;5;5;0;5;0
G6;b.RISCO NEUTRO;HVI3;R06;HVI4;R03;5;5;5;0;5;0
G6;a.RISCO BAIXO;HVI3;R06;HVI4;R03;5;5;5;0;5;0
G6;c.RISCO ALTO;HVI3;R06;HVI4;R04;5;5;5;0;5;0
G6;b.RISCO NEUTRO;HVI3;R06;HVI4;R04;5;5;5;0;5;0
G6;a.RISCO BAIXO;HVI3;R06;HVI4;R04;5;5;5;0;5;0
G6;c.RISCO ALTO;HVI3;R06;HVI4;R05;5;5;5;0;5;0
G6;b.RISCO NEUTRO;HVI3;R06;HVI4;R05;5;5;5;0;5;0
G6;a.RISCO BAIXO;HVI3;R06;HVI4;R05;5;5;5;0;5;0
G6;c.RISCO ALTO;HVI3;R06;HVI4;R06;5;5;5;0;5;0
G6;b.RISCO NEUTRO;HVI3;R06;HVI4;R06;5;5;5;0;5;0
G6;a.RISCO BAIXO;HVI3;R06;HVI4;R06;5;5;5;0;5;0
G6;c.RISCO ALTO;HVI3;R06;HVI4;R07;5;5;5;0;5;0
G6;b.RISCO NEUTRO;HVI3;R06;HVI4;R07;5;5;5;0;5;0
G6;a.RISCO BAIXO;HVI3;R06;HVI4;R07;5;5;5;0;5;0
G6;c.RISCO ALTO;HVI3;R06;HVI4;R08;5;5;5;0;5;0
G6;b.RISCO NEUTRO;HVI3;R06;HVI4;R08;5;5;5;0;5;0
G6;a.RISCO BAIXO;HVI3;R06;HVI4;R08;5;5;5;0;5;0
G6;c.RISCO ALTO;HVI3;R06;HVI4;R09;5;5;5;0;5;0
G6;b.RISCO NEUTRO;HVI3;R06;HVI4;R09;5;5;5;0;5;0
G6;a.RISCO BAIXO;HVI3;R06;HVI4;R09;5;5;5;0;5;0
G6;c.RISCO ALTO;HVI3;R06;HVI4;R10;5;5;5;0;3;0
G6;b.RISCO NEUTRO;HVI3;R06;HVI4;R10;5;5;5;0;3;0
G6;a.RISCO BAIXO;HVI3;R06;HVI4;R10;5;5;5;0;3;0
G6;c.RISCO ALTO;HVI3;R06;HVI4;R11;5;5;5;0;3;0
G6;b.RISCO NEUTRO;HVI3;R06;HVI4;R11;5;5;5;0;3;0
G6;a.RISCO BAIXO;HVI3;R06;HVI4;R11;5;5;5;0;3;0
G6;c.RISCO ALTO;HVI3;R06;HVI4;R12;5;5;5;0;3;0
G6;b.RISCO NEUTRO;HVI3;R06;HVI4;R12;5;5;5;0;3;0
G6;a.RISCO BAIXO;HVI3;R06;HVI4;R12;5;5;5;0;3;0
G6;b.RISCO NEUTRO;HVI3;R06;HVI4;R13;5;5;5;0;3;0
G6;c.RISCO ALTO;HVI3;R06;HVI4;R13;5;5;5;0;3;0
G6;a.RISCO BAIXO;HVI3;R06;HVI4;R13;5;5;5;0;3;0
G6;b.RISCO NEUTRO;HVI3;R06;HVI4;R14;5;5;5;0;3;0
G6;c.RISCO ALTO;HVI3;R06;HVI4;R14;5;5;5;0;3;0
G6;a.RISCO BAIXO;HVI3;R06;HVI4;R14;5;5;5;0;3;0
G6;c.RISCO ALTO;HVI3;R06;HVI4;R15;5;5;5;0;3;0
G6;b.RISCO NEUTRO;HVI3;R06;HVI4;R15;5;5;5;0;3;0
G6;a.RISCO BAIXO;HVI3;R06;HVI4;R15;5;5;5;0;3;0
G6;c.RISCO ALTO;HVI3;R06;HVI4;R16;5;5;5;0;3;0
G6;b.RISCO NEUTRO;HVI3;R06;HVI4;R16;5;5;5;0;3;0
G6;a.RISCO BAIXO;HVI3;R06;HVI4;R16;5;5;5;0;3;0
G6;c.RISCO ALTO;HVI3;R06;HVI4;R17;5;5;5;0;3;0
G6;b.RISCO NEUTRO;HVI3;R06;HVI4;R17;5;5;5;0;3;0
G6;a.RISCO BAIXO;HVI3;R06;HVI4;R17;5;5;5;0;3;0
G6;c.RISCO ALTO;HVI3;R06;HVI4;R18;5;5;5;0;3;0
G6;b.RISCO NEUTRO;HVI3;R06;HVI4;R18;5;5;5;0;3;0
G6;a.RISCO BAIXO;HVI3;R06;HVI4;R18;5;5;5;0;3;0
G6;c.RISCO ALTO;HVI3;R06;HVI4;R19;5;5;5;0;3;0
G6;b.RISCO NEUTRO;HVI3;R06;HVI4;R19;5;5;5;0;3;0
G6;a.RISCO BAIXO;HVI3;R06;HVI4;R19;5;5;5;0;3;0
G6;c.RISCO ALTO;HVI3;R06;HVI4;R20;5;5;5;0;3;0
G6;b.RISCO NEUTRO;HVI3;R06;HVI4;R20;5;5;5;0;3;0
G6;a.RISCO BAIXO;HVI3;R06;HVI4;R20;5;5;5;0;3;0
G6;c.RISCO ALTO;HVI3;R06;HVI4;R99;5;5;5;0;3;0
G6;b.RISCO NEUTRO;HVI3;R06;HVI4;R99;5;5;5;0;3;0
G6;a.RISCO BAIXO;HVI3;R06;HVI4;R99;5;5;5;0;3;0
G6;c.RISCO ALTO;HVI3;R07;HVI4;R01;8;8;8;0;0;0
G6;b.RISCO NEUTRO;HVI3;R07;HVI4;R01;8;8;8;0;0;0
G6;a.RISCO BAIXO;HVI3;R07;HVI4;R01;8;8;8;0;0;0
G6;c.RISCO ALTO;HVI3;R07;HVI4;R02;8;8;8;0;0;0
G6;b.RISCO NEUTRO;HVI3;R07;HVI4;R02;8;8;8;0;0;0
G6;a.RISCO BAIXO;HVI3;R07;HVI4;R02;8;8;8;0;0;0
G6;c.RISCO ALTO;HVI3;R07;HVI4;R03;5;5;5;0;0;0
G6;b.RISCO NEUTRO;HVI3;R07;HVI4;R03;5;5;5;0;0;0
G6;a.RISCO BAIXO;HVI3;R07;HVI4;R03;5;5;5;0;0;0
G6;b.RISCO NEUTRO;HVI3;R07;HVI4;R04;5;5;5;0;0;0
G6;c.RISCO ALTO;HVI3;R07;HVI4;R04;5;5;5;0;0;0
G6;a.RISCO BAIXO;HVI3;R07;HVI4;R04;5;5;5;0;0;0
G6;c.RISCO ALTO;HVI3;R07;HVI4;R05;5;5;5;0;0;0
G6;b.RISCO NEUTRO;HVI3;R07;HVI4;R05;5;5;5;0;0;0
G6;a.RISCO BAIXO;HVI3;R07;HVI4;R05;5;5;5;0;0;0
G6;c.RISCO ALTO;HVI3;R07;HVI4;R06;5;5;5;0;0;0
G6;b.RISCO NEUTRO;HVI3;R07;HVI4;R06;5;5;5;0;0;0
G6;a.RISCO BAIXO;HVI3;R07;HVI4;R06;5;5;5;0;0;0
G6;c.RISCO ALTO;HVI3;R07;HVI4;R07;5;5;5;0;0;0
G6;b.RISCO NEUTRO;HVI3;R07;HVI4;R07;5;5;5;0;0;0
G6;a.RISCO BAIXO;HVI3;R07;HVI4;R07;5;5;5;0;0;0
G6;b.RISCO NEUTRO;HVI3;R07;HVI4;R08;5;5;5;0;0;0
G6;c.RISCO ALTO;HVI3;R07;HVI4;R08;5;5;5;0;0;0
G6;a.RISCO BAIXO;HVI3;R07;HVI4;R08;5;5;5;0;0;0
G6;c.RISCO ALTO;HVI3;R07;HVI4;R09;5;5;5;0;0;0
G6;b.RISCO NEUTRO;HVI3;R07;HVI4;R09;5;5;5;0;0;0
G6;a.RISCO BAIXO;HVI3;R07;HVI4;R09;5;5;5;0;0;0
G6;c.RISCO ALTO;HVI3;R07;HVI4;R10;5;5;5;0;0;0
G6;b.RISCO NEUTRO;HVI3;R07;HVI4;R10;5;5;5;0;0;0
G6;a.RISCO BAIXO;HVI3;R07;HVI4;R10;5;5;5;0;0;0
G6;c.RISCO ALTO;HVI3;R07;HVI4;R11;5;5;5;0;0;0
G6;b.RISCO NEUTRO;HVI3;R07;HVI4;R11;5;5;5;0;0;0
G6;a.RISCO BAIXO;HVI3;R07;HVI4;R11;5;5;5;0;0;0
G6;c.RISCO ALTO;HVI3;R07;HVI4;R12;5;5;5;0;0;0
G6;b.RISCO NEUTRO;HVI3;R07;HVI4;R12;5;5;5;0;0;0
G6;a.RISCO BAIXO;HVI3;R07;HVI4;R12;5;5;5;0;0;0
G6;c.RISCO ALTO;HVI3;R07;HVI4;R13;5;5;5;0;0;0
G6;b.RISCO NEUTRO;HVI3;R07;HVI4;R13;5;5;5;0;0;0
G6;a.RISCO BAIXO;HVI3;R07;HVI4;R13;5;5;5;0;0;0
G6;c.RISCO ALTO;HVI3;R07;HVI4;R14;5;5;5;0;0;0
G6;b.RISCO NEUTRO;HVI3;R07;HVI4;R14;5;5;5;0;0;0
G6;a.RISCO BAIXO;HVI3;R07;HVI4;R14;5;5;5;0;0;0
G6;c.RISCO ALTO;HVI3;R07;HVI4;R15;5;5;5;0;0;0
G6;b.RISCO NEUTRO;HVI3;R07;HVI4;R15;5;5;5;0;0;0
G6;a.RISCO BAIXO;HVI3;R07;HVI4;R15;5;5;5;0;0;0
G6;b.RISCO NEUTRO;HVI3;R07;HVI4;R16;5;5;5;0;0;0
G6;c.RISCO ALTO;HVI3;R07;HVI4;R16;5;5;5;0;0;0
G6;a.RISCO BAIXO;HVI3;R07;HVI4;R16;5;5;5;0;0;0
G6;c.RISCO ALTO;HVI3;R07;HVI4;R17;5;5;5;0;0;0
G6;b.RISCO NEUTRO;HVI3;R07;HVI4;R17;5;5;5;0;0;0
G6;a.RISCO BAIXO;HVI3;R07;HVI4;R17;5;5;5;0;0;0
G6;c.RISCO ALTO;HVI3;R07;HVI4;R18;5;5;5;0;0;0
G6;b.RISCO NEUTRO;HVI3;R07;HVI4;R18;5;5;5;0;0;0
G6;a.RISCO BAIXO;HVI3;R07;HVI4;R18;5;5;5;0;0;0
G6;c.RISCO ALTO;HVI3;R07;HVI4;R19;5;5;5;0;0;0
G6;b.RISCO NEUTRO;HVI3;R07;HVI4;R19;5;5;5;0;0;0
G6;a.RISCO BAIXO;HVI3;R07;HVI4;R19;5;5;5;0;0;0
G6;c.RISCO ALTO;HVI3;R07;HVI4;R20;5;5;5;0;0;0
G6;b.RISCO NEUTRO;HVI3;R07;HVI4;R20;5;5;5;0;0;0
G6;a.RISCO BAIXO;HVI3;R07;HVI4;R20;5;5;5;0;0;0
G6;c.RISCO ALTO;HVI3;R07;HVI4;R99;5;5;5;0;0;0
G6;b.RISCO NEUTRO;HVI3;R07;HVI4;R99;5;5;5;0;0;0
G6;a.RISCO BAIXO;HVI3;R07;HVI4;R99;5;5;5;0;0;0
G6;c.RISCO ALTO;HVI3;R08;HVI4;R01;8;8;8;0;0;0
G6;b.RISCO NEUTRO;HVI3;R08;HVI4;R01;8;8;8;0;0;0
G6;a.RISCO BAIXO;HVI3;R08;HVI4;R01;8;8;8;0;0;0
G6;c.RISCO ALTO;HVI3;R08;HVI4;R02;8;8;8;0;0;0
G6;b.RISCO NEUTRO;HVI3;R08;HVI4;R02;8;8;8;0;0;0
G6;a.RISCO BAIXO;HVI3;R08;HVI4;R02;8;8;8;0;0;0
G6;c.RISCO ALTO;HVI3;R08;HVI4;R03;5;5;5;0;0;0
G6;b.RISCO NEUTRO;HVI3;R08;HVI4;R03;5;5;5;0;0;0
G6;a.RISCO BAIXO;HVI3;R08;HVI4;R03;5;5;5;0;0;0
G6;c.RISCO ALTO;HVI3;R08;HVI4;R04;5;5;5;0;0;0
G6;b.RISCO NEUTRO;HVI3;R08;HVI4;R04;5;5;5;0;0;0
G6;a.RISCO BAIXO;HVI3;R08;HVI4;R04;5;5;5;0;0;0
G6;c.RISCO ALTO;HVI3;R08;HVI4;R05;5;5;5;0;0;0
G6;b.RISCO NEUTRO;HVI3;R08;HVI4;R05;5;5;5;0;0;0
G6;a.RISCO BAIXO;HVI3;R08;HVI4;R05;5;5;5;0;0;0
G6;c.RISCO ALTO;HVI3;R08;HVI4;R06;5;5;5;0;0;0
G6;b.RISCO NEUTRO;HVI3;R08;HVI4;R06;5;5;5;0;0;0
G6;a.RISCO BAIXO;HVI3;R08;HVI4;R06;5;5;5;0;0;0
G6;c.RISCO ALTO;HVI3;R08;HVI4;R07;5;5;5;0;0;0
G6;b.RISCO NEUTRO;HVI3;R08;HVI4;R07;5;5;5;0;0;0
G6;a.RISCO BAIXO;HVI3;R08;HVI4;R07;5;5;5;0;0;0
G6;c.RISCO ALTO;HVI3;R08;HVI4;R08;5;5;5;0;0;0
G6;b.RISCO NEUTRO;HVI3;R08;HVI4;R08;5;5;5;0;0;0
G6;a.RISCO BAIXO;HVI3;R08;HVI4;R08;5;5;5;0;0;0
G6;c.RISCO ALTO;HVI3;R08;HVI4;R09;5;5;5;0;0;0
G6;b.RISCO NEUTRO;HVI3;R08;HVI4;R09;5;5;5;0;0;0
G6;a.RISCO BAIXO;HVI3;R08;HVI4;R09;5;5;5;0;0;0
G6;c.RISCO ALTO;HVI3;R08;HVI4;R10;5;5;5;0;0;0
G6;b.RISCO NEUTRO;HVI3;R08;HVI4;R10;5;5;5;0;0;0
G6;a.RISCO BAIXO;HVI3;R08;HVI4;R10;5;5;5;0;0;0
G6;c.RISCO ALTO;HVI3;R08;HVI4;R11;5;5;5;0;0;0
G6;b.RISCO NEUTRO;HVI3;R08;HVI4;R11;5;5;5;0;0;0
G6;a.RISCO BAIXO;HVI3;R08;HVI4;R11;5;5;5;0;0;0
G6;c.RISCO ALTO;HVI3;R08;HVI4;R12;5;5;5;0;0;0
G6;b.RISCO NEUTRO;HVI3;R08;HVI4;R12;5;5;5;0;0;0
G6;a.RISCO BAIXO;HVI3;R08;HVI4;R12;5;5;5;0;0;0
G6;c.RISCO ALTO;HVI3;R08;HVI4;R13;5;5;5;0;0;0
G6;b.RISCO NEUTRO;HVI3;R08;HVI4;R13;5;5;5;0;0;0
G6;a.RISCO BAIXO;HVI3;R08;HVI4;R13;5;5;5;0;0;0
G6;c.RISCO ALTO;HVI3;R08;HVI4;R14;5;5;5;0;0;0
G6;b.RISCO NEUTRO;HVI3;R08;HVI4;R14;5;5;5;0;0;0
G6;a.RISCO BAIXO;HVI3;R08;HVI4;R14;5;5;5;0;0;0
G6;c.RISCO ALTO;HVI3;R08;HVI4;R15;5;5;5;0;0;0
G6;b.RISCO NEUTRO;HVI3;R08;HVI4;R15;5;5;5;0;0;0
G6;a.RISCO BAIXO;HVI3;R08;HVI4;R15;5;5;5;0;0;0
G6;c.RISCO ALTO;HVI3;R08;HVI4;R16;5;5;5;0;0;0
G6;b.RISCO NEUTRO;HVI3;R08;HVI4;R16;5;5;5;0;0;0
G6;a.RISCO BAIXO;HVI3;R08;HVI4;R16;5;5;5;0;0;0
G6;c.RISCO ALTO;HVI3;R08;HVI4;R17;5;5;5;0;0;0
G6;b.RISCO NEUTRO;HVI3;R08;HVI4;R17;5;5;5;0;0;0
G6;a.RISCO BAIXO;HVI3;R08;HVI4;R17;5;5;5;0;0;0
G6;c.RISCO ALTO;HVI3;R08;HVI4;R18;5;5;5;0;0;0
G6;b.RISCO NEUTRO;HVI3;R08;HVI4;R18;5;5;5;0;0;0
G6;a.RISCO BAIXO;HVI3;R08;HVI4;R18;5;5;5;0;0;0
G6;b.RISCO NEUTRO;HVI3;R08;HVI4;R19;5;5;5;0;0;0
G6;c.RISCO ALTO;HVI3;R08;HVI4;R19;5;5;5;0;0;0
G6;a.RISCO BAIXO;HVI3;R08;HVI4;R19;5;5;5;0;0;0
G6;b.RISCO NEUTRO;HVI3;R08;HVI4;R20;5;5;5;0;0;0
G6;c.RISCO ALTO;HVI3;R08;HVI4;R20;5;5;5;0;0;0
G6;a.RISCO BAIXO;HVI3;R08;HVI4;R20;5;5;5;0;0;0
G6;c.RISCO ALTO;HVI3;R08;HVI4;R99;5;5;5;0;0;0
G6;b.RISCO NEUTRO;HVI3;R08;HVI4;R99;5;5;5;0;0;0
G6;a.RISCO BAIXO;HVI3;R08;HVI4;R99;5;5;5;0;0;0
G6;c.RISCO ALTO;HVI3;R09;HVI4;R01;8;8;8;0;0;0
G6;b.RISCO NEUTRO;HVI3;R09;HVI4;R01;8;8;8;0;0;0
G6;a.RISCO BAIXO;HVI3;R09;HVI4;R01;8;8;8;0;0;0
G6;c.RISCO ALTO;HVI3;R09;HVI4;R02;8;8;8;0;0;0
G6;b.RISCO NEUTRO;HVI3;R09;HVI4;R02;8;8;8;0;0;0
G6;a.RISCO BAIXO;HVI3;R09;HVI4;R02;8;8;8;0;0;0
G6;c.RISCO ALTO;HVI3;R09;HVI4;R03;5;5;5;0;0;0
G6;b.RISCO NEUTRO;HVI3;R09;HVI4;R03;5;5;5;0;0;0
G6;a.RISCO BAIXO;HVI3;R09;HVI4;R03;5;5;5;0;0;0
G6;c.RISCO ALTO;HVI3;R09;HVI4;R04;5;5;5;0;0;0
G6;b.RISCO NEUTRO;HVI3;R09;HVI4;R04;5;5;5;0;0;0
G6;a.RISCO BAIXO;HVI3;R09;HVI4;R04;5;5;5;0;0;0
G6;c.RISCO ALTO;HVI3;R09;HVI4;R05;5;5;5;0;0;0
G6;b.RISCO NEUTRO;HVI3;R09;HVI4;R05;5;5;5;0;0;0
G6;a.RISCO BAIXO;HVI3;R09;HVI4;R05;5;5;5;0;0;0
G6;c.RISCO ALTO;HVI3;R09;HVI4;R06;5;5;5;0;0;0
G6;b.RISCO NEUTRO;HVI3;R09;HVI4;R06;5;5;5;0;0;0
G6;a.RISCO BAIXO;HVI3;R09;HVI4;R06;5;5;5;0;0;0
G6;c.RISCO ALTO;HVI3;R09;HVI4;R07;5;5;5;0;0;0
G6;b.RISCO NEUTRO;HVI3;R09;HVI4;R07;5;5;5;0;0;0
G6;a.RISCO BAIXO;HVI3;R09;HVI4;R07;5;5;5;0;0;0
G6;c.RISCO ALTO;HVI3;R09;HVI4;R08;5;5;5;0;0;0
G6;b.RISCO NEUTRO;HVI3;R09;HVI4;R08;5;5;5;0;0;0
G6;a.RISCO BAIXO;HVI3;R09;HVI4;R08;5;5;5;0;0;0
G6;c.RISCO ALTO;HVI3;R09;HVI4;R09;5;5;5;0;0;0
G6;b.RISCO NEUTRO;HVI3;R09;HVI4;R09;5;5;5;0;0;0
G6;a.RISCO BAIXO;HVI3;R09;HVI4;R09;5;5;5;0;0;0
G6;b.RISCO NEUTRO;HVI3;R09;HVI4;R10;5;5;5;0;0;0
G6;c.RISCO ALTO;HVI3;R09;HVI4;R10;5;5;5;0;0;0
G6;a.RISCO BAIXO;HVI3;R09;HVI4;R10;5;5;5;0;0;0
G6;c.RISCO ALTO;HVI3;R09;HVI4;R11;5;5;5;0;0;0
G6;b.RISCO NEUTRO;HVI3;R09;HVI4;R11;5;5;5;0;0;0
G6;a.RISCO BAIXO;HVI3;R09;HVI4;R11;5;5;5;0;0;0
G6;c.RISCO ALTO;HVI3;R09;HVI4;R12;5;5;5;0;0;0
G6;b.RISCO NEUTRO;HVI3;R09;HVI4;R12;5;5;5;0;0;0
G6;a.RISCO BAIXO;HVI3;R09;HVI4;R12;5;5;5;0;0;0
G6;c.RISCO ALTO;HVI3;R09;HVI4;R13;5;5;5;0;0;0
G6;b.RISCO NEUTRO;HVI3;R09;HVI4;R13;5;5;5;0;0;0
G6;a.RISCO BAIXO;HVI3;R09;HVI4;R13;5;5;5;0;0;0
G6;c.RISCO ALTO;HVI3;R09;HVI4;R14;5;5;5;0;0;0
G6;b.RISCO NEUTRO;HVI3;R09;HVI4;R14;5;5;5;0;0;0
G6;a.RISCO BAIXO;HVI3;R09;HVI4;R14;5;5;5;0;0;0
G6;b.RISCO NEUTRO;HVI3;R09;HVI4;R15;5;5;5;0;0;0
G6;c.RISCO ALTO;HVI3;R09;HVI4;R15;5;5;5;0;0;0
G6;a.RISCO BAIXO;HVI3;R09;HVI4;R15;5;5;5;0;0;0
G6;c.RISCO ALTO;HVI3;R09;HVI4;R16;5;5;5;0;0;0
G6;b.RISCO NEUTRO;HVI3;R09;HVI4;R16;5;5;5;0;0;0
G6;a.RISCO BAIXO;HVI3;R09;HVI4;R16;5;5;5;0;0;0
G6;c.RISCO ALTO;HVI3;R09;HVI4;R17;5;5;5;0;0;0
G6;b.RISCO NEUTRO;HVI3;R09;HVI4;R17;5;5;5;0;0;0
G6;a.RISCO BAIXO;HVI3;R09;HVI4;R17;5;5;5;0;0;0
G6;c.RISCO ALTO;HVI3;R09;HVI4;R18;5;5;5;0;0;0
G6;b.RISCO NEUTRO;HVI3;R09;HVI4;R18;5;5;5;0;0;0
G6;a.RISCO BAIXO;HVI3;R09;HVI4;R18;5;5;5;0;0;0
G6;c.RISCO ALTO;HVI3;R09;HVI4;R19;5;5;5;0;0;0
G6;b.RISCO NEUTRO;HVI3;R09;HVI4;R19;5;5;5;0;0;0
G6;a.RISCO BAIXO;HVI3;R09;HVI4;R19;5;5;5;0;0;0
G6;c.RISCO ALTO;HVI3;R09;HVI4;R20;5;5;5;0;0;0
G6;b.RISCO NEUTRO;HVI3;R09;HVI4;R20;5;5;5;0;0;0
G6;a.RISCO BAIXO;HVI3;R09;HVI4;R20;5;5;5;0;0;0
G6;c.RISCO ALTO;HVI3;R09;HVI4;R99;5;5;5;0;0;0
G6;b.RISCO NEUTRO;HVI3;R09;HVI4;R99;5;5;5;0;0;0
G6;a.RISCO BAIXO;HVI3;R09;HVI4;R99;5;5;5;0;0;0
G6;b.RISCO NEUTRO;HVI3;R10;HVI4;R01;8;8;8;0;0;0
G6;c.RISCO ALTO;HVI3;R10;HVI4;R01;8;8;8;0;0;0
G6;a.RISCO BAIXO;HVI3;R10;HVI4;R01;8;8;8;0;0;0
G6;c.RISCO ALTO;HVI3;R10;HVI4;R02;8;8;8;0;0;0
G6;b.RISCO NEUTRO;HVI3;R10;HVI4;R02;8;8;8;0;0;0
G6;a.RISCO BAIXO;HVI3;R10;HVI4;R02;8;8;8;0;0;0
G6;c.RISCO ALTO;HVI3;R10;HVI4;R03;5;0;0;0;0;0
G6;b.RISCO NEUTRO;HVI3;R10;HVI4;R03;5;5;5;0;0;0
G6;a.RISCO BAIXO;HVI3;R10;HVI4;R03;5;5;5;0;0;0
G6;c.RISCO ALTO;HVI3;R10;HVI4;R04;5;0;0;0;0;0
G6;b.RISCO NEUTRO;HVI3;R10;HVI4;R04;5;5;5;0;0;0
G6;a.RISCO BAIXO;HVI3;R10;HVI4;R04;5;5;5;0;0;0
G6;b.RISCO NEUTRO;HVI3;R10;HVI4;R05;5;5;5;0;0;0
G6;c.RISCO ALTO;HVI3;R10;HVI4;R05;5;0;0;0;0;0
G6;a.RISCO BAIXO;HVI3;R10;HVI4;R05;5;5;5;0;0;0
G6;c.RISCO ALTO;HVI3;R10;HVI4;R06;5;0;0;0;0;0
G6;b.RISCO NEUTRO;HVI3;R10;HVI4;R06;5;5;5;0;0;0
G6;a.RISCO BAIXO;HVI3;R10;HVI4;R06;5;5;5;0;0;0
G6;c.RISCO ALTO;HVI3;R10;HVI4;R07;5;0;0;0;0;0
G6;b.RISCO NEUTRO;HVI3;R10;HVI4;R07;5;5;5;0;0;0
G6;a.RISCO BAIXO;HVI3;R10;HVI4;R07;5;5;5;0;0;0
G6;c.RISCO ALTO;HVI3;R10;HVI4;R08;5;0;0;0;0;0
G6;b.RISCO NEUTRO;HVI3;R10;HVI4;R08;5;5;5;0;0;0
G6;a.RISCO BAIXO;HVI3;R10;HVI4;R08;5;5;5;0;0;0
G6;c.RISCO ALTO;HVI3;R10;HVI4;R09;5;0;0;0;0;0
G6;b.RISCO NEUTRO;HVI3;R10;HVI4;R09;5;5;5;0;0;0
G6;a.RISCO BAIXO;HVI3;R10;HVI4;R09;5;5;5;0;0;0
G6;c.RISCO ALTO;HVI3;R10;HVI4;R10;5;0;0;0;0;0
G6;b.RISCO NEUTRO;HVI3;R10;HVI4;R10;5;5;5;0;0;0
G6;a.RISCO BAIXO;HVI3;R10;HVI4;R10;5;5;5;0;0;0
G6;c.RISCO ALTO;HVI3;R10;HVI4;R11;5;0;0;0;0;0
G6;b.RISCO NEUTRO;HVI3;R10;HVI4;R11;5;5;5;0;0;0
G6;a.RISCO BAIXO;HVI3;R10;HVI4;R11;5;5;5;0;0;0
G6;c.RISCO ALTO;HVI3;R10;HVI4;R12;5;0;0;0;0;0
G6;b.RISCO NEUTRO;HVI3;R10;HVI4;R12;5;5;5;0;0;0
G6;a.RISCO BAIXO;HVI3;R10;HVI4;R12;5;5;5;0;0;0
G6;c.RISCO ALTO;HVI3;R10;HVI4;R13;5;0;0;0;0;0
G6;b.RISCO NEUTRO;HVI3;R10;HVI4;R13;5;5;5;0;0;0
G6;a.RISCO BAIXO;HVI3;R10;HVI4;R13;5;5;5;0;0;0
G6;c.RISCO ALTO;HVI3;R10;HVI4;R14;5;0;0;0;0;0
G6;b.RISCO NEUTRO;HVI3;R10;HVI4;R14;5;5;5;0;0;0
G6;a.RISCO BAIXO;HVI3;R10;HVI4;R14;5;5;5;0;0;0
G6;c.RISCO ALTO;HVI3;R10;HVI4;R15;5;0;0;0;0;0
G6;b.RISCO NEUTRO;HVI3;R10;HVI4;R15;5;5;5;0;0;0
G6;a.RISCO BAIXO;HVI3;R10;HVI4;R15;5;5;5;0;0;0
G6;c.RISCO ALTO;HVI3;R10;HVI4;R16;5;0;0;0;0;0
G6;b.RISCO NEUTRO;HVI3;R10;HVI4;R16;5;5;5;0;0;0
G6;a.RISCO BAIXO;HVI3;R10;HVI4;R16;5;5;5;0;0;0
G6;c.RISCO ALTO;HVI3;R10;HVI4;R17;5;0;0;0;0;0
G6;b.RISCO NEUTRO;HVI3;R10;HVI4;R17;5;5;5;0;0;0
G6;a.RISCO BAIXO;HVI3;R10;HVI4;R17;5;5;5;0;0;0
G6;c.RISCO ALTO;HVI3;R10;HVI4;R18;5;0;0;0;0;0
G6;b.RISCO NEUTRO;HVI3;R10;HVI4;R18;5;5;5;0;0;0
G6;a.RISCO BAIXO;HVI3;R10;HVI4;R18;5;5;5;0;0;0
G6;c.RISCO ALTO;HVI3;R10;HVI4;R19;5;0;0;0;0;0
G6;b.RISCO NEUTRO;HVI3;R10;HVI4;R19;5;5;5;0;0;0
G6;a.RISCO BAIXO;HVI3;R10;HVI4;R19;5;5;5;0;0;0
G6;c.RISCO ALTO;HVI3;R10;HVI4;R20;5;0;0;0;0;0
G6;b.RISCO NEUTRO;HVI3;R10;HVI4;R20;5;5;5;0;0;0
G6;a.RISCO BAIXO;HVI3;R10;HVI4;R20;5;5;5;0;0;0
G6;c.RISCO ALTO;HVI3;R10;HVI4;R99;5;0;0;0;0;0
G6;b.RISCO NEUTRO;HVI3;R10;HVI4;R99;5;5;5;0;0;0
G6;a.RISCO BAIXO;HVI3;R10;HVI4;R99;5;5;5;0;0;0
G6;c.RISCO ALTO;HVI3;R11;HVI4;R01;8;8;8;0;0;0
G6;b.RISCO NEUTRO;HVI3;R11;HVI4;R01;8;8;8;0;0;0
G6;a.RISCO BAIXO;HVI3;R11;HVI4;R01;8;8;8;0;0;0
G6;c.RISCO ALTO;HVI3;R11;HVI4;R02;8;8;8;0;0;0
G6;b.RISCO NEUTRO;HVI3;R11;HVI4;R02;8;8;8;0;0;0
G6;a.RISCO BAIXO;HVI3;R11;HVI4;R02;8;8;8;0;0;0
G6;c.RISCO ALTO;HVI3;R11;HVI4;R03;5;0;0;0;0;0
G6;b.RISCO NEUTRO;HVI3;R11;HVI4;R03;5;0;0;0;0;0
G6;a.RISCO BAIXO;HVI3;R11;HVI4;R03;5;5;5;0;0;0
G6;b.RISCO NEUTRO;HVI3;R11;HVI4;R04;5;0;0;0;0;0
G6;c.RISCO ALTO;HVI3;R11;HVI4;R04;5;0;0;0;0;0
G6;a.RISCO BAIXO;HVI3;R11;HVI4;R04;5;5;5;0;0;0
G6;c.RISCO ALTO;HVI3;R11;HVI4;R05;5;0;0;0;0;0
G6;b.RISCO NEUTRO;HVI3;R11;HVI4;R05;5;0;0;0;0;0
G6;a.RISCO BAIXO;HVI3;R11;HVI4;R05;5;5;5;0;0;0
G6;c.RISCO ALTO;HVI3;R11;HVI4;R06;5;0;0;0;0;0
G6;b.RISCO NEUTRO;HVI3;R11;HVI4;R06;5;0;0;0;0;0
G6;a.RISCO BAIXO;HVI3;R11;HVI4;R06;5;5;5;0;0;0
G6;c.RISCO ALTO;HVI3;R11;HVI4;R07;5;0;0;0;0;0
G6;b.RISCO NEUTRO;HVI3;R11;HVI4;R07;5;0;0;0;0;0
G6;a.RISCO BAIXO;HVI3;R11;HVI4;R07;5;5;5;0;0;0
G6;c.RISCO ALTO;HVI3;R11;HVI4;R08;5;0;0;0;0;0
G6;b.RISCO NEUTRO;HVI3;R11;HVI4;R08;5;0;0;0;0;0
G6;a.RISCO BAIXO;HVI3;R11;HVI4;R08;5;5;5;0;0;0
G6;c.RISCO ALTO;HVI3;R11;HVI4;R09;5;0;0;0;0;0
G6;b.RISCO NEUTRO;HVI3;R11;HVI4;R09;5;0;0;0;0;0
G6;a.RISCO BAIXO;HVI3;R11;HVI4;R09;5;5;5;0;0;0
G6;c.RISCO ALTO;HVI3;R11;HVI4;R10;5;0;0;0;0;0
G6;b.RISCO NEUTRO;HVI3;R11;HVI4;R10;5;0;0;0;0;0
G6;a.RISCO BAIXO;HVI3;R11;HVI4;R10;5;5;5;0;0;0
G6;c.RISCO ALTO;HVI3;R11;HVI4;R11;5;0;0;0;0;0
G6;b.RISCO NEUTRO;HVI3;R11;HVI4;R11;5;0;0;0;0;0
G6;a.RISCO BAIXO;HVI3;R11;HVI4;R11;5;5;5;0;0;0
G6;c.RISCO ALTO;HVI3;R11;HVI4;R12;5;0;0;0;0;0
G6;b.RISCO NEUTRO;HVI3;R11;HVI4;R12;5;0;0;0;0;0
G6;a.RISCO BAIXO;HVI3;R11;HVI4;R12;5;5;5;0;0;0
G6;c.RISCO ALTO;HVI3;R11;HVI4;R13;5;0;0;0;0;0
G6;b.RISCO NEUTRO;HVI3;R11;HVI4;R13;5;0;0;0;0;0
G6;a.RISCO BAIXO;HVI3;R11;HVI4;R13;5;5;5;0;0;0
G6;c.RISCO ALTO;HVI3;R11;HVI4;R14;5;0;0;0;0;0
G6;b.RISCO NEUTRO;HVI3;R11;HVI4;R14;5;0;0;0;0;0
G6;a.RISCO BAIXO;HVI3;R11;HVI4;R14;5;5;5;0;0;0
G6;c.RISCO ALTO;HVI3;R11;HVI4;R15;5;0;0;0;0;0
G6;b.RISCO NEUTRO;HVI3;R11;HVI4;R15;5;0;0;0;0;0
G6;a.RISCO BAIXO;HVI3;R11;HVI4;R15;5;5;5;0;0;0
G6;b.RISCO NEUTRO;HVI3;R11;HVI4;R16;5;0;0;0;0;0
G6;c.RISCO ALTO;HVI3;R11;HVI4;R16;5;0;0;0;0;0
G6;a.RISCO BAIXO;HVI3;R11;HVI4;R16;5;5;5;0;0;0
G6;c.RISCO ALTO;HVI3;R11;HVI4;R17;5;0;0;0;0;0
G6;b.RISCO NEUTRO;HVI3;R11;HVI4;R17;5;0;0;0;0;0
G6;a.RISCO BAIXO;HVI3;R11;HVI4;R17;5;5;5;0;0;0
G6;c.RISCO ALTO;HVI3;R11;HVI4;R18;5;0;0;0;0;0
G6;b.RISCO NEUTRO;HVI3;R11;HVI4;R18;5;0;0;0;0;0
G6;a.RISCO BAIXO;HVI3;R11;HVI4;R18;5;5;5;0;0;0
G6;c.RISCO ALTO;HVI3;R11;HVI4;R19;5;0;0;0;0;0
G6;b.RISCO NEUTRO;HVI3;R11;HVI4;R19;5;0;0;0;0;0
G6;a.RISCO BAIXO;HVI3;R11;HVI4;R19;5;5;5;0;0;0
G6;b.RISCO NEUTRO;HVI3;R11;HVI4;R20;5;0;0;0;0;0
G6;c.RISCO ALTO;HVI3;R11;HVI4;R20;5;0;0;0;0;0
G6;a.RISCO BAIXO;HVI3;R11;HVI4;R20;5;5;5;0;0;0
G6;c.RISCO ALTO;HVI3;R11;HVI4;R99;5;0;0;0;0;0
G6;b.RISCO NEUTRO;HVI3;R11;HVI4;R99;5;0;0;0;0;0
G6;a.RISCO BAIXO;HVI3;R11;HVI4;R99;5;5;5;0;0;0
G6;c.RISCO ALTO;HVI3;R12;HVI4;R01;8;8;8;0;0;0
G6;b.RISCO NEUTRO;HVI3;R12;HVI4;R01;8;8;8;0;0;0
G6;a.RISCO BAIXO;HVI3;R12;HVI4;R01;8;8;8;0;0;0
G6;c.RISCO ALTO;HVI3;R12;HVI4;R02;8;8;8;0;0;0
G6;b.RISCO NEUTRO;HVI3;R12;HVI4;R02;8;8;8;0;0;0
G6;a.RISCO BAIXO;HVI3;R12;HVI4;R02;8;8;8;0;0;0
G6;c.RISCO ALTO;HVI3;R12;HVI4;R03;5;0;0;0;0;0
G6;b.RISCO NEUTRO;HVI3;R12;HVI4;R03;5;0;0;0;0;0
G6;a.RISCO BAIXO;HVI3;R12;HVI4;R03;5;5;5;0;0;0
G6;c.RISCO ALTO;HVI3;R12;HVI4;R04;5;0;0;0;0;0
G6;b.RISCO NEUTRO;HVI3;R12;HVI4;R04;5;0;0;0;0;0
G6;a.RISCO BAIXO;HVI3;R12;HVI4;R04;5;5;5;0;0;0
G6;c.RISCO ALTO;HVI3;R12;HVI4;R05;5;0;0;0;0;0
G6;b.RISCO NEUTRO;HVI3;R12;HVI4;R05;5;0;0;0;0;0
G6;a.RISCO BAIXO;HVI3;R12;HVI4;R05;5;5;5;0;0;0
G6;c.RISCO ALTO;HVI3;R12;HVI4;R06;5;0;0;0;0;0
G6;b.RISCO NEUTRO;HVI3;R12;HVI4;R06;5;0;0;0;0;0
G6;a.RISCO BAIXO;HVI3;R12;HVI4;R06;5;5;5;0;0;0
G6;b.RISCO NEUTRO;HVI3;R12;HVI4;R07;5;0;0;0;0;0
G6;c.RISCO ALTO;HVI3;R12;HVI4;R07;5;0;0;0;0;0
G6;a.RISCO BAIXO;HVI3;R12;HVI4;R07;5;5;5;0;0;0
G6;c.RISCO ALTO;HVI3;R12;HVI4;R08;5;0;0;0;0;0
G6;b.RISCO NEUTRO;HVI3;R12;HVI4;R08;5;0;0;0;0;0
G6;a.RISCO BAIXO;HVI3;R12;HVI4;R08;5;5;5;0;0;0
G6;c.RISCO ALTO;HVI3;R12;HVI4;R09;5;0;0;0;0;0
G6;b.RISCO NEUTRO;HVI3;R12;HVI4;R09;5;0;0;0;0;0
G6;a.RISCO BAIXO;HVI3;R12;HVI4;R09;5;5;5;0;0;0
G6;c.RISCO ALTO;HVI3;R12;HVI4;R10;5;0;0;0;0;0
G6;b.RISCO NEUTRO;HVI3;R12;HVI4;R10;5;0;0;0;0;0
G6;a.RISCO BAIXO;HVI3;R12;HVI4;R10;5;5;5;0;0;0
G6;b.RISCO NEUTRO;HVI3;R12;HVI4;R11;5;0;0;0;0;0
G6;c.RISCO ALTO;HVI3;R12;HVI4;R11;5;0;0;0;0;0
G6;a.RISCO BAIXO;HVI3;R12;HVI4;R11;5;5;5;0;0;0
G6;c.RISCO ALTO;HVI3;R12;HVI4;R12;5;0;0;0;0;0
G6;b.RISCO NEUTRO;HVI3;R12;HVI4;R12;5;0;0;0;0;0
G6;a.RISCO BAIXO;HVI3;R12;HVI4;R12;5;5;5;0;0;0
G6;c.RISCO ALTO;HVI3;R12;HVI4;R13;5;0;0;0;0;0
G6;b.RISCO NEUTRO;HVI3;R12;HVI4;R13;5;0;0;0;0;0
G6;a.RISCO BAIXO;HVI3;R12;HVI4;R13;5;5;5;0;0;0
G6;c.RISCO ALTO;HVI3;R12;HVI4;R14;5;0;0;0;0;0
G6;b.RISCO NEUTRO;HVI3;R12;HVI4;R14;5;0;0;0;0;0
G6;a.RISCO BAIXO;HVI3;R12;HVI4;R14;5;5;5;0;0;0
G6;c.RISCO ALTO;HVI3;R12;HVI4;R15;5;0;0;0;0;0
G6;b.RISCO NEUTRO;HVI3;R12;HVI4;R15;5;0;0;0;0;0
G6;a.RISCO BAIXO;HVI3;R12;HVI4;R15;5;5;5;0;0;0
G6;c.RISCO ALTO;HVI3;R12;HVI4;R16;5;0;0;0;0;0
G6;b.RISCO NEUTRO;HVI3;R12;HVI4;R16;5;0;0;0;0;0
G6;a.RISCO BAIXO;HVI3;R12;HVI4;R16;5;5;5;0;0;0
G6;c.RISCO ALTO;HVI3;R12;HVI4;R17;5;0;0;0;0;0
G6;b.RISCO NEUTRO;HVI3;R12;HVI4;R17;5;0;0;0;0;0
G6;a.RISCO BAIXO;HVI3;R12;HVI4;R17;5;5;5;0;0;0
G6;c.RISCO ALTO;HVI3;R12;HVI4;R18;5;0;0;0;0;0
G6;b.RISCO NEUTRO;HVI3;R12;HVI4;R18;5;0;0;0;0;0
G6;a.RISCO BAIXO;HVI3;R12;HVI4;R18;5;5;5;0;0;0
G6;c.RISCO ALTO;HVI3;R12;HVI4;R19;5;0;0;0;0;0
G6;b.RISCO NEUTRO;HVI3;R12;HVI4;R19;5;0;0;0;0;0
G6;a.RISCO BAIXO;HVI3;R12;HVI4;R19;5;5;5;0;0;0
G6;c.RISCO ALTO;HVI3;R12;HVI4;R20;5;0;0;0;0;0
G6;b.RISCO NEUTRO;HVI3;R12;HVI4;R20;5;0;0;0;0;0
G6;a.RISCO BAIXO;HVI3;R12;HVI4;R20;5;5;5;0;0;0
G6;c.RISCO ALTO;HVI3;R12;HVI4;R99;5;0;0;0;0;0
G6;b.RISCO NEUTRO;HVI3;R12;HVI4;R99;5;0;0;0;0;0
G6;a.RISCO BAIXO;HVI3;R12;HVI4;R99;5;5;5;0;0;0
G6;c.RISCO ALTO;HVI3;R13;HVI4;R01;8;8;8;0;0;0
G6;b.RISCO NEUTRO;HVI3;R13;HVI4;R01;8;8;8;0;0;0
G6;a.RISCO BAIXO;HVI3;R13;HVI4;R01;8;8;8;0;0;0
G6;c.RISCO ALTO;HVI3;R13;HVI4;R02;8;8;8;0;0;0
G6;b.RISCO NEUTRO;HVI3;R13;HVI4;R02;8;8;8;0;0;0
G6;a.RISCO BAIXO;HVI3;R13;HVI4;R02;8;8;8;0;0;0
G6;c.RISCO ALTO;HVI3;R13;HVI4;R03;5;0;0;0;0;0
G6;b.RISCO NEUTRO;HVI3;R13;HVI4;R03;5;0;0;0;0;0
G6;a.RISCO BAIXO;HVI3;R13;HVI4;R03;5;5;5;0;0;0
G6;c.RISCO ALTO;HVI3;R13;HVI4;R04;5;0;0;0;0;0
G6;b.RISCO NEUTRO;HVI3;R13;HVI4;R04;5;0;0;0;0;0
G6;a.RISCO BAIXO;HVI3;R13;HVI4;R04;5;5;5;0;0;0
G6;c.RISCO ALTO;HVI3;R13;HVI4;R05;5;0;0;0;0;0
G6;b.RISCO NEUTRO;HVI3;R13;HVI4;R05;5;0;0;0;0;0
G6;a.RISCO BAIXO;HVI3;R13;HVI4;R05;5;5;5;0;0;0
G6;c.RISCO ALTO;HVI3;R13;HVI4;R06;5;0;0;0;0;0
G6;b.RISCO NEUTRO;HVI3;R13;HVI4;R06;5;0;0;0;0;0
G6;a.RISCO BAIXO;HVI3;R13;HVI4;R06;5;5;5;0;0;0
G6;c.RISCO ALTO;HVI3;R13;HVI4;R07;5;0;0;0;0;0
G6;b.RISCO NEUTRO;HVI3;R13;HVI4;R07;5;0;0;0;0;0
G6;a.RISCO BAIXO;HVI3;R13;HVI4;R07;5;5;5;0;0;0
G6;c.RISCO ALTO;HVI3;R13;HVI4;R08;5;0;0;0;0;0
G6;b.RISCO NEUTRO;HVI3;R13;HVI4;R08;5;0;0;0;0;0
G6;a.RISCO BAIXO;HVI3;R13;HVI4;R08;5;5;5;0;0;0
G6;c.RISCO ALTO;HVI3;R13;HVI4;R09;5;0;0;0;0;0
G6;b.RISCO NEUTRO;HVI3;R13;HVI4;R09;5;0;0;0;0;0
G6;a.RISCO BAIXO;HVI3;R13;HVI4;R09;5;5;5;0;0;0
G6;b.RISCO NEUTRO;HVI3;R13;HVI4;R10;5;0;0;0;0;0
G6;c.RISCO ALTO;HVI3;R13;HVI4;R10;5;0;0;0;0;0
G6;a.RISCO BAIXO;HVI3;R13;HVI4;R10;5;5;5;0;0;0
G6;c.RISCO ALTO;HVI3;R13;HVI4;R11;5;0;0;0;0;0
G6;b.RISCO NEUTRO;HVI3;R13;HVI4;R11;5;0;0;0;0;0
G6;a.RISCO BAIXO;HVI3;R13;HVI4;R11;5;5;5;0;0;0
G6;c.RISCO ALTO;HVI3;R13;HVI4;R12;5;0;0;0;0;0
G6;b.RISCO NEUTRO;HVI3;R13;HVI4;R12;5;0;0;0;0;0
G6;a.RISCO BAIXO;HVI3;R13;HVI4;R12;5;5;5;0;0;0
G6;c.RISCO ALTO;HVI3;R13;HVI4;R13;5;0;0;0;0;0
G6;b.RISCO NEUTRO;HVI3;R13;HVI4;R13;5;0;0;0;0;0
G6;a.RISCO BAIXO;HVI3;R13;HVI4;R13;5;5;5;0;0;0
G6;c.RISCO ALTO;HVI3;R13;HVI4;R14;5;0;0;0;0;0
G6;b.RISCO NEUTRO;HVI3;R13;HVI4;R14;5;0;0;0;0;0
G6;a.RISCO BAIXO;HVI3;R13;HVI4;R14;5;5;5;0;0;0
G6;c.RISCO ALTO;HVI3;R13;HVI4;R15;5;0;0;0;0;0
G6;b.RISCO NEUTRO;HVI3;R13;HVI4;R15;5;0;0;0;0;0
G6;a.RISCO BAIXO;HVI3;R13;HVI4;R15;5;5;5;0;0;0
G6;c.RISCO ALTO;HVI3;R13;HVI4;R16;5;0;0;0;0;0
G6;b.RISCO NEUTRO;HVI3;R13;HVI4;R16;5;0;0;0;0;0
G6;a.RISCO BAIXO;HVI3;R13;HVI4;R16;5;5;5;0;0;0
G6;c.RISCO ALTO;HVI3;R13;HVI4;R17;5;0;0;0;0;0
G6;b.RISCO NEUTRO;HVI3;R13;HVI4;R17;5;0;0;0;0;0
G6;a.RISCO BAIXO;HVI3;R13;HVI4;R17;5;5;5;0;0;0
G6;c.RISCO ALTO;HVI3;R13;HVI4;R18;5;0;0;0;0;0
G6;b.RISCO NEUTRO;HVI3;R13;HVI4;R18;5;0;0;0;0;0
G6;a.RISCO BAIXO;HVI3;R13;HVI4;R18;5;5;5;0;0;0
G6;c.RISCO ALTO;HVI3;R13;HVI4;R19;5;0;0;0;0;0
G6;b.RISCO NEUTRO;HVI3;R13;HVI4;R19;5;0;0;0;0;0
G6;a.RISCO BAIXO;HVI3;R13;HVI4;R19;5;5;5;0;0;0
G6;c.RISCO ALTO;HVI3;R13;HVI4;R20;5;0;0;0;0;0
G6;b.RISCO NEUTRO;HVI3;R13;HVI4;R20;5;0;0;0;0;0
G6;a.RISCO BAIXO;HVI3;R13;HVI4;R20;5;5;5;0;0;0
G6;c.RISCO ALTO;HVI3;R13;HVI4;R99;5;0;0;0;0;0
G6;b.RISCO NEUTRO;HVI3;R13;HVI4;R99;5;0;0;0;0;0
G6;a.RISCO BAIXO;HVI3;R13;HVI4;R99;5;5;5;0;0;0
G6;b.RISCO NEUTRO;HVI3;R14;HVI4;R01;8;8;8;0;0;0
G6;c.RISCO ALTO;HVI3;R14;HVI4;R01;8;8;8;0;0;0
G6;a.RISCO BAIXO;HVI3;R14;HVI4;R01;8;8;8;0;0;0
G6;c.RISCO ALTO;HVI3;R14;HVI4;R02;8;8;8;0;0;0
G6;b.RISCO NEUTRO;HVI3;R14;HVI4;R02;8;8;8;0;0;0
G6;a.RISCO BAIXO;HVI3;R14;HVI4;R02;8;8;8;0;0;0
G6;c.RISCO ALTO;HVI3;R14;HVI4;R03;5;0;0;0;0;0
G6;b.RISCO NEUTRO;HVI3;R14;HVI4;R03;5;0;0;0;0;0
G6;a.RISCO BAIXO;HVI3;R14;HVI4;R03;5;0;0;0;0;0
G6;c.RISCO ALTO;HVI3;R14;HVI4;R04;5;0;0;0;0;0
G6;b.RISCO NEUTRO;HVI3;R14;HVI4;R04;5;0;0;0;0;0
G6;a.RISCO BAIXO;HVI3;R14;HVI4;R04;5;0;0;0;0;0
G6;c.RISCO ALTO;HVI3;R14;HVI4;R05;5;0;0;0;0;0
G6;b.RISCO NEUTRO;HVI3;R14;HVI4;R05;5;0;0;0;0;0
G6;a.RISCO BAIXO;HVI3;R14;HVI4;R05;5;0;0;0;0;0
G6;c.RISCO ALTO;HVI3;R14;HVI4;R06;5;0;0;0;0;0
G6;b.RISCO NEUTRO;HVI3;R14;HVI4;R06;5;0;0;0;0;0
G6;a.RISCO BAIXO;HVI3;R14;HVI4;R06;5;0;0;0;0;0
G6;c.RISCO ALTO;HVI3;R14;HVI4;R07;5;0;0;0;0;0
G6;b.RISCO NEUTRO;HVI3;R14;HVI4;R07;5;0;0;0;0;0
G6;a.RISCO BAIXO;HVI3;R14;HVI4;R07;5;0;0;0;0;0
G6;c.RISCO ALTO;HVI3;R14;HVI4;R08;5;0;0;0;0;0
G6;b.RISCO NEUTRO;HVI3;R14;HVI4;R08;5;0;0;0;0;0
G6;a.RISCO BAIXO;HVI3;R14;HVI4;R08;5;0;0;0;0;0
G6;c.RISCO ALTO;HVI3;R14;HVI4;R09;5;0;0;0;0;0
G6;b.RISCO NEUTRO;HVI3;R14;HVI4;R09;5;0;0;0;0;0
G6;a.RISCO BAIXO;HVI3;R14;HVI4;R09;5;0;0;0;0;0
G6;c.RISCO ALTO;HVI3;R14;HVI4;R10;5;0;0;0;0;0
G6;b.RISCO NEUTRO;HVI3;R14;HVI4;R10;5;0;0;0;0;0
G6;a.RISCO BAIXO;HVI3;R14;HVI4;R10;5;0;0;0;0;0
G6;c.RISCO ALTO;HVI3;R14;HVI4;R11;5;0;0;0;0;0
G6;b.RISCO NEUTRO;HVI3;R14;HVI4;R11;5;0;0;0;0;0
G6;a.RISCO BAIXO;HVI3;R14;HVI4;R11;5;0;0;0;0;0
G6;c.RISCO ALTO;HVI3;R14;HVI4;R12;5;0;0;0;0;0
G6;b.RISCO NEUTRO;HVI3;R14;HVI4;R12;5;0;0;0;0;0
G6;a.RISCO BAIXO;HVI3;R14;HVI4;R12;5;0;0;0;0;0
G6;b.RISCO NEUTRO;HVI3;R14;HVI4;R13;5;0;0;0;0;0
G6;c.RISCO ALTO;HVI3;R14;HVI4;R13;5;0;0;0;0;0
G6;a.RISCO BAIXO;HVI3;R14;HVI4;R13;5;0;0;0;0;0
G6;c.RISCO ALTO;HVI3;R14;HVI4;R14;5;0;0;0;0;0
G6;b.RISCO NEUTRO;HVI3;R14;HVI4;R14;5;0;0;0;0;0
G6;a.RISCO BAIXO;HVI3;R14;HVI4;R14;5;0;0;0;0;0
G6;c.RISCO ALTO;HVI3;R14;HVI4;R15;5;0;0;0;0;0
G6;b.RISCO NEUTRO;HVI3;R14;HVI4;R15;5;0;0;0;0;0
G6;a.RISCO BAIXO;HVI3;R14;HVI4;R15;5;0;0;0;0;0
G6;c.RISCO ALTO;HVI3;R14;HVI4;R16;5;0;0;0;0;0
G6;b.RISCO NEUTRO;HVI3;R14;HVI4;R16;5;0;0;0;0;0
G6;a.RISCO BAIXO;HVI3;R14;HVI4;R16;5;0;0;0;0;0
G6;c.RISCO ALTO;HVI3;R14;HVI4;R17;5;0;0;0;0;0
G6;b.RISCO NEUTRO;HVI3;R14;HVI4;R17;5;0;0;0;0;0
G6;a.RISCO BAIXO;HVI3;R14;HVI4;R17;5;0;0;0;0;0
G6;c.RISCO ALTO;HVI3;R14;HVI4;R18;5;0;0;0;0;0
G6;b.RISCO NEUTRO;HVI3;R14;HVI4;R18;5;0;0;0;0;0
G6;a.RISCO BAIXO;HVI3;R14;HVI4;R18;5;0;0;0;0;0
G6;c.RISCO ALTO;HVI3;R14;HVI4;R19;5;0;0;0;0;0
G6;b.RISCO NEUTRO;HVI3;R14;HVI4;R19;5;0;0;0;0;0
G6;a.RISCO BAIXO;HVI3;R14;HVI4;R19;5;0;0;0;0;0
G6;c.RISCO ALTO;HVI3;R14;HVI4;R20;5;0;0;0;0;0
G6;b.RISCO NEUTRO;HVI3;R14;HVI4;R20;5;0;0;0;0;0
G6;a.RISCO BAIXO;HVI3;R14;HVI4;R20;5;0;0;0;0;0
G6;c.RISCO ALTO;HVI3;R14;HVI4;R99;5;0;0;0;0;0
G6;b.RISCO NEUTRO;HVI3;R14;HVI4;R99;5;0;0;0;0;0
G6;a.RISCO BAIXO;HVI3;R14;HVI4;R99;5;0;0;0;0;0
G6;c.RISCO ALTO;HVI3;R15;HVI4;R01;8;8;8;0;0;0
G6;b.RISCO NEUTRO;HVI3;R15;HVI4;R01;8;8;8;0;0;0
G6;a.RISCO BAIXO;HVI3;R15;HVI4;R01;8;8;8;0;0;0
G6;c.RISCO ALTO;HVI3;R15;HVI4;R02;8;8;8;0;0;0
G6;b.RISCO NEUTRO;HVI3;R15;HVI4;R02;8;8;8;0;0;0
G6;a.RISCO BAIXO;HVI3;R15;HVI4;R02;8;8;8;0;0;0
G6;c.RISCO ALTO;HVI3;R15;HVI4;R03;5;0;0;0;0;0
G6;b.RISCO NEUTRO;HVI3;R15;HVI4;R03;5;0;0;0;0;0
G6;a.RISCO BAIXO;HVI3;R15;HVI4;R03;5;0;0;0;0;0
G6;c.RISCO ALTO;HVI3;R15;HVI4;R04;5;0;0;0;0;0
G6;b.RISCO NEUTRO;HVI3;R15;HVI4;R04;5;0;0;0;0;0
G6;a.RISCO BAIXO;HVI3;R15;HVI4;R04;5;0;0;0;0;0
G6;c.RISCO ALTO;HVI3;R15;HVI4;R05;5;0;0;0;0;0
G6;b.RISCO NEUTRO;HVI3;R15;HVI4;R05;5;0;0;0;0;0
G6;a.RISCO BAIXO;HVI3;R15;HVI4;R05;5;0;0;0;0;0
G6;c.RISCO ALTO;HVI3;R15;HVI4;R06;5;0;0;0;0;0
G6;b.RISCO NEUTRO;HVI3;R15;HVI4;R06;5;0;0;0;0;0
G6;a.RISCO BAIXO;HVI3;R15;HVI4;R06;5;0;0;0;0;0
G6;c.RISCO ALTO;HVI3;R15;HVI4;R07;5;0;0;0;0;0
G6;b.RISCO NEUTRO;HVI3;R15;HVI4;R07;5;0;0;0;0;0
G6;a.RISCO BAIXO;HVI3;R15;HVI4;R07;5;0;0;0;0;0
G6;c.RISCO ALTO;HVI3;R15;HVI4;R08;5;0;0;0;0;0
G6;b.RISCO NEUTRO;HVI3;R15;HVI4;R08;5;0;0;0;0;0
G6;a.RISCO BAIXO;HVI3;R15;HVI4;R08;5;0;0;0;0;0
G6;c.RISCO ALTO;HVI3;R15;HVI4;R09;5;0;0;0;0;0
G6;b.RISCO NEUTRO;HVI3;R15;HVI4;R09;5;0;0;0;0;0
G6;a.RISCO BAIXO;HVI3;R15;HVI4;R09;5;0;0;0;0;0
G6;c.RISCO ALTO;HVI3;R15;HVI4;R10;5;0;0;0;0;0
G6;b.RISCO NEUTRO;HVI3;R15;HVI4;R10;5;0;0;0;0;0
G6;a.RISCO BAIXO;HVI3;R15;HVI4;R10;5;0;0;0;0;0
G6;c.RISCO ALTO;HVI3;R15;HVI4;R11;5;0;0;0;0;0
G6;b.RISCO NEUTRO;HVI3;R15;HVI4;R11;5;0;0;0;0;0
G6;a.RISCO BAIXO;HVI3;R15;HVI4;R11;5;0;0;0;0;0
G6;c.RISCO ALTO;HVI3;R15;HVI4;R12;5;0;0;0;0;0
G6;b.RISCO NEUTRO;HVI3;R15;HVI4;R12;5;0;0;0;0;0
G6;a.RISCO BAIXO;HVI3;R15;HVI4;R12;5;0;0;0;0;0
G6;c.RISCO ALTO;HVI3;R15;HVI4;R13;5;0;0;0;0;0
G6;b.RISCO NEUTRO;HVI3;R15;HVI4;R13;5;0;0;0;0;0
G6;a.RISCO BAIXO;HVI3;R15;HVI4;R13;5;0;0;0;0;0
G6;c.RISCO ALTO;HVI3;R15;HVI4;R14;5;0;0;0;0;0
G6;b.RISCO NEUTRO;HVI3;R15;HVI4;R14;5;0;0;0;0;0
G6;a.RISCO BAIXO;HVI3;R15;HVI4;R14;5;0;0;0;0;0
G6;c.RISCO ALTO;HVI3;R15;HVI4;R15;5;0;0;0;0;0
G6;b.RISCO NEUTRO;HVI3;R15;HVI4;R15;5;0;0;0;0;0
G6;a.RISCO BAIXO;HVI3;R15;HVI4;R15;5;0;0;0;0;0
G6;b.RISCO NEUTRO;HVI3;R15;HVI4;R16;5;0;0;0;0;0
G6;c.RISCO ALTO;HVI3;R15;HVI4;R16;5;0;0;0;0;0
G6;a.RISCO BAIXO;HVI3;R15;HVI4;R16;5;0;0;0;0;0
G6;c.RISCO ALTO;HVI3;R15;HVI4;R17;5;0;0;0;0;0
G6;b.RISCO NEUTRO;HVI3;R15;HVI4;R17;5;0;0;0;0;0
G6;a.RISCO BAIXO;HVI3;R15;HVI4;R17;5;0;0;0;0;0
G6;c.RISCO ALTO;HVI3;R15;HVI4;R18;5;0;0;0;0;0
G6;b.RISCO NEUTRO;HVI3;R15;HVI4;R18;5;0;0;0;0;0
G6;a.RISCO BAIXO;HVI3;R15;HVI4;R18;5;0;0;0;0;0
G6;c.RISCO ALTO;HVI3;R15;HVI4;R19;5;0;0;0;0;0
G6;b.RISCO NEUTRO;HVI3;R15;HVI4;R19;5;0;0;0;0;0
G6;a.RISCO BAIXO;HVI3;R15;HVI4;R19;5;0;0;0;0;0
G6;c.RISCO ALTO;HVI3;R15;HVI4;R20;5;0;0;0;0;0
G6;b.RISCO NEUTRO;HVI3;R15;HVI4;R20;5;0;0;0;0;0
G6;a.RISCO BAIXO;HVI3;R15;HVI4;R20;5;0;0;0;0;0
G6;c.RISCO ALTO;HVI3;R15;HVI4;R99;5;0;0;0;0;0
G6;b.RISCO NEUTRO;HVI3;R15;HVI4;R99;5;0;0;0;0;0
G6;a.RISCO BAIXO;HVI3;R15;HVI4;R99;5;0;0;0;0;0
G6;c.RISCO ALTO;HVI3;R16;HVI4;R01;8;8;8;0;0;0
G6;b.RISCO NEUTRO;HVI3;R16;HVI4;R01;8;8;8;0;0;0
G6;a.RISCO BAIXO;HVI3;R16;HVI4;R01;8;8;8;0;0;0
G6;c.RISCO ALTO;HVI3;R16;HVI4;R02;8;8;8;0;0;0
G6;b.RISCO NEUTRO;HVI3;R16;HVI4;R02;8;8;8;0;0;0
G6;a.RISCO BAIXO;HVI3;R16;HVI4;R02;8;8;8;0;0;0
G6;c.RISCO ALTO;HVI3;R16;HVI4;R03;5;0;0;0;0;0
G6;b.RISCO NEUTRO;HVI3;R16;HVI4;R03;5;0;0;0;0;0
G6;a.RISCO BAIXO;HVI3;R16;HVI4;R03;5;0;0;0;0;0
G6;c.RISCO ALTO;HVI3;R16;HVI4;R04;5;0;0;0;0;0
G6;b.RISCO NEUTRO;HVI3;R16;HVI4;R04;5;0;0;0;0;0
G6;a.RISCO BAIXO;HVI3;R16;HVI4;R04;5;0;0;0;0;0
G6;c.RISCO ALTO;HVI3;R16;HVI4;R05;5;0;0;0;0;0
G6;b.RISCO NEUTRO;HVI3;R16;HVI4;R05;5;0;0;0;0;0
G6;a.RISCO BAIXO;HVI3;R16;HVI4;R05;5;0;0;0;0;0
G6;c.RISCO ALTO;HVI3;R16;HVI4;R06;5;0;0;0;0;0
G6;b.RISCO NEUTRO;HVI3;R16;HVI4;R06;5;0;0;0;0;0
G6;a.RISCO BAIXO;HVI3;R16;HVI4;R06;5;0;0;0;0;0
G6;b.RISCO NEUTRO;HVI3;R16;HVI4;R07;5;0;0;0;0;0
G6;c.RISCO ALTO;HVI3;R16;HVI4;R07;5;0;0;0;0;0
G6;a.RISCO BAIXO;HVI3;R16;HVI4;R07;5;0;0;0;0;0
G6;c.RISCO ALTO;HVI3;R16;HVI4;R08;5;0;0;0;0;0
G6;b.RISCO NEUTRO;HVI3;R16;HVI4;R08;5;0;0;0;0;0
G6;a.RISCO BAIXO;HVI3;R16;HVI4;R08;5;0;0;0;0;0
G6;c.RISCO ALTO;HVI3;R16;HVI4;R09;5;0;0;0;0;0
G6;b.RISCO NEUTRO;HVI3;R16;HVI4;R09;5;0;0;0;0;0
G6;a.RISCO BAIXO;HVI3;R16;HVI4;R09;5;0;0;0;0;0
G6;c.RISCO ALTO;HVI3;R16;HVI4;R10;5;0;0;0;0;0
G6;b.RISCO NEUTRO;HVI3;R16;HVI4;R10;5;0;0;0;0;0
G6;a.RISCO BAIXO;HVI3;R16;HVI4;R10;5;0;0;0;0;0
G6;c.RISCO ALTO;HVI3;R16;HVI4;R11;5;0;0;0;0;0
G6;b.RISCO NEUTRO;HVI3;R16;HVI4;R11;5;0;0;0;0;0
G6;a.RISCO BAIXO;HVI3;R16;HVI4;R11;5;0;0;0;0;0
G6;c.RISCO ALTO;HVI3;R16;HVI4;R12;5;0;0;0;0;0
G6;b.RISCO NEUTRO;HVI3;R16;HVI4;R12;5;0;0;0;0;0
G6;a.RISCO BAIXO;HVI3;R16;HVI4;R12;5;0;0;0;0;0
G6;c.RISCO ALTO;HVI3;R16;HVI4;R13;5;0;0;0;0;0
G6;b.RISCO NEUTRO;HVI3;R16;HVI4;R13;5;0;0;0;0;0
G6;a.RISCO BAIXO;HVI3;R16;HVI4;R13;5;0;0;0;0;0
G6;c.RISCO ALTO;HVI3;R16;HVI4;R14;5;0;0;0;0;0
G6;b.RISCO NEUTRO;HVI3;R16;HVI4;R14;5;0;0;0;0;0
G6;a.RISCO BAIXO;HVI3;R16;HVI4;R14;5;0;0;0;0;0
G6;c.RISCO ALTO;HVI3;R16;HVI4;R15;5;0;0;0;0;0
G6;b.RISCO NEUTRO;HVI3;R16;HVI4;R15;5;0;0;0;0;0
G6;a.RISCO BAIXO;HVI3;R16;HVI4;R15;5;0;0;0;0;0
G6;c.RISCO ALTO;HVI3;R16;HVI4;R16;5;0;0;0;0;0
G6;b.RISCO NEUTRO;HVI3;R16;HVI4;R16;5;0;0;0;0;0
G6;a.RISCO BAIXO;HVI3;R16;HVI4;R16;5;0;0;0;0;0
G6;c.RISCO ALTO;HVI3;R16;HVI4;R17;5;0;0;0;0;0
G6;b.RISCO NEUTRO;HVI3;R16;HVI4;R17;5;0;0;0;0;0
G6;a.RISCO BAIXO;HVI3;R16;HVI4;R17;5;0;0;0;0;0
G6;c.RISCO ALTO;HVI3;R16;HVI4;R18;5;0;0;0;0;0
G6;b.RISCO NEUTRO;HVI3;R16;HVI4;R18;5;0;0;0;0;0
G6;a.RISCO BAIXO;HVI3;R16;HVI4;R18;5;0;0;0;0;0
G6;b.RISCO NEUTRO;HVI3;R16;HVI4;R19;5;0;0;0;0;0
G6;c.RISCO ALTO;HVI3;R16;HVI4;R19;5;0;0;0;0;0
G6;a.RISCO BAIXO;HVI3;R16;HVI4;R19;5;0;0;0;0;0
G6;c.RISCO ALTO;HVI3;R16;HVI4;R20;5;0;0;0;0;0
G6;b.RISCO NEUTRO;HVI3;R16;HVI4;R20;5;0;0;0;0;0
G6;a.RISCO BAIXO;HVI3;R16;HVI4;R20;5;0;0;0;0;0
G6;c.RISCO ALTO;HVI3;R16;HVI4;R99;5;0;0;0;0;0
G6;b.RISCO NEUTRO;HVI3;R16;HVI4;R99;5;0;0;0;0;0
G6;a.RISCO BAIXO;HVI3;R16;HVI4;R99;5;0;0;0;0;0
G6;c.RISCO ALTO;HVI3;R17;HVI4;R01;8;8;8;0;0;0
G6;b.RISCO NEUTRO;HVI3;R17;HVI4;R01;8;8;8;0;0;0
G6;a.RISCO BAIXO;HVI3;R17;HVI4;R01;8;8;8;0;0;0
G6;b.RISCO NEUTRO;HVI3;R17;HVI4;R02;8;8;8;0;0;0
G6;c.RISCO ALTO;HVI3;R17;HVI4;R02;8;8;8;0;0;0
G6;a.RISCO BAIXO;HVI3;R17;HVI4;R02;8;8;8;0;0;0
G6;c.RISCO ALTO;HVI3;R17;HVI4;R03;5;0;0;0;0;0
G6;b.RISCO NEUTRO;HVI3;R17;HVI4;R03;5;0;0;0;0;0
G6;a.RISCO BAIXO;HVI3;R17;HVI4;R03;5;0;0;0;0;0
G6;c.RISCO ALTO;HVI3;R17;HVI4;R04;5;0;0;0;0;0
G6;b.RISCO NEUTRO;HVI3;R17;HVI4;R04;5;0;0;0;0;0
G6;a.RISCO BAIXO;HVI3;R17;HVI4;R04;5;0;0;0;0;0
G6;c.RISCO ALTO;HVI3;R17;HVI4;R05;5;0;0;0;0;0
G6;b.RISCO NEUTRO;HVI3;R17;HVI4;R05;5;0;0;0;0;0
G6;a.RISCO BAIXO;HVI3;R17;HVI4;R05;5;0;0;0;0;0
G6;c.RISCO ALTO;HVI3;R17;HVI4;R06;5;0;0;0;0;0
G6;b.RISCO NEUTRO;HVI3;R17;HVI4;R06;5;0;0;0;0;0
G6;a.RISCO BAIXO;HVI3;R17;HVI4;R06;5;0;0;0;0;0
G6;c.RISCO ALTO;HVI3;R17;HVI4;R07;5;0;0;0;0;0
G6;b.RISCO NEUTRO;HVI3;R17;HVI4;R07;5;0;0;0;0;0
G6;a.RISCO BAIXO;HVI3;R17;HVI4;R07;5;0;0;0;0;0
G6;c.RISCO ALTO;HVI3;R17;HVI4;R08;5;0;0;0;0;0
G6;b.RISCO NEUTRO;HVI3;R17;HVI4;R08;5;0;0;0;0;0
G6;a.RISCO BAIXO;HVI3;R17;HVI4;R08;5;0;0;0;0;0
G6;c.RISCO ALTO;HVI3;R17;HVI4;R09;5;0;0;0;0;0
G6;b.RISCO NEUTRO;HVI3;R17;HVI4;R09;5;0;0;0;0;0
G6;a.RISCO BAIXO;HVI3;R17;HVI4;R09;5;0;0;0;0;0
G6;c.RISCO ALTO;HVI3;R17;HVI4;R10;5;0;0;0;0;0
G6;b.RISCO NEUTRO;HVI3;R17;HVI4;R10;5;0;0;0;0;0
G6;a.RISCO BAIXO;HVI3;R17;HVI4;R10;5;0;0;0;0;0
G6;c.RISCO ALTO;HVI3;R17;HVI4;R11;5;0;0;0;0;0
G6;b.RISCO NEUTRO;HVI3;R17;HVI4;R11;5;0;0;0;0;0
G6;a.RISCO BAIXO;HVI3;R17;HVI4;R11;5;0;0;0;0;0
G6;c.RISCO ALTO;HVI3;R17;HVI4;R12;5;0;0;0;0;0
G6;b.RISCO NEUTRO;HVI3;R17;HVI4;R12;5;0;0;0;0;0
G6;a.RISCO BAIXO;HVI3;R17;HVI4;R12;5;0;0;0;0;0
G6;c.RISCO ALTO;HVI3;R17;HVI4;R13;5;0;0;0;0;0
G6;b.RISCO NEUTRO;HVI3;R17;HVI4;R13;5;0;0;0;0;0
G6;a.RISCO BAIXO;HVI3;R17;HVI4;R13;5;0;0;0;0;0
G6;c.RISCO ALTO;HVI3;R17;HVI4;R14;5;0;0;0;0;0
G6;b.RISCO NEUTRO;HVI3;R17;HVI4;R14;5;0;0;0;0;0
G6;a.RISCO BAIXO;HVI3;R17;HVI4;R14;5;0;0;0;0;0
G6;c.RISCO ALTO;HVI3;R17;HVI4;R15;5;0;0;0;0;0
G6;b.RISCO NEUTRO;HVI3;R17;HVI4;R15;5;0;0;0;0;0
G6;a.RISCO BAIXO;HVI3;R17;HVI4;R15;5;0;0;0;0;0
G6;c.RISCO ALTO;HVI3;R17;HVI4;R16;5;0;0;0;0;0
G6;b.RISCO NEUTRO;HVI3;R17;HVI4;R16;5;0;0;0;0;0
G6;a.RISCO BAIXO;HVI3;R17;HVI4;R16;5;0;0;0;0;0
G6;c.RISCO ALTO;HVI3;R17;HVI4;R17;5;0;0;0;0;0
G6;b.RISCO NEUTRO;HVI3;R17;HVI4;R17;5;0;0;0;0;0
G6;a.RISCO BAIXO;HVI3;R17;HVI4;R17;5;0;0;0;0;0
G6;c.RISCO ALTO;HVI3;R17;HVI4;R18;5;0;0;0;0;0
G6;b.RISCO NEUTRO;HVI3;R17;HVI4;R18;5;0;0;0;0;0
G6;a.RISCO BAIXO;HVI3;R17;HVI4;R18;5;0;0;0;0;0
G6;c.RISCO ALTO;HVI3;R17;HVI4;R19;5;0;0;0;0;0
G6;b.RISCO NEUTRO;HVI3;R17;HVI4;R19;5;0;0;0;0;0
G6;a.RISCO BAIXO;HVI3;R17;HVI4;R19;5;0;0;0;0;0
G6;c.RISCO ALTO;HVI3;R17;HVI4;R20;5;0;0;0;0;0
G6;b.RISCO NEUTRO;HVI3;R17;HVI4;R20;5;0;0;0;0;0
G6;a.RISCO BAIXO;HVI3;R17;HVI4;R20;5;0;0;0;0;0
G6;c.RISCO ALTO;HVI3;R17;HVI4;R99;5;0;0;0;0;0
G6;b.RISCO NEUTRO;HVI3;R17;HVI4;R99;5;0;0;0;0;0
G6;a.RISCO BAIXO;HVI3;R17;HVI4;R99;5;0;0;0;0;0
G6;b.RISCO NEUTRO;HVI3;R18;HVI4;R01;8;8;8;0;0;0
G6;c.RISCO ALTO;HVI3;R18;HVI4;R01;8;8;8;0;0;0
G6;a.RISCO BAIXO;HVI3;R18;HVI4;R01;8;8;8;0;0;0
G6;c.RISCO ALTO;HVI3;R18;HVI4;R02;8;8;8;0;0;0
G6;b.RISCO NEUTRO;HVI3;R18;HVI4;R02;8;8;8;0;0;0
G6;a.RISCO BAIXO;HVI3;R18;HVI4;R02;8;8;8;0;0;0
G6;c.RISCO ALTO;HVI3;R18;HVI4;R03;5;0;0;0;0;0
G6;b.RISCO NEUTRO;HVI3;R18;HVI4;R03;5;0;0;0;0;0
G6;a.RISCO BAIXO;HVI3;R18;HVI4;R03;5;0;0;0;0;0
G6;c.RISCO ALTO;HVI3;R18;HVI4;R04;5;0;0;0;0;0
G6;b.RISCO NEUTRO;HVI3;R18;HVI4;R04;5;0;0;0;0;0
G6;a.RISCO BAIXO;HVI3;R18;HVI4;R04;5;0;0;0;0;0
G6;c.RISCO ALTO;HVI3;R18;HVI4;R05;5;0;0;0;0;0
G6;b.RISCO NEUTRO;HVI3;R18;HVI4;R05;5;0;0;0;0;0
G6;a.RISCO BAIXO;HVI3;R18;HVI4;R05;5;0;0;0;0;0
G6;c.RISCO ALTO;HVI3;R18;HVI4;R06;5;0;0;0;0;0
G6;b.RISCO NEUTRO;HVI3;R18;HVI4;R06;5;0;0;0;0;0
G6;a.RISCO BAIXO;HVI3;R18;HVI4;R06;5;0;0;0;0;0
G6;c.RISCO ALTO;HVI3;R18;HVI4;R07;5;0;0;0;0;0
G6;b.RISCO NEUTRO;HVI3;R18;HVI4;R07;5;0;0;0;0;0
G6;a.RISCO BAIXO;HVI3;R18;HVI4;R07;5;0;0;0;0;0
G6;c.RISCO ALTO;HVI3;R18;HVI4;R08;5;0;0;0;0;0
G6;b.RISCO NEUTRO;HVI3;R18;HVI4;R08;5;0;0;0;0;0
G6;a.RISCO BAIXO;HVI3;R18;HVI4;R08;5;0;0;0;0;0
G6;c.RISCO ALTO;HVI3;R18;HVI4;R09;5;0;0;0;0;0
G6;b.RISCO NEUTRO;HVI3;R18;HVI4;R09;5;0;0;0;0;0
G6;a.RISCO BAIXO;HVI3;R18;HVI4;R09;5;0;0;0;0;0
G6;c.RISCO ALTO;HVI3;R18;HVI4;R10;5;0;0;0;0;0
G6;b.RISCO NEUTRO;HVI3;R18;HVI4;R10;5;0;0;0;0;0
G6;a.RISCO BAIXO;HVI3;R18;HVI4;R10;5;0;0;0;0;0
G6;c.RISCO ALTO;HVI3;R18;HVI4;R11;5;0;0;0;0;0
G6;b.RISCO NEUTRO;HVI3;R18;HVI4;R11;5;0;0;0;0;0
G6;a.RISCO BAIXO;HVI3;R18;HVI4;R11;5;0;0;0;0;0
G6;c.RISCO ALTO;HVI3;R18;HVI4;R12;5;0;0;0;0;0
G6;b.RISCO NEUTRO;HVI3;R18;HVI4;R12;5;0;0;0;0;0
G6;a.RISCO BAIXO;HVI3;R18;HVI4;R12;5;0;0;0;0;0
G6;b.RISCO NEUTRO;HVI3;R18;HVI4;R13;5;0;0;0;0;0
G6;c.RISCO ALTO;HVI3;R18;HVI4;R13;5;0;0;0;0;0
G6;a.RISCO BAIXO;HVI3;R18;HVI4;R13;5;0;0;0;0;0
G6;c.RISCO ALTO;HVI3;R18;HVI4;R14;5;0;0;0;0;0
G6;b.RISCO NEUTRO;HVI3;R18;HVI4;R14;5;0;0;0;0;0
G6;a.RISCO BAIXO;HVI3;R18;HVI4;R14;5;0;0;0;0;0
G6;c.RISCO ALTO;HVI3;R18;HVI4;R15;5;0;0;0;0;0
G6;b.RISCO NEUTRO;HVI3;R18;HVI4;R15;5;0;0;0;0;0
G6;a.RISCO BAIXO;HVI3;R18;HVI4;R15;5;0;0;0;0;0
G6;c.RISCO ALTO;HVI3;R18;HVI4;R16;5;0;0;0;0;0
G6;b.RISCO NEUTRO;HVI3;R18;HVI4;R16;5;0;0;0;0;0
G6;a.RISCO BAIXO;HVI3;R18;HVI4;R16;5;0;0;0;0;0
G6;b.RISCO NEUTRO;HVI3;R18;HVI4;R17;5;0;0;0;0;0
G6;c.RISCO ALTO;HVI3;R18;HVI4;R17;5;0;0;0;0;0
G6;a.RISCO BAIXO;HVI3;R18;HVI4;R17;5;0;0;0;0;0
G6;c.RISCO ALTO;HVI3;R18;HVI4;R18;5;0;0;0;0;0
G6;b.RISCO NEUTRO;HVI3;R18;HVI4;R18;5;0;0;0;0;0
G6;a.RISCO BAIXO;HVI3;R18;HVI4;R18;5;0;0;0;0;0
G6;c.RISCO ALTO;HVI3;R18;HVI4;R19;5;0;0;0;0;0
G6;b.RISCO NEUTRO;HVI3;R18;HVI4;R19;5;0;0;0;0;0
G6;a.RISCO BAIXO;HVI3;R18;HVI4;R19;5;0;0;0;0;0
G6;c.RISCO ALTO;HVI3;R18;HVI4;R20;5;0;0;0;0;0
G6;b.RISCO NEUTRO;HVI3;R18;HVI4;R20;5;0;0;0;0;0
G6;a.RISCO BAIXO;HVI3;R18;HVI4;R20;5;0;0;0;0;0
G6;c.RISCO ALTO;HVI3;R18;HVI4;R99;5;0;0;0;0;0
G6;b.RISCO NEUTRO;HVI3;R18;HVI4;R99;5;0;0;0;0;0
G6;a.RISCO BAIXO;HVI3;R18;HVI4;R99;5;0;0;0;0;0
G6;c.RISCO ALTO;HVI3;R19;HVI4;R01;8;8;8;0;0;0
G6;b.RISCO NEUTRO;HVI3;R19;HVI4;R01;8;8;8;0;0;0
G6;a.RISCO BAIXO;HVI3;R19;HVI4;R01;8;8;8;0;0;0
G6;c.RISCO ALTO;HVI3;R19;HVI4;R02;8;8;8;0;0;0
G6;b.RISCO NEUTRO;HVI3;R19;HVI4;R02;8;8;8;0;0;0
G6;a.RISCO BAIXO;HVI3;R19;HVI4;R02;8;8;8;0;0;0
G6;c.RISCO ALTO;HVI3;R19;HVI4;R03;5;0;0;0;0;0
G6;b.RISCO NEUTRO;HVI3;R19;HVI4;R03;5;0;0;0;0;0
G6;a.RISCO BAIXO;HVI3;R19;HVI4;R03;5;0;0;0;0;0
G6;b.RISCO NEUTRO;HVI3;R19;HVI4;R04;5;0;0;0;0;0
G6;c.RISCO ALTO;HVI3;R19;HVI4;R04;5;0;0;0;0;0
G6;a.RISCO BAIXO;HVI3;R19;HVI4;R04;5;0;0;0;0;0
G6;c.RISCO ALTO;HVI3;R19;HVI4;R05;5;0;0;0;0;0
G6;b.RISCO NEUTRO;HVI3;R19;HVI4;R05;5;0;0;0;0;0
G6;a.RISCO BAIXO;HVI3;R19;HVI4;R05;5;0;0;0;0;0
G6;c.RISCO ALTO;HVI3;R19;HVI4;R06;5;0;0;0;0;0
G6;b.RISCO NEUTRO;HVI3;R19;HVI4;R06;5;0;0;0;0;0
G6;a.RISCO BAIXO;HVI3;R19;HVI4;R06;5;0;0;0;0;0
G6;c.RISCO ALTO;HVI3;R19;HVI4;R07;5;0;0;0;0;0
G6;b.RISCO NEUTRO;HVI3;R19;HVI4;R07;5;0;0;0;0;0
G6;a.RISCO BAIXO;HVI3;R19;HVI4;R07;5;0;0;0;0;0
G6;c.RISCO ALTO;HVI3;R19;HVI4;R08;5;0;0;0;0;0
G6;b.RISCO NEUTRO;HVI3;R19;HVI4;R08;5;0;0;0;0;0
G6;a.RISCO BAIXO;HVI3;R19;HVI4;R08;5;0;0;0;0;0
G6;c.RISCO ALTO;HVI3;R19;HVI4;R09;5;0;0;0;0;0
G6;b.RISCO NEUTRO;HVI3;R19;HVI4;R09;5;0;0;0;0;0
G6;a.RISCO BAIXO;HVI3;R19;HVI4;R09;5;0;0;0;0;0
G6;c.RISCO ALTO;HVI3;R19;HVI4;R10;5;0;0;0;0;0
G6;b.RISCO NEUTRO;HVI3;R19;HVI4;R10;5;0;0;0;0;0
G6;a.RISCO BAIXO;HVI3;R19;HVI4;R10;5;0;0;0;0;0
G6;c.RISCO ALTO;HVI3;R19;HVI4;R11;5;0;0;0;0;0
G6;b.RISCO NEUTRO;HVI3;R19;HVI4;R11;5;0;0;0;0;0
G6;a.RISCO BAIXO;HVI3;R19;HVI4;R11;5;0;0;0;0;0
G6;c.RISCO ALTO;HVI3;R19;HVI4;R12;5;0;0;0;0;0
G6;b.RISCO NEUTRO;HVI3;R19;HVI4;R12;5;0;0;0;0;0
G6;a.RISCO BAIXO;HVI3;R19;HVI4;R12;5;0;0;0;0;0
G6;c.RISCO ALTO;HVI3;R19;HVI4;R13;5;0;0;0;0;0
G6;b.RISCO NEUTRO;HVI3;R19;HVI4;R13;5;0;0;0;0;0
G6;a.RISCO BAIXO;HVI3;R19;HVI4;R13;5;0;0;0;0;0
G6;c.RISCO ALTO;HVI3;R19;HVI4;R14;5;0;0;0;0;0
G6;b.RISCO NEUTRO;HVI3;R19;HVI4;R14;5;0;0;0;0;0
G6;a.RISCO BAIXO;HVI3;R19;HVI4;R14;5;0;0;0;0;0
G6;c.RISCO ALTO;HVI3;R19;HVI4;R15;5;0;0;0;0;0
G6;b.RISCO NEUTRO;HVI3;R19;HVI4;R15;5;0;0;0;0;0
G6;a.RISCO BAIXO;HVI3;R19;HVI4;R15;5;0;0;0;0;0
G6;c.RISCO ALTO;HVI3;R19;HVI4;R16;5;0;0;0;0;0
G6;b.RISCO NEUTRO;HVI3;R19;HVI4;R16;5;0;0;0;0;0
G6;a.RISCO BAIXO;HVI3;R19;HVI4;R16;5;0;0;0;0;0
G6;c.RISCO ALTO;HVI3;R19;HVI4;R17;5;0;0;0;0;0
G6;b.RISCO NEUTRO;HVI3;R19;HVI4;R17;5;0;0;0;0;0
G6;a.RISCO BAIXO;HVI3;R19;HVI4;R17;5;0;0;0;0;0
G6;c.RISCO ALTO;HVI3;R19;HVI4;R18;5;0;0;0;0;0
G6;b.RISCO NEUTRO;HVI3;R19;HVI4;R18;5;0;0;0;0;0
G6;a.RISCO BAIXO;HVI3;R19;HVI4;R18;5;0;0;0;0;0
G6;c.RISCO ALTO;HVI3;R19;HVI4;R19;5;0;0;0;0;0
G6;b.RISCO NEUTRO;HVI3;R19;HVI4;R19;5;0;0;0;0;0
G6;a.RISCO BAIXO;HVI3;R19;HVI4;R19;5;0;0;0;0;0
G6;c.RISCO ALTO;HVI3;R19;HVI4;R20;5;0;0;0;0;0
G6;b.RISCO NEUTRO;HVI3;R19;HVI4;R20;5;0;0;0;0;0
G6;a.RISCO BAIXO;HVI3;R19;HVI4;R20;5;0;0;0;0;0
G6;c.RISCO ALTO;HVI3;R19;HVI4;R99;5;0;0;0;0;0
G6;b.RISCO NEUTRO;HVI3;R19;HVI4;R99;5;0;0;0;0;0
G6;a.RISCO BAIXO;HVI3;R19;HVI4;R99;5;0;0;0;0;0
G6;c.RISCO ALTO;HVI3;R20;HVI4;R01;8;8;8;0;0;0
G6;b.RISCO NEUTRO;HVI3;R20;HVI4;R01;8;8;8;0;0;0
G6;a.RISCO BAIXO;HVI3;R20;HVI4;R01;8;8;8;0;0;0
G6;c.RISCO ALTO;HVI3;R20;HVI4;R02;8;8;8;0;0;0
G6;b.RISCO NEUTRO;HVI3;R20;HVI4;R02;8;8;8;0;0;0
G6;a.RISCO BAIXO;HVI3;R20;HVI4;R02;8;8;8;0;0;0
G6;c.RISCO ALTO;HVI3;R20;HVI4;R03;5;0;0;0;0;0
G6;b.RISCO NEUTRO;HVI3;R20;HVI4;R03;5;0;0;0;0;0
G6;a.RISCO BAIXO;HVI3;R20;HVI4;R03;5;0;0;0;0;0
G6;c.RISCO ALTO;HVI3;R20;HVI4;R04;5;0;0;0;0;0
G6;b.RISCO NEUTRO;HVI3;R20;HVI4;R04;5;0;0;0;0;0
G6;a.RISCO BAIXO;HVI3;R20;HVI4;R04;5;0;0;0;0;0
G6;c.RISCO ALTO;HVI3;R20;HVI4;R05;5;0;0;0;0;0
G6;b.RISCO NEUTRO;HVI3;R20;HVI4;R05;5;0;0;0;0;0
G6;a.RISCO BAIXO;HVI3;R20;HVI4;R05;5;0;0;0;0;0
G6;c.RISCO ALTO;HVI3;R20;HVI4;R06;5;0;0;0;0;0
G6;b.RISCO NEUTRO;HVI3;R20;HVI4;R06;5;0;0;0;0;0
G6;a.RISCO BAIXO;HVI3;R20;HVI4;R06;5;0;0;0;0;0
G6;b.RISCO NEUTRO;HVI3;R20;HVI4;R07;5;0;0;0;0;0
G6;c.RISCO ALTO;HVI3;R20;HVI4;R07;5;0;0;0;0;0
G6;a.RISCO BAIXO;HVI3;R20;HVI4;R07;5;0;0;0;0;0
G6;c.RISCO ALTO;HVI3;R20;HVI4;R08;5;0;0;0;0;0
G6;b.RISCO NEUTRO;HVI3;R20;HVI4;R08;5;0;0;0;0;0
G6;a.RISCO BAIXO;HVI3;R20;HVI4;R08;5;0;0;0;0;0
G6;c.RISCO ALTO;HVI3;R20;HVI4;R09;5;0;0;0;0;0
G6;b.RISCO NEUTRO;HVI3;R20;HVI4;R09;5;0;0;0;0;0
G6;a.RISCO BAIXO;HVI3;R20;HVI4;R09;5;0;0;0;0;0
G6;c.RISCO ALTO;HVI3;R20;HVI4;R10;5;0;0;0;0;0
G6;b.RISCO NEUTRO;HVI3;R20;HVI4;R10;5;0;0;0;0;0
G6;a.RISCO BAIXO;HVI3;R20;HVI4;R10;5;0;0;0;0;0
G6;c.RISCO ALTO;HVI3;R20;HVI4;R11;5;0;0;0;0;0
G6;b.RISCO NEUTRO;HVI3;R20;HVI4;R11;5;0;0;0;0;0
G6;a.RISCO BAIXO;HVI3;R20;HVI4;R11;5;0;0;0;0;0
G6;c.RISCO ALTO;HVI3;R20;HVI4;R12;5;0;0;0;0;0
G6;b.RISCO NEUTRO;HVI3;R20;HVI4;R12;5;0;0;0;0;0
G6;a.RISCO BAIXO;HVI3;R20;HVI4;R12;5;0;0;0;0;0
G6;c.RISCO ALTO;HVI3;R20;HVI4;R13;5;0;0;0;0;0
G6;b.RISCO NEUTRO;HVI3;R20;HVI4;R13;5;0;0;0;0;0
G6;a.RISCO BAIXO;HVI3;R20;HVI4;R13;5;0;0;0;0;0
G6;c.RISCO ALTO;HVI3;R20;HVI4;R14;5;0;0;0;0;0
G6;b.RISCO NEUTRO;HVI3;R20;HVI4;R14;5;0;0;0;0;0
G6;a.RISCO BAIXO;HVI3;R20;HVI4;R14;5;0;0;0;0;0
G6;c.RISCO ALTO;HVI3;R20;HVI4;R15;5;0;0;0;0;0
G6;b.RISCO NEUTRO;HVI3;R20;HVI4;R15;5;0;0;0;0;0
G6;a.RISCO BAIXO;HVI3;R20;HVI4;R15;5;0;0;0;0;0
G6;c.RISCO ALTO;HVI3;R20;HVI4;R16;5;0;0;0;0;0
G6;b.RISCO NEUTRO;HVI3;R20;HVI4;R16;5;0;0;0;0;0
G6;a.RISCO BAIXO;HVI3;R20;HVI4;R16;5;0;0;0;0;0
G6;c.RISCO ALTO;HVI3;R20;HVI4;R17;5;0;0;0;0;0
G6;b.RISCO NEUTRO;HVI3;R20;HVI4;R17;5;0;0;0;0;0
G6;a.RISCO BAIXO;HVI3;R20;HVI4;R17;5;0;0;0;0;0
G6;c.RISCO ALTO;HVI3;R20;HVI4;R18;5;0;0;0;0;0
G6;b.RISCO NEUTRO;HVI3;R20;HVI4;R18;5;0;0;0;0;0
G6;a.RISCO BAIXO;HVI3;R20;HVI4;R18;5;0;0;0;0;0
G6;b.RISCO NEUTRO;HVI3;R20;HVI4;R19;5;0;0;0;0;0
G6;c.RISCO ALTO;HVI3;R20;HVI4;R19;5;0;0;0;0;0
G6;a.RISCO BAIXO;HVI3;R20;HVI4;R19;5;0;0;0;0;0
G6;c.RISCO ALTO;HVI3;R20;HVI4;R20;5;0;0;0;0;0
G6;b.RISCO NEUTRO;HVI3;R20;HVI4;R20;5;0;0;0;0;0
G6;a.RISCO BAIXO;HVI3;R20;HVI4;R20;5;0;0;0;0;0
G6;c.RISCO ALTO;HVI3;R20;HVI4;R99;5;0;0;0;0;0
G6;b.RISCO NEUTRO;HVI3;R20;HVI4;R99;5;0;0;0;0;0
G6;a.RISCO BAIXO;HVI3;R20;HVI4;R99;5;0;0;0;0;0
G6;c.RISCO ALTO;HVI3;R99;HVI4;R01;5;0;0;5;0;5
G6;b.RISCO NEUTRO;HVI3;R99;HVI4;R01;5;0;0;5;0;5
G6;a.RISCO BAIXO;HVI3;R99;HVI4;R01;5;0;0;5;0;5
G6;c.RISCO ALTO;HVI3;R99;HVI4;R02;5;0;0;5;0;5
G6;b.RISCO NEUTRO;HVI3;R99;HVI4;R02;5;0;0;5;0;5
G6;a.RISCO BAIXO;HVI3;R99;HVI4;R02;5;0;0;5;0;5
G6;c.RISCO ALTO;HVI3;R99;HVI4;R03;5;0;0;5;0;5
G6;b.RISCO NEUTRO;HVI3;R99;HVI4;R03;5;0;0;5;0;5
G6;a.RISCO BAIXO;HVI3;R99;HVI4;R03;5;0;0;5;0;5
G6;c.RISCO ALTO;HVI3;R99;HVI4;R04;5;0;0;5;0;5
G6;b.RISCO NEUTRO;HVI3;R99;HVI4;R04;5;0;0;5;0;5
G6;a.RISCO BAIXO;HVI3;R99;HVI4;R04;5;0;0;5;0;5
G6;c.RISCO ALTO;HVI3;R99;HVI4;R05;5;0;0;5;0;5
G6;b.RISCO NEUTRO;HVI3;R99;HVI4;R05;5;0;0;5;0;5
G6;a.RISCO BAIXO;HVI3;R99;HVI4;R05;5;0;0;5;0;5
G6;c.RISCO ALTO;HVI3;R99;HVI4;R06;5;0;0;5;0;5
G6;b.RISCO NEUTRO;HVI3;R99;HVI4;R06;5;0;0;5;0;5
G6;a.RISCO BAIXO;HVI3;R99;HVI4;R06;5;0;0;5;0;5
G6;c.RISCO ALTO;HVI3;R99;HVI4;R07;5;0;0;5;0;5
G6;b.RISCO NEUTRO;HVI3;R99;HVI4;R07;5;0;0;5;0;5
G6;a.RISCO BAIXO;HVI3;R99;HVI4;R07;5;0;0;5;0;5
G6;c.RISCO ALTO;HVI3;R99;HVI4;R08;5;0;0;5;0;5
G6;b.RISCO NEUTRO;HVI3;R99;HVI4;R08;5;0;0;5;0;5
G6;a.RISCO BAIXO;HVI3;R99;HVI4;R08;5;0;0;5;0;5
G6;c.RISCO ALTO;HVI3;R99;HVI4;R09;5;0;0;5;0;5
G6;b.RISCO NEUTRO;HVI3;R99;HVI4;R09;5;0;0;5;0;5
G6;a.RISCO BAIXO;HVI3;R99;HVI4;R09;5;0;0;5;0;5
G6;c.RISCO ALTO;HVI3;R99;HVI4;R10;5;0;0;5;0;5
G6;b.RISCO NEUTRO;HVI3;R99;HVI4;R10;5;0;0;5;0;5
G6;a.RISCO BAIXO;HVI3;R99;HVI4;R10;5;0;0;5;0;5
G6;c.RISCO ALTO;HVI3;R99;HVI4;R11;5;0;0;5;0;5
G6;b.RISCO NEUTRO;HVI3;R99;HVI4;R11;5;0;0;5;0;5
G6;a.RISCO BAIXO;HVI3;R99;HVI4;R11;5;0;0;5;0;5
G6;c.RISCO ALTO;HVI3;R99;HVI4;R12;5;0;0;5;0;5
G6;b.RISCO NEUTRO;HVI3;R99;HVI4;R12;5;0;0;5;0;5
G6;a.RISCO BAIXO;HVI3;R99;HVI4;R12;5;0;0;5;0;5
G6;c.RISCO ALTO;HVI3;R99;HVI4;R13;5;0;0;5;0;5
G6;b.RISCO NEUTRO;HVI3;R99;HVI4;R13;5;0;0;5;0;5
G6;a.RISCO BAIXO;HVI3;R99;HVI4;R13;5;0;0;5;0;5
G6;c.RISCO ALTO;HVI3;R99;HVI4;R14;5;0;0;5;0;5
G6;b.RISCO NEUTRO;HVI3;R99;HVI4;R14;5;0;0;5;0;5
G6;a.RISCO BAIXO;HVI3;R99;HVI4;R14;5;0;0;5;0;5
G6;c.RISCO ALTO;HVI3;R99;HVI4;R15;5;0;0;5;0;5
G6;b.RISCO NEUTRO;HVI3;R99;HVI4;R15;5;0;0;5;0;5
G6;a.RISCO BAIXO;HVI3;R99;HVI4;R15;5;0;0;5;0;5
G6;c.RISCO ALTO;HVI3;R99;HVI4;R16;5;0;0;5;0;5
G6;b.RISCO NEUTRO;HVI3;R99;HVI4;R16;5;0;0;5;0;5
G6;a.RISCO BAIXO;HVI3;R99;HVI4;R16;5;0;0;5;0;5
G6;c.RISCO ALTO;HVI3;R99;HVI4;R17;5;0;0;5;0;5
G6;b.RISCO NEUTRO;HVI3;R99;HVI4;R17;5;0;0;5;0;5
G6;a.RISCO BAIXO;HVI3;R99;HVI4;R17;5;0;0;5;0;5
G6;c.RISCO ALTO;HVI3;R99;HVI4;R18;5;0;0;5;0;5
G6;b.RISCO NEUTRO;HVI3;R99;HVI4;R18;5;0;0;5;0;5
G6;a.RISCO BAIXO;HVI3;R99;HVI4;R18;5;0;0;5;0;5
G6;c.RISCO ALTO;HVI3;R99;HVI4;R19;5;0;0;5;0;5
G6;b.RISCO NEUTRO;HVI3;R99;HVI4;R19;5;0;0;5;0;5
G6;a.RISCO BAIXO;HVI3;R99;HVI4;R19;5;0;0;5;0;5
G6;c.RISCO ALTO;HVI3;R99;HVI4;R20;5;0;0;5;0;5
G6;b.RISCO NEUTRO;HVI3;R99;HVI4;R20;5;0;0;5;0;5
G6;a.RISCO BAIXO;HVI3;R99;HVI4;R20;5;0;0;5;0;5
G6;c.RISCO ALTO;HVI3;R99;HVI4;R99;5;0;0;5;0;5
G6;b.RISCO NEUTRO;HVI3;R99;HVI4;R99;5;0;0;5;0;5
G6;a.RISCO BAIXO;HVI3;R99;HVI4;R99;5;0;0;5;0;5
G7;c.RISCO ALTO;HVI3;R01;G7 - BHV;R01;8;8;8;8;0;8
G7;b.RISCO NEUTRO;HVI3;R01;G7 - BHV;R01;8;8;8;8;0;8
G7;a.RISCO BAIXO;HVI3;R01;G7 - BHV;R01;8;8;8;8;0;8
G7;c.RISCO ALTO;HVI3;R01;G7 - BHV;R02;8;8;8;8;0;8
G7;b.RISCO NEUTRO;HVI3;R01;G7 - BHV;R02;8;8;8;8;0;8
G7;a.RISCO BAIXO;HVI3;R01;G7 - BHV;R02;8;8;8;8;0;8
G7;c.RISCO ALTO;HVI3;R01;G7 - BHV;R03;8;8;8;8;0;8
G7;b.RISCO NEUTRO;HVI3;R01;G7 - BHV;R03;8;8;8;8;0;8
G7;a.RISCO BAIXO;HVI3;R01;G7 - BHV;R03;8;8;8;8;0;8
G7;c.RISCO ALTO;HVI3;R01;G7 - BHV;R04;8;8;8;8;0;8
G7;b.RISCO NEUTRO;HVI3;R01;G7 - BHV;R04;8;8;8;8;0;8
G7;a.RISCO BAIXO;HVI3;R01;G7 - BHV;R04;8;8;8;8;0;8
G7;c.RISCO ALTO;HVI3;R01;G7 - BHV;R05;8;8;8;8;0;8
G7;b.RISCO NEUTRO;HVI3;R01;G7 - BHV;R05;8;8;8;8;0;8
G7;a.RISCO BAIXO;HVI3;R01;G7 - BHV;R05;8;8;8;8;0;8
G7;c.RISCO ALTO;HVI3;R01;G7 - BHV;R06;8;8;8;8;0;8
G7;b.RISCO NEUTRO;HVI3;R01;G7 - BHV;R06;8;8;8;8;0;8
G7;a.RISCO BAIXO;HVI3;R01;G7 - BHV;R06;8;8;8;8;0;8
G7;b.RISCO NEUTRO;HVI3;R01;G7 - BHV;R07;8;8;8;8;0;8
G7;c.RISCO ALTO;HVI3;R01;G7 - BHV;R07;8;8;8;8;0;8
G7;a.RISCO BAIXO;HVI3;R01;G7 - BHV;R07;8;8;8;8;0;8
G7;c.RISCO ALTO;HVI3;R01;G7 - BHV;R08;8;8;8;8;0;8
G7;b.RISCO NEUTRO;HVI3;R01;G7 - BHV;R08;8;8;8;8;0;8
G7;a.RISCO BAIXO;HVI3;R01;G7 - BHV;R08;8;8;8;8;0;8
G7;c.RISCO ALTO;HVI3;R01;G7 - BHV;R09;8;8;8;8;0;8
G7;b.RISCO NEUTRO;HVI3;R01;G7 - BHV;R09;8;8;8;8;0;8
G7;a.RISCO BAIXO;HVI3;R01;G7 - BHV;R09;8;8;8;8;0;8
G7;c.RISCO ALTO;HVI3;R01;G7 - BHV;R10;8;8;8;8;0;8
G7;b.RISCO NEUTRO;HVI3;R01;G7 - BHV;R10;8;8;8;8;0;8
G7;a.RISCO BAIXO;HVI3;R01;G7 - BHV;R10;8;8;8;8;0;8
G7;c.RISCO ALTO;HVI3;R01;G7 - BHV;R11;8;8;8;8;0;8
G7;b.RISCO NEUTRO;HVI3;R01;G7 - BHV;R11;8;8;8;8;0;8
G7;a.RISCO BAIXO;HVI3;R01;G7 - BHV;R11;8;8;8;8;0;8
G7;c.RISCO ALTO;HVI3;R01;G7 - BHV;R12;8;8;8;8;0;8
G7;b.RISCO NEUTRO;HVI3;R01;G7 - BHV;R12;8;8;8;8;0;8
G7;a.RISCO BAIXO;HVI3;R01;G7 - BHV;R12;8;8;8;8;0;8
G7;c.RISCO ALTO;HVI3;R01;G7 - BHV;R13;8;8;8;8;0;8
G7;b.RISCO NEUTRO;HVI3;R01;G7 - BHV;R13;8;8;8;8;0;8
G7;a.RISCO BAIXO;HVI3;R01;G7 - BHV;R13;8;8;8;8;0;8
G7;c.RISCO ALTO;HVI3;R01;G7 - BHV;R14;8;8;8;8;0;8
G7;b.RISCO NEUTRO;HVI3;R01;G7 - BHV;R14;8;8;8;8;0;8
G7;a.RISCO BAIXO;HVI3;R01;G7 - BHV;R14;8;8;8;8;0;8
G7;c.RISCO ALTO;HVI3;R01;G7 - BHV;R15;8;8;8;8;0;8
G7;b.RISCO NEUTRO;HVI3;R01;G7 - BHV;R15;8;8;8;8;0;8
G7;a.RISCO BAIXO;HVI3;R01;G7 - BHV;R15;8;8;8;8;0;8
G7;c.RISCO ALTO;HVI3;R01;G7 - BHV;R16;8;8;8;8;0;8
G7;b.RISCO NEUTRO;HVI3;R01;G7 - BHV;R16;8;8;8;8;0;8
G7;a.RISCO BAIXO;HVI3;R01;G7 - BHV;R16;8;8;8;8;0;8
G7;c.RISCO ALTO;HVI3;R01;G7 - BHV;R17;8;8;8;8;0;8
G7;b.RISCO NEUTRO;HVI3;R01;G7 - BHV;R17;8;8;8;8;0;8
G7;a.RISCO BAIXO;HVI3;R01;G7 - BHV;R17;8;8;8;8;0;8
G7;c.RISCO ALTO;HVI3;R01;G7 - BHV;R18;8;8;8;8;0;8
G7;b.RISCO NEUTRO;HVI3;R01;G7 - BHV;R18;8;8;8;8;0;8
G7;a.RISCO BAIXO;HVI3;R01;G7 - BHV;R18;8;8;8;8;0;8
G7;c.RISCO ALTO;HVI3;R01;G7 - BHV;R19;8;8;8;8;0;8
G7;b.RISCO NEUTRO;HVI3;R01;G7 - BHV;R19;8;8;8;8;0;8
G7;a.RISCO BAIXO;HVI3;R01;G7 - BHV;R19;8;8;8;8;0;8
G7;b.RISCO NEUTRO;HVI3;R01;G7 - BHV;R20;8;8;8;8;0;8
G7;c.RISCO ALTO;HVI3;R01;G7 - BHV;R20;8;8;8;8;0;8
G7;a.RISCO BAIXO;HVI3;R01;G7 - BHV;R20;8;8;8;8;0;8
G7;c.RISCO ALTO;HVI3;R01;G7 - BHV;R99;8;8;8;8;0;8
G7;b.RISCO NEUTRO;HVI3;R01;G7 - BHV;R99;8;8;8;8;0;8
G7;a.RISCO BAIXO;HVI3;R01;G7 - BHV;R99;8;8;8;8;0;8
G7;c.RISCO ALTO;HVI3;R02;G7 - BHV;R01;8;8;8;8;0;8
G7;b.RISCO NEUTRO;HVI3;R02;G7 - BHV;R01;8;8;8;8;0;8
G7;a.RISCO BAIXO;HVI3;R02;G7 - BHV;R01;8;8;8;8;0;8
G7;c.RISCO ALTO;HVI3;R02;G7 - BHV;R02;8;8;8;8;0;8
G7;b.RISCO NEUTRO;HVI3;R02;G7 - BHV;R02;8;8;8;8;0;8
G7;a.RISCO BAIXO;HVI3;R02;G7 - BHV;R02;8;8;8;8;0;8
G7;c.RISCO ALTO;HVI3;R02;G7 - BHV;R03;8;8;8;8;0;8
G7;b.RISCO NEUTRO;HVI3;R02;G7 - BHV;R03;8;8;8;8;0;8
G7;a.RISCO BAIXO;HVI3;R02;G7 - BHV;R03;8;8;8;8;0;8
G7;c.RISCO ALTO;HVI3;R02;G7 - BHV;R04;8;8;8;8;0;8
G7;b.RISCO NEUTRO;HVI3;R02;G7 - BHV;R04;8;8;8;8;0;8
G7;a.RISCO BAIXO;HVI3;R02;G7 - BHV;R04;8;8;8;8;0;8
G7;c.RISCO ALTO;HVI3;R02;G7 - BHV;R05;8;8;8;8;0;8
G7;b.RISCO NEUTRO;HVI3;R02;G7 - BHV;R05;8;8;8;8;0;8
G7;a.RISCO BAIXO;HVI3;R02;G7 - BHV;R05;8;8;8;8;0;8
G7;b.RISCO NEUTRO;HVI3;R02;G7 - BHV;R06;8;8;8;8;0;8
G7;c.RISCO ALTO;HVI3;R02;G7 - BHV;R06;8;8;8;8;0;8
G7;a.RISCO BAIXO;HVI3;R02;G7 - BHV;R06;8;8;8;8;0;8
G7;c.RISCO ALTO;HVI3;R02;G7 - BHV;R07;8;8;8;8;0;8
G7;b.RISCO NEUTRO;HVI3;R02;G7 - BHV;R07;8;8;8;8;0;8
G7;a.RISCO BAIXO;HVI3;R02;G7 - BHV;R07;8;8;8;8;0;8
G7;c.RISCO ALTO;HVI3;R02;G7 - BHV;R08;8;8;8;8;0;8
G7;b.RISCO NEUTRO;HVI3;R02;G7 - BHV;R08;8;8;8;8;0;8
G7;a.RISCO BAIXO;HVI3;R02;G7 - BHV;R08;8;8;8;8;0;8
G7;c.RISCO ALTO;HVI3;R02;G7 - BHV;R09;8;8;8;8;0;8
G7;b.RISCO NEUTRO;HVI3;R02;G7 - BHV;R09;8;8;8;8;0;8
G7;a.RISCO BAIXO;HVI3;R02;G7 - BHV;R09;8;8;8;8;0;8
G7;c.RISCO ALTO;HVI3;R02;G7 - BHV;R10;8;8;8;8;0;8
G7;b.RISCO NEUTRO;HVI3;R02;G7 - BHV;R10;8;8;8;8;0;8
G7;a.RISCO BAIXO;HVI3;R02;G7 - BHV;R10;8;8;8;8;0;8
G7;b.RISCO NEUTRO;HVI3;R02;G7 - BHV;R11;8;8;8;8;0;8
G7;c.RISCO ALTO;HVI3;R02;G7 - BHV;R11;8;8;8;8;0;8
G7;a.RISCO BAIXO;HVI3;R02;G7 - BHV;R11;8;8;8;8;0;8
G7;c.RISCO ALTO;HVI3;R02;G7 - BHV;R12;8;8;8;8;0;8
G7;b.RISCO NEUTRO;HVI3;R02;G7 - BHV;R12;8;8;8;8;0;8
G7;a.RISCO BAIXO;HVI3;R02;G7 - BHV;R12;8;8;8;8;0;8
G7;c.RISCO ALTO;HVI3;R02;G7 - BHV;R13;8;8;8;8;0;8
G7;b.RISCO NEUTRO;HVI3;R02;G7 - BHV;R13;8;8;8;8;0;8
G7;a.RISCO BAIXO;HVI3;R02;G7 - BHV;R13;8;8;8;8;0;8
G7;c.RISCO ALTO;HVI3;R02;G7 - BHV;R14;8;8;8;8;0;8
G7;b.RISCO NEUTRO;HVI3;R02;G7 - BHV;R14;8;8;8;8;0;8
G7;a.RISCO BAIXO;HVI3;R02;G7 - BHV;R14;8;8;8;8;0;8
G7;c.RISCO ALTO;HVI3;R02;G7 - BHV;R15;8;8;8;8;0;8
G7;b.RISCO NEUTRO;HVI3;R02;G7 - BHV;R15;8;8;8;8;0;8
G7;a.RISCO BAIXO;HVI3;R02;G7 - BHV;R15;8;8;8;8;0;8
G7;c.RISCO ALTO;HVI3;R02;G7 - BHV;R16;8;8;8;8;0;8
G7;b.RISCO NEUTRO;HVI3;R02;G7 - BHV;R16;8;8;8;8;0;8
G7;a.RISCO BAIXO;HVI3;R02;G7 - BHV;R16;8;8;8;8;0;8
G7;c.RISCO ALTO;HVI3;R02;G7 - BHV;R17;8;8;8;8;0;8
G7;b.RISCO NEUTRO;HVI3;R02;G7 - BHV;R17;8;8;8;8;0;8
G7;a.RISCO BAIXO;HVI3;R02;G7 - BHV;R17;8;8;8;8;0;8
G7;c.RISCO ALTO;HVI3;R02;G7 - BHV;R18;8;8;8;8;0;8
G7;b.RISCO NEUTRO;HVI3;R02;G7 - BHV;R18;8;8;8;8;0;8
G7;a.RISCO BAIXO;HVI3;R02;G7 - BHV;R18;8;8;8;8;0;8
G7;c.RISCO ALTO;HVI3;R02;G7 - BHV;R19;8;8;8;8;0;8
G7;b.RISCO NEUTRO;HVI3;R02;G7 - BHV;R19;8;8;8;8;0;8
G7;a.RISCO BAIXO;HVI3;R02;G7 - BHV;R19;8;8;8;8;0;8
G7;c.RISCO ALTO;HVI3;R02;G7 - BHV;R20;8;8;8;8;0;8
G7;b.RISCO NEUTRO;HVI3;R02;G7 - BHV;R20;8;8;8;8;0;8
G7;a.RISCO BAIXO;HVI3;R02;G7 - BHV;R20;8;8;8;8;0;8
G7;c.RISCO ALTO;HVI3;R02;G7 - BHV;R99;8;8;8;8;0;8
G7;b.RISCO NEUTRO;HVI3;R02;G7 - BHV;R99;8;8;8;8;0;8
G7;a.RISCO BAIXO;HVI3;R02;G7 - BHV;R99;8;8;8;8;0;8
G7;b.RISCO NEUTRO;HVI3;R03;G7 - BHV;R01;8;8;8;8;0;8
G7;c.RISCO ALTO;HVI3;R03;G7 - BHV;R01;8;8;8;8;0;8
G7;a.RISCO BAIXO;HVI3;R03;G7 - BHV;R01;8;8;8;8;0;8
G7;b.RISCO NEUTRO;HVI3;R03;G7 - BHV;R02;8;8;8;8;0;8
G7;c.RISCO ALTO;HVI3;R03;G7 - BHV;R02;8;8;8;8;0;8
G7;a.RISCO BAIXO;HVI3;R03;G7 - BHV;R02;8;8;8;8;0;8
G7;c.RISCO ALTO;HVI3;R03;G7 - BHV;R03;8;8;8;8;0;8
G7;b.RISCO NEUTRO;HVI3;R03;G7 - BHV;R03;8;8;8;8;0;8
G7;a.RISCO BAIXO;HVI3;R03;G7 - BHV;R03;8;8;8;8;0;8
G7;c.RISCO ALTO;HVI3;R03;G7 - BHV;R04;8;8;8;8;0;8
G7;b.RISCO NEUTRO;HVI3;R03;G7 - BHV;R04;8;8;8;8;0;8
G7;a.RISCO BAIXO;HVI3;R03;G7 - BHV;R04;8;8;8;8;0;8
G7;c.RISCO ALTO;HVI3;R03;G7 - BHV;R05;8;8;8;8;0;8
G7;b.RISCO NEUTRO;HVI3;R03;G7 - BHV;R05;8;8;8;8;0;8
G7;a.RISCO BAIXO;HVI3;R03;G7 - BHV;R05;8;8;8;8;0;8
G7;c.RISCO ALTO;HVI3;R03;G7 - BHV;R06;8;8;8;8;0;8
G7;b.RISCO NEUTRO;HVI3;R03;G7 - BHV;R06;8;8;8;8;0;8
G7;a.RISCO BAIXO;HVI3;R03;G7 - BHV;R06;8;8;8;8;0;8
G7;c.RISCO ALTO;HVI3;R03;G7 - BHV;R07;8;8;8;8;0;8
G7;b.RISCO NEUTRO;HVI3;R03;G7 - BHV;R07;8;8;8;8;0;8
G7;a.RISCO BAIXO;HVI3;R03;G7 - BHV;R07;8;8;8;8;0;8
G7;c.RISCO ALTO;HVI3;R03;G7 - BHV;R08;8;8;8;8;0;8
G7;b.RISCO NEUTRO;HVI3;R03;G7 - BHV;R08;8;8;8;8;0;8
G7;a.RISCO BAIXO;HVI3;R03;G7 - BHV;R08;8;8;8;8;0;8
G7;b.RISCO NEUTRO;HVI3;R03;G7 - BHV;R09;8;8;8;8;0;8
G7;c.RISCO ALTO;HVI3;R03;G7 - BHV;R09;8;8;8;8;0;8
G7;a.RISCO BAIXO;HVI3;R03;G7 - BHV;R09;8;8;8;8;0;8
G7;c.RISCO ALTO;HVI3;R03;G7 - BHV;R10;8;8;8;8;0;8
G7;b.RISCO NEUTRO;HVI3;R03;G7 - BHV;R10;8;8;8;8;0;8
G7;a.RISCO BAIXO;HVI3;R03;G7 - BHV;R10;8;8;8;8;0;8
G7;c.RISCO ALTO;HVI3;R03;G7 - BHV;R11;8;8;8;8;0;8
G7;b.RISCO NEUTRO;HVI3;R03;G7 - BHV;R11;8;8;8;8;0;8
G7;a.RISCO BAIXO;HVI3;R03;G7 - BHV;R11;8;8;8;8;0;8
G7;c.RISCO ALTO;HVI3;R03;G7 - BHV;R12;8;8;8;8;0;8
G7;b.RISCO NEUTRO;HVI3;R03;G7 - BHV;R12;8;8;8;8;0;8
G7;a.RISCO BAIXO;HVI3;R03;G7 - BHV;R12;8;8;8;8;0;8
G7;c.RISCO ALTO;HVI3;R03;G7 - BHV;R13;8;8;8;8;0;8
G7;b.RISCO NEUTRO;HVI3;R03;G7 - BHV;R13;8;8;8;8;0;8
G7;a.RISCO BAIXO;HVI3;R03;G7 - BHV;R13;8;8;8;8;0;8
G7;c.RISCO ALTO;HVI3;R03;G7 - BHV;R14;8;8;8;8;0;8
G7;b.RISCO NEUTRO;HVI3;R03;G7 - BHV;R14;8;8;8;8;0;8
G7;a.RISCO BAIXO;HVI3;R03;G7 - BHV;R14;8;8;8;8;0;8
G7;c.RISCO ALTO;HVI3;R03;G7 - BHV;R15;8;8;8;8;0;8
G7;b.RISCO NEUTRO;HVI3;R03;G7 - BHV;R15;8;8;8;8;0;8
G7;a.RISCO BAIXO;HVI3;R03;G7 - BHV;R15;8;8;8;8;0;8
G7;c.RISCO ALTO;HVI3;R03;G7 - BHV;R16;8;8;8;8;0;8
G7;b.RISCO NEUTRO;HVI3;R03;G7 - BHV;R16;8;8;8;8;0;8
G7;a.RISCO BAIXO;HVI3;R03;G7 - BHV;R16;8;8;8;8;0;8
G7;c.RISCO ALTO;HVI3;R03;G7 - BHV;R17;8;8;8;8;0;8
G7;b.RISCO NEUTRO;HVI3;R03;G7 - BHV;R17;8;8;8;8;0;8
G7;a.RISCO BAIXO;HVI3;R03;G7 - BHV;R17;8;8;8;8;0;8
G7;c.RISCO ALTO;HVI3;R03;G7 - BHV;R18;8;8;8;8;0;8
G7;b.RISCO NEUTRO;HVI3;R03;G7 - BHV;R18;8;8;8;8;0;8
G7;a.RISCO BAIXO;HVI3;R03;G7 - BHV;R18;8;8;8;8;0;8
G7;c.RISCO ALTO;HVI3;R03;G7 - BHV;R19;8;8;8;8;0;8
G7;b.RISCO NEUTRO;HVI3;R03;G7 - BHV;R19;8;8;8;8;0;8
G7;a.RISCO BAIXO;HVI3;R03;G7 - BHV;R19;8;8;8;8;0;8
G7;c.RISCO ALTO;HVI3;R03;G7 - BHV;R20;8;8;8;8;0;8
G7;b.RISCO NEUTRO;HVI3;R03;G7 - BHV;R20;8;8;8;8;0;8
G7;a.RISCO BAIXO;HVI3;R03;G7 - BHV;R20;8;8;8;8;0;8
G7;c.RISCO ALTO;HVI3;R03;G7 - BHV;R99;8;8;8;8;0;8
G7;b.RISCO NEUTRO;HVI3;R03;G7 - BHV;R99;8;8;8;8;0;8
G7;a.RISCO BAIXO;HVI3;R03;G7 - BHV;R99;8;8;8;8;0;8
G7;c.RISCO ALTO;HVI3;R04;G7 - BHV;R01;8;8;8;8;0;8
G7;b.RISCO NEUTRO;HVI3;R04;G7 - BHV;R01;8;8;8;8;0;8
G7;a.RISCO BAIXO;HVI3;R04;G7 - BHV;R01;8;8;8;8;0;8
G7;c.RISCO ALTO;HVI3;R04;G7 - BHV;R02;8;8;8;8;0;8
G7;b.RISCO NEUTRO;HVI3;R04;G7 - BHV;R02;8;8;8;8;0;8
G7;a.RISCO BAIXO;HVI3;R04;G7 - BHV;R02;8;8;8;8;0;8
G7;c.RISCO ALTO;HVI3;R04;G7 - BHV;R03;8;8;8;8;0;8
G7;b.RISCO NEUTRO;HVI3;R04;G7 - BHV;R03;8;8;8;8;0;8
G7;a.RISCO BAIXO;HVI3;R04;G7 - BHV;R03;8;8;8;8;0;8
G7;c.RISCO ALTO;HVI3;R04;G7 - BHV;R04;8;8;8;8;0;8
G7;b.RISCO NEUTRO;HVI3;R04;G7 - BHV;R04;8;8;8;8;0;8
G7;a.RISCO BAIXO;HVI3;R04;G7 - BHV;R04;8;8;8;8;0;8
G7;b.RISCO NEUTRO;HVI3;R04;G7 - BHV;R05;8;8;8;8;0;8
G7;c.RISCO ALTO;HVI3;R04;G7 - BHV;R05;8;8;8;8;0;8
G7;a.RISCO BAIXO;HVI3;R04;G7 - BHV;R05;8;8;8;8;0;8
G7;c.RISCO ALTO;HVI3;R04;G7 - BHV;R06;8;8;8;8;0;8
G7;b.RISCO NEUTRO;HVI3;R04;G7 - BHV;R06;8;8;8;8;0;8
G7;a.RISCO BAIXO;HVI3;R04;G7 - BHV;R06;8;8;8;8;0;8
G7;c.RISCO ALTO;HVI3;R04;G7 - BHV;R07;8;8;8;8;0;8
G7;b.RISCO NEUTRO;HVI3;R04;G7 - BHV;R07;8;8;8;8;0;8
G7;a.RISCO BAIXO;HVI3;R04;G7 - BHV;R07;8;8;8;8;0;8
G7;c.RISCO ALTO;HVI3;R04;G7 - BHV;R08;8;8;8;8;0;8
G7;b.RISCO NEUTRO;HVI3;R04;G7 - BHV;R08;8;8;8;8;0;8
G7;a.RISCO BAIXO;HVI3;R04;G7 - BHV;R08;8;8;8;8;0;8
G7;c.RISCO ALTO;HVI3;R04;G7 - BHV;R09;8;8;8;8;0;8
G7;b.RISCO NEUTRO;HVI3;R04;G7 - BHV;R09;8;8;8;8;0;8
G7;a.RISCO BAIXO;HVI3;R04;G7 - BHV;R09;8;8;8;8;0;8
G7;c.RISCO ALTO;HVI3;R04;G7 - BHV;R10;8;8;8;8;0;8
G7;b.RISCO NEUTRO;HVI3;R04;G7 - BHV;R10;8;8;8;8;0;8
G7;a.RISCO BAIXO;HVI3;R04;G7 - BHV;R10;8;8;8;8;0;8
G7;c.RISCO ALTO;HVI3;R04;G7 - BHV;R11;8;8;8;8;0;8
G7;b.RISCO NEUTRO;HVI3;R04;G7 - BHV;R11;8;8;8;8;0;8
G7;a.RISCO BAIXO;HVI3;R04;G7 - BHV;R11;8;8;8;8;0;8
G7;b.RISCO NEUTRO;HVI3;R04;G7 - BHV;R12;8;8;8;8;0;8
G7;c.RISCO ALTO;HVI3;R04;G7 - BHV;R12;8;8;8;8;0;8
G7;a.RISCO BAIXO;HVI3;R04;G7 - BHV;R12;8;8;8;8;0;8
G7;c.RISCO ALTO;HVI3;R04;G7 - BHV;R13;8;8;8;8;0;8
G7;b.RISCO NEUTRO;HVI3;R04;G7 - BHV;R13;8;8;8;8;0;8
G7;a.RISCO BAIXO;HVI3;R04;G7 - BHV;R13;8;8;8;8;0;8
G7;c.RISCO ALTO;HVI3;R04;G7 - BHV;R14;8;8;8;8;0;8
G7;b.RISCO NEUTRO;HVI3;R04;G7 - BHV;R14;8;8;8;8;0;8
G7;a.RISCO BAIXO;HVI3;R04;G7 - BHV;R14;8;8;8;8;0;8
G7;c.RISCO ALTO;HVI3;R04;G7 - BHV;R15;8;8;8;8;0;8
G7;b.RISCO NEUTRO;HVI3;R04;G7 - BHV;R15;8;8;8;8;0;8
G7;a.RISCO BAIXO;HVI3;R04;G7 - BHV;R15;8;8;8;8;0;8
G7;c.RISCO ALTO;HVI3;R04;G7 - BHV;R16;8;8;8;8;0;8
G7;b.RISCO NEUTRO;HVI3;R04;G7 - BHV;R16;8;8;8;8;0;8
G7;a.RISCO BAIXO;HVI3;R04;G7 - BHV;R16;8;8;8;8;0;8
G7;b.RISCO NEUTRO;HVI3;R04;G7 - BHV;R17;8;8;8;8;0;8
G7;c.RISCO ALTO;HVI3;R04;G7 - BHV;R17;8;8;8;8;0;8
G7;a.RISCO BAIXO;HVI3;R04;G7 - BHV;R17;8;8;8;8;0;8
G7;c.RISCO ALTO;HVI3;R04;G7 - BHV;R18;8;8;8;8;0;8
G7;b.RISCO NEUTRO;HVI3;R04;G7 - BHV;R18;8;8;8;8;0;8
G7;a.RISCO BAIXO;HVI3;R04;G7 - BHV;R18;8;8;8;8;0;8
G7;c.RISCO ALTO;HVI3;R04;G7 - BHV;R19;8;8;8;8;0;0
G7;b.RISCO NEUTRO;HVI3;R04;G7 - BHV;R19;8;8;8;8;0;0
G7;a.RISCO BAIXO;HVI3;R04;G7 - BHV;R19;8;8;8;8;0;0
G7;c.RISCO ALTO;HVI3;R04;G7 - BHV;R20;8;8;8;8;0;0
G7;b.RISCO NEUTRO;HVI3;R04;G7 - BHV;R20;8;8;8;8;0;0
G7;a.RISCO BAIXO;HVI3;R04;G7 - BHV;R20;8;8;8;8;0;0
G7;c.RISCO ALTO;HVI3;R04;G7 - BHV;R99;8;8;8;8;0;0
G7;b.RISCO NEUTRO;HVI3;R04;G7 - BHV;R99;8;8;8;8;0;0
G7;a.RISCO BAIXO;HVI3;R04;G7 - BHV;R99;8;8;8;8;0;0
G7;c.RISCO ALTO;HVI3;R05;G7 - BHV;R01;8;8;8;8;0;8
G7;b.RISCO NEUTRO;HVI3;R05;G7 - BHV;R01;8;8;8;8;0;8
G7;a.RISCO BAIXO;HVI3;R05;G7 - BHV;R01;8;8;8;8;0;8
G7;c.RISCO ALTO;HVI3;R05;G7 - BHV;R02;8;8;8;8;0;8
G7;b.RISCO NEUTRO;HVI3;R05;G7 - BHV;R02;8;8;8;8;0;8
G7;a.RISCO BAIXO;HVI3;R05;G7 - BHV;R02;8;8;8;8;0;8
G7;b.RISCO NEUTRO;HVI3;R05;G7 - BHV;R03;8;8;8;8;0;8
G7;c.RISCO ALTO;HVI3;R05;G7 - BHV;R03;8;8;8;8;0;8
G7;a.RISCO BAIXO;HVI3;R05;G7 - BHV;R03;8;8;8;8;0;8
G7;c.RISCO ALTO;HVI3;R05;G7 - BHV;R04;8;8;8;8;0;8
G7;b.RISCO NEUTRO;HVI3;R05;G7 - BHV;R04;8;8;8;8;0;8
G7;a.RISCO BAIXO;HVI3;R05;G7 - BHV;R04;8;8;8;8;0;8
G7;c.RISCO ALTO;HVI3;R05;G7 - BHV;R05;8;8;8;8;0;8
G7;b.RISCO NEUTRO;HVI3;R05;G7 - BHV;R05;8;8;8;8;0;8
G7;a.RISCO BAIXO;HVI3;R05;G7 - BHV;R05;8;8;8;8;0;8
G7;c.RISCO ALTO;HVI3;R05;G7 - BHV;R06;8;8;8;8;0;8
G7;b.RISCO NEUTRO;HVI3;R05;G7 - BHV;R06;8;8;8;8;0;8
G7;a.RISCO BAIXO;HVI3;R05;G7 - BHV;R06;8;8;8;8;0;8
G7;c.RISCO ALTO;HVI3;R05;G7 - BHV;R07;8;8;8;8;0;8
G7;b.RISCO NEUTRO;HVI3;R05;G7 - BHV;R07;8;8;8;8;0;8
G7;a.RISCO BAIXO;HVI3;R05;G7 - BHV;R07;8;8;8;8;0;8
G7;b.RISCO NEUTRO;HVI3;R05;G7 - BHV;R08;8;8;8;8;0;8
G7;c.RISCO ALTO;HVI3;R05;G7 - BHV;R08;8;8;8;8;0;8
G7;a.RISCO BAIXO;HVI3;R05;G7 - BHV;R08;8;8;8;8;0;8
G7;c.RISCO ALTO;HVI3;R05;G7 - BHV;R09;8;8;8;8;0;8
G7;b.RISCO NEUTRO;HVI3;R05;G7 - BHV;R09;8;8;8;8;0;8
G7;a.RISCO BAIXO;HVI3;R05;G7 - BHV;R09;8;8;8;8;0;8
G7;c.RISCO ALTO;HVI3;R05;G7 - BHV;R10;8;8;8;8;0;8
G7;b.RISCO NEUTRO;HVI3;R05;G7 - BHV;R10;8;8;8;8;0;8
G7;a.RISCO BAIXO;HVI3;R05;G7 - BHV;R10;8;8;8;8;0;8
G7;c.RISCO ALTO;HVI3;R05;G7 - BHV;R11;8;8;8;8;0;8
G7;b.RISCO NEUTRO;HVI3;R05;G7 - BHV;R11;8;8;8;8;0;8
G7;a.RISCO BAIXO;HVI3;R05;G7 - BHV;R11;8;8;8;8;0;8
G7;c.RISCO ALTO;HVI3;R05;G7 - BHV;R12;8;8;8;8;0;8
G7;b.RISCO NEUTRO;HVI3;R05;G7 - BHV;R12;8;8;8;8;0;8
G7;a.RISCO BAIXO;HVI3;R05;G7 - BHV;R12;8;8;8;8;0;8
G7;c.RISCO ALTO;HVI3;R05;G7 - BHV;R13;8;8;8;8;0;8
G7;b.RISCO NEUTRO;HVI3;R05;G7 - BHV;R13;8;8;8;8;0;8
G7;a.RISCO BAIXO;HVI3;R05;G7 - BHV;R13;8;8;8;8;0;8
G7;c.RISCO ALTO;HVI3;R05;G7 - BHV;R14;8;8;8;8;0;8
G7;b.RISCO NEUTRO;HVI3;R05;G7 - BHV;R14;8;8;8;8;0;8
G7;a.RISCO BAIXO;HVI3;R05;G7 - BHV;R14;8;8;8;8;0;8
G7;c.RISCO ALTO;HVI3;R05;G7 - BHV;R15;8;8;8;8;0;8
G7;b.RISCO NEUTRO;HVI3;R05;G7 - BHV;R15;8;8;8;8;0;8
G7;a.RISCO BAIXO;HVI3;R05;G7 - BHV;R15;8;8;8;8;0;8
G7;c.RISCO ALTO;HVI3;R05;G7 - BHV;R16;8;8;8;8;0;8
G7;b.RISCO NEUTRO;HVI3;R05;G7 - BHV;R16;8;8;8;8;0;8
G7;a.RISCO BAIXO;HVI3;R05;G7 - BHV;R16;8;8;8;8;0;8
G7;c.RISCO ALTO;HVI3;R05;G7 - BHV;R17;8;8;8;8;0;8
G7;b.RISCO NEUTRO;HVI3;R05;G7 - BHV;R17;8;8;8;8;0;8
G7;a.RISCO BAIXO;HVI3;R05;G7 - BHV;R17;8;8;8;8;0;8
G7;c.RISCO ALTO;HVI3;R05;G7 - BHV;R18;8;8;8;8;0;8
G7;b.RISCO NEUTRO;HVI3;R05;G7 - BHV;R18;8;8;8;8;0;8
G7;a.RISCO BAIXO;HVI3;R05;G7 - BHV;R18;8;8;8;8;0;8
G7;b.RISCO NEUTRO;HVI3;R05;G7 - BHV;R19;8;8;8;8;0;0
G7;c.RISCO ALTO;HVI3;R05;G7 - BHV;R19;8;8;8;8;0;0
G7;a.RISCO BAIXO;HVI3;R05;G7 - BHV;R19;8;8;8;8;0;0
G7;c.RISCO ALTO;HVI3;R05;G7 - BHV;R20;8;8;8;8;0;0
G7;b.RISCO NEUTRO;HVI3;R05;G7 - BHV;R20;8;8;8;8;0;0
G7;a.RISCO BAIXO;HVI3;R05;G7 - BHV;R20;8;8;8;8;0;0
G7;c.RISCO ALTO;HVI3;R05;G7 - BHV;R99;8;8;8;8;0;0
G7;b.RISCO NEUTRO;HVI3;R05;G7 - BHV;R99;8;8;8;8;0;0
G7;a.RISCO BAIXO;HVI3;R05;G7 - BHV;R99;8;8;8;8;0;0
G7;c.RISCO ALTO;HVI3;R06;G7 - BHV;R01;8;8;8;8;0;8
G7;b.RISCO NEUTRO;HVI3;R06;G7 - BHV;R01;8;8;8;8;0;8
G7;a.RISCO BAIXO;HVI3;R06;G7 - BHV;R01;8;8;8;8;0;8
G7;c.RISCO ALTO;HVI3;R06;G7 - BHV;R02;8;8;8;8;0;8
G7;b.RISCO NEUTRO;HVI3;R06;G7 - BHV;R02;8;8;8;8;0;8
G7;a.RISCO BAIXO;HVI3;R06;G7 - BHV;R02;8;8;8;8;0;8
G7;c.RISCO ALTO;HVI3;R06;G7 - BHV;R03;5;5;5;5;0;5
G7;b.RISCO NEUTRO;HVI3;R06;G7 - BHV;R03;5;5;5;5;0;5
G7;a.RISCO BAIXO;HVI3;R06;G7 - BHV;R03;5;5;5;5;0;5
G7;c.RISCO ALTO;HVI3;R06;G7 - BHV;R04;5;5;5;5;0;5
G7;b.RISCO NEUTRO;HVI3;R06;G7 - BHV;R04;5;5;5;5;0;5
G7;a.RISCO BAIXO;HVI3;R06;G7 - BHV;R04;5;5;5;5;0;5
G7;c.RISCO ALTO;HVI3;R06;G7 - BHV;R05;5;5;5;5;0;5
G7;b.RISCO NEUTRO;HVI3;R06;G7 - BHV;R05;5;5;5;5;0;5
G7;a.RISCO BAIXO;HVI3;R06;G7 - BHV;R05;5;5;5;5;0;5
G7;c.RISCO ALTO;HVI3;R06;G7 - BHV;R06;5;5;5;5;0;5
G7;b.RISCO NEUTRO;HVI3;R06;G7 - BHV;R06;5;5;5;5;0;5
G7;a.RISCO BAIXO;HVI3;R06;G7 - BHV;R06;5;5;5;5;0;5
G7;c.RISCO ALTO;HVI3;R06;G7 - BHV;R07;5;5;5;5;0;5
G7;b.RISCO NEUTRO;HVI3;R06;G7 - BHV;R07;5;5;5;5;0;5
G7;a.RISCO BAIXO;HVI3;R06;G7 - BHV;R07;5;5;5;5;0;5
G7;c.RISCO ALTO;HVI3;R06;G7 - BHV;R08;5;5;5;5;0;5
G7;b.RISCO NEUTRO;HVI3;R06;G7 - BHV;R08;5;5;5;5;0;5
G7;a.RISCO BAIXO;HVI3;R06;G7 - BHV;R08;5;5;5;5;0;5
G7;c.RISCO ALTO;HVI3;R06;G7 - BHV;R09;5;5;5;5;0;5
G7;b.RISCO NEUTRO;HVI3;R06;G7 - BHV;R09;5;5;5;5;0;5
G7;a.RISCO BAIXO;HVI3;R06;G7 - BHV;R09;5;5;5;5;0;5
G7;b.RISCO NEUTRO;HVI3;R06;G7 - BHV;R10;5;5;5;5;0;5
G7;c.RISCO ALTO;HVI3;R06;G7 - BHV;R10;5;5;5;5;0;5
G7;a.RISCO BAIXO;HVI3;R06;G7 - BHV;R10;5;5;5;5;0;5
G7;b.RISCO NEUTRO;HVI3;R06;G7 - BHV;R11;5;5;5;5;0;5
G7;c.RISCO ALTO;HVI3;R06;G7 - BHV;R11;5;5;5;5;0;5
G7;a.RISCO BAIXO;HVI3;R06;G7 - BHV;R11;5;5;5;5;0;5
G7;c.RISCO ALTO;HVI3;R06;G7 - BHV;R12;5;5;5;5;0;5
G7;b.RISCO NEUTRO;HVI3;R06;G7 - BHV;R12;5;5;5;5;0;5
G7;a.RISCO BAIXO;HVI3;R06;G7 - BHV;R12;5;5;5;5;0;5
G7;c.RISCO ALTO;HVI3;R06;G7 - BHV;R13;5;5;5;5;0;5
G7;b.RISCO NEUTRO;HVI3;R06;G7 - BHV;R13;5;5;5;5;0;5
G7;a.RISCO BAIXO;HVI3;R06;G7 - BHV;R13;5;5;5;5;0;5
G7;c.RISCO ALTO;HVI3;R06;G7 - BHV;R14;5;5;5;5;0;5
G7;b.RISCO NEUTRO;HVI3;R06;G7 - BHV;R14;5;5;5;5;0;5
G7;a.RISCO BAIXO;HVI3;R06;G7 - BHV;R14;5;5;5;5;0;5
G7;c.RISCO ALTO;HVI3;R06;G7 - BHV;R15;5;5;5;5;0;5
G7;b.RISCO NEUTRO;HVI3;R06;G7 - BHV;R15;5;5;5;5;0;5
G7;a.RISCO BAIXO;HVI3;R06;G7 - BHV;R15;5;5;5;5;0;5
G7;c.RISCO ALTO;HVI3;R06;G7 - BHV;R16;5;5;5;5;0;5
G7;b.RISCO NEUTRO;HVI3;R06;G7 - BHV;R16;5;5;5;5;0;5
G7;a.RISCO BAIXO;HVI3;R06;G7 - BHV;R16;5;5;5;5;0;5
G7;c.RISCO ALTO;HVI3;R06;G7 - BHV;R17;5;5;5;5;0;5
G7;b.RISCO NEUTRO;HVI3;R06;G7 - BHV;R17;5;5;5;5;0;5
G7;a.RISCO BAIXO;HVI3;R06;G7 - BHV;R17;5;5;5;5;0;5
G7;b.RISCO NEUTRO;HVI3;R06;G7 - BHV;R18;5;5;5;5;0;5
G7;c.RISCO ALTO;HVI3;R06;G7 - BHV;R18;5;5;5;5;0;5
G7;a.RISCO BAIXO;HVI3;R06;G7 - BHV;R18;5;5;5;5;0;5
G7;c.RISCO ALTO;HVI3;R06;G7 - BHV;R19;5;5;5;5;0;0
G7;b.RISCO NEUTRO;HVI3;R06;G7 - BHV;R19;5;5;5;5;0;0
G7;a.RISCO BAIXO;HVI3;R06;G7 - BHV;R19;5;5;5;5;0;0
G7;c.RISCO ALTO;HVI3;R06;G7 - BHV;R20;5;5;5;5;0;0
G7;b.RISCO NEUTRO;HVI3;R06;G7 - BHV;R20;5;5;5;5;0;0
G7;a.RISCO BAIXO;HVI3;R06;G7 - BHV;R20;5;5;5;5;0;0
G7;c.RISCO ALTO;HVI3;R06;G7 - BHV;R99;5;5;5;5;0;0
G7;b.RISCO NEUTRO;HVI3;R06;G7 - BHV;R99;5;5;5;5;0;0
G7;a.RISCO BAIXO;HVI3;R06;G7 - BHV;R99;5;5;5;5;0;0
G7;c.RISCO ALTO;HVI3;R07;G7 - BHV;R01;8;8;8;8;0;8
G7;b.RISCO NEUTRO;HVI3;R07;G7 - BHV;R01;8;8;8;8;0;8
G7;a.RISCO BAIXO;HVI3;R07;G7 - BHV;R01;8;8;8;8;0;8
G7;b.RISCO NEUTRO;HVI3;R07;G7 - BHV;R02;8;8;8;8;0;8
G7;c.RISCO ALTO;HVI3;R07;G7 - BHV;R02;8;8;8;8;0;8
G7;a.RISCO BAIXO;HVI3;R07;G7 - BHV;R02;8;8;8;8;0;8
G7;c.RISCO ALTO;HVI3;R07;G7 - BHV;R03;5;5;5;5;0;5
G7;b.RISCO NEUTRO;HVI3;R07;G7 - BHV;R03;5;5;5;5;0;5
G7;a.RISCO BAIXO;HVI3;R07;G7 - BHV;R03;5;5;5;5;0;5
G7;c.RISCO ALTO;HVI3;R07;G7 - BHV;R04;5;5;5;5;0;5
G7;b.RISCO NEUTRO;HVI3;R07;G7 - BHV;R04;5;5;5;5;0;5
G7;a.RISCO BAIXO;HVI3;R07;G7 - BHV;R04;5;5;5;5;0;5
G7;c.RISCO ALTO;HVI3;R07;G7 - BHV;R05;5;5;5;5;0;5
G7;b.RISCO NEUTRO;HVI3;R07;G7 - BHV;R05;5;5;5;5;0;5
G7;a.RISCO BAIXO;HVI3;R07;G7 - BHV;R05;5;5;5;5;0;5
G7;c.RISCO ALTO;HVI3;R07;G7 - BHV;R06;5;5;5;5;0;5
G7;b.RISCO NEUTRO;HVI3;R07;G7 - BHV;R06;5;5;5;5;0;5
G7;a.RISCO BAIXO;HVI3;R07;G7 - BHV;R06;5;5;5;5;0;5
G7;c.RISCO ALTO;HVI3;R07;G7 - BHV;R07;5;5;5;5;0;5
G7;b.RISCO NEUTRO;HVI3;R07;G7 - BHV;R07;5;5;5;5;0;5
G7;a.RISCO BAIXO;HVI3;R07;G7 - BHV;R07;5;5;5;5;0;5
G7;c.RISCO ALTO;HVI3;R07;G7 - BHV;R08;5;5;5;5;0;5
G7;b.RISCO NEUTRO;HVI3;R07;G7 - BHV;R08;5;5;5;5;0;5
G7;a.RISCO BAIXO;HVI3;R07;G7 - BHV;R08;5;5;5;5;0;5
G7;b.RISCO NEUTRO;HVI3;R07;G7 - BHV;R09;5;5;5;5;0;5
G7;c.RISCO ALTO;HVI3;R07;G7 - BHV;R09;5;5;5;5;0;5
G7;a.RISCO BAIXO;HVI3;R07;G7 - BHV;R09;5;5;5;5;0;5
G7;c.RISCO ALTO;HVI3;R07;G7 - BHV;R10;5;5;5;5;0;5
G7;b.RISCO NEUTRO;HVI3;R07;G7 - BHV;R10;5;5;5;5;0;5
G7;a.RISCO BAIXO;HVI3;R07;G7 - BHV;R10;5;5;5;5;0;5
G7;c.RISCO ALTO;HVI3;R07;G7 - BHV;R11;5;5;5;5;0;5
G7;b.RISCO NEUTRO;HVI3;R07;G7 - BHV;R11;5;5;5;5;0;5
G7;a.RISCO BAIXO;HVI3;R07;G7 - BHV;R11;5;5;5;5;0;5
G7;c.RISCO ALTO;HVI3;R07;G7 - BHV;R12;5;5;5;5;0;5
G7;b.RISCO NEUTRO;HVI3;R07;G7 - BHV;R12;5;5;5;5;0;5
G7;a.RISCO BAIXO;HVI3;R07;G7 - BHV;R12;5;5;5;5;0;5
G7;c.RISCO ALTO;HVI3;R07;G7 - BHV;R13;5;5;5;5;0;5
G7;b.RISCO NEUTRO;HVI3;R07;G7 - BHV;R13;5;5;5;5;0;5
G7;a.RISCO BAIXO;HVI3;R07;G7 - BHV;R13;5;5;5;5;0;5
G7;b.RISCO NEUTRO;HVI3;R07;G7 - BHV;R14;5;5;5;5;0;5
G7;c.RISCO ALTO;HVI3;R07;G7 - BHV;R14;5;5;5;5;0;5
G7;a.RISCO BAIXO;HVI3;R07;G7 - BHV;R14;5;5;5;5;0;5
G7;c.RISCO ALTO;HVI3;R07;G7 - BHV;R15;5;5;5;5;0;5
G7;b.RISCO NEUTRO;HVI3;R07;G7 - BHV;R15;5;5;5;5;0;5
G7;a.RISCO BAIXO;HVI3;R07;G7 - BHV;R15;5;5;5;5;0;5
G7;c.RISCO ALTO;HVI3;R07;G7 - BHV;R16;5;5;5;5;0;5
G7;b.RISCO NEUTRO;HVI3;R07;G7 - BHV;R16;5;5;5;5;0;5
G7;a.RISCO BAIXO;HVI3;R07;G7 - BHV;R16;5;5;5;5;0;5
G7;c.RISCO ALTO;HVI3;R07;G7 - BHV;R17;5;5;5;5;0;5
G7;b.RISCO NEUTRO;HVI3;R07;G7 - BHV;R17;5;5;5;5;0;5
G7;a.RISCO BAIXO;HVI3;R07;G7 - BHV;R17;5;5;5;5;0;5
G7;c.RISCO ALTO;HVI3;R07;G7 - BHV;R18;5;5;5;5;0;5
G7;b.RISCO NEUTRO;HVI3;R07;G7 - BHV;R18;5;5;5;5;0;5
G7;a.RISCO BAIXO;HVI3;R07;G7 - BHV;R18;5;5;5;5;0;5
G7;c.RISCO ALTO;HVI3;R07;G7 - BHV;R19;5;5;5;5;0;0
G7;b.RISCO NEUTRO;HVI3;R07;G7 - BHV;R19;5;5;5;5;0;0
G7;a.RISCO BAIXO;HVI3;R07;G7 - BHV;R19;5;5;5;5;0;0
G7;c.RISCO ALTO;HVI3;R07;G7 - BHV;R20;5;5;5;5;0;0
G7;b.RISCO NEUTRO;HVI3;R07;G7 - BHV;R20;5;5;5;5;0;0
G7;a.RISCO BAIXO;HVI3;R07;G7 - BHV;R20;5;5;5;5;0;0
G7;c.RISCO ALTO;HVI3;R07;G7 - BHV;R99;5;5;5;5;0;0
G7;b.RISCO NEUTRO;HVI3;R07;G7 - BHV;R99;5;5;5;5;0;0
G7;a.RISCO BAIXO;HVI3;R07;G7 - BHV;R99;5;5;5;5;0;0
G7;c.RISCO ALTO;HVI3;R08;G7 - BHV;R01;8;8;8;8;0;8
G7;b.RISCO NEUTRO;HVI3;R08;G7 - BHV;R01;8;8;8;8;0;8
G7;a.RISCO BAIXO;HVI3;R08;G7 - BHV;R01;8;8;8;8;0;8
G7;c.RISCO ALTO;HVI3;R08;G7 - BHV;R02;8;8;8;8;0;8
G7;b.RISCO NEUTRO;HVI3;R08;G7 - BHV;R02;8;8;8;8;0;8
G7;a.RISCO BAIXO;HVI3;R08;G7 - BHV;R02;8;8;8;8;0;8
G7;c.RISCO ALTO;HVI3;R08;G7 - BHV;R03;5;5;5;5;0;5
G7;b.RISCO NEUTRO;HVI3;R08;G7 - BHV;R03;5;5;5;5;0;5
G7;a.RISCO BAIXO;HVI3;R08;G7 - BHV;R03;5;5;5;5;0;5
G7;b.RISCO NEUTRO;HVI3;R08;G7 - BHV;R04;5;5;5;5;0;5
G7;c.RISCO ALTO;HVI3;R08;G7 - BHV;R04;5;5;5;5;0;5
G7;a.RISCO BAIXO;HVI3;R08;G7 - BHV;R04;5;5;5;5;0;5
G7;c.RISCO ALTO;HVI3;R08;G7 - BHV;R05;5;5;5;5;0;5
G7;b.RISCO NEUTRO;HVI3;R08;G7 - BHV;R05;5;5;5;5;0;5
G7;a.RISCO BAIXO;HVI3;R08;G7 - BHV;R05;5;5;5;5;0;5
G7;c.RISCO ALTO;HVI3;R08;G7 - BHV;R06;5;5;5;5;0;5
G7;b.RISCO NEUTRO;HVI3;R08;G7 - BHV;R06;5;5;5;5;0;5
G7;a.RISCO BAIXO;HVI3;R08;G7 - BHV;R06;5;5;5;5;0;5
G7;c.RISCO ALTO;HVI3;R08;G7 - BHV;R07;5;5;5;5;0;5
G7;b.RISCO NEUTRO;HVI3;R08;G7 - BHV;R07;5;5;5;5;0;5
G7;a.RISCO BAIXO;HVI3;R08;G7 - BHV;R07;5;5;5;5;0;5
G7;c.RISCO ALTO;HVI3;R08;G7 - BHV;R08;5;5;5;5;0;5
G7;b.RISCO NEUTRO;HVI3;R08;G7 - BHV;R08;5;5;5;5;0;5
G7;a.RISCO BAIXO;HVI3;R08;G7 - BHV;R08;5;5;5;5;0;5
G7;c.RISCO ALTO;HVI3;R08;G7 - BHV;R09;5;5;5;5;0;5
G7;b.RISCO NEUTRO;HVI3;R08;G7 - BHV;R09;5;5;5;5;0;5
G7;a.RISCO BAIXO;HVI3;R08;G7 - BHV;R09;5;5;5;5;0;5
G7;c.RISCO ALTO;HVI3;R08;G7 - BHV;R10;5;5;5;5;0;5
G7;b.RISCO NEUTRO;HVI3;R08;G7 - BHV;R10;5;5;5;5;0;5
G7;a.RISCO BAIXO;HVI3;R08;G7 - BHV;R10;5;5;5;5;0;5
G7;c.RISCO ALTO;HVI3;R08;G7 - BHV;R11;5;5;5;5;0;5
G7;b.RISCO NEUTRO;HVI3;R08;G7 - BHV;R11;5;5;5;5;0;5
G7;a.RISCO BAIXO;HVI3;R08;G7 - BHV;R11;5;5;5;5;0;5
G7;c.RISCO ALTO;HVI3;R08;G7 - BHV;R12;5;5;5;5;0;5
G7;b.RISCO NEUTRO;HVI3;R08;G7 - BHV;R12;5;5;5;5;0;5
G7;a.RISCO BAIXO;HVI3;R08;G7 - BHV;R12;5;5;5;5;0;5
G7;c.RISCO ALTO;HVI3;R08;G7 - BHV;R13;5;5;5;5;0;5
G7;b.RISCO NEUTRO;HVI3;R08;G7 - BHV;R13;5;5;5;5;0;5
G7;a.RISCO BAIXO;HVI3;R08;G7 - BHV;R13;5;5;5;5;0;5
G7;c.RISCO ALTO;HVI3;R08;G7 - BHV;R14;5;5;5;5;0;5
G7;b.RISCO NEUTRO;HVI3;R08;G7 - BHV;R14;5;5;5;5;0;5
G7;a.RISCO BAIXO;HVI3;R08;G7 - BHV;R14;5;5;5;5;0;5
G7;c.RISCO ALTO;HVI3;R08;G7 - BHV;R15;5;5;5;5;0;5
G7;b.RISCO NEUTRO;HVI3;R08;G7 - BHV;R15;5;5;5;5;0;5
G7;a.RISCO BAIXO;HVI3;R08;G7 - BHV;R15;5;5;5;5;0;5
G7;b.RISCO NEUTRO;HVI3;R08;G7 - BHV;R16;5;5;5;5;0;5
G7;c.RISCO ALTO;HVI3;R08;G7 - BHV;R16;5;5;5;5;0;5
G7;a.RISCO BAIXO;HVI3;R08;G7 - BHV;R16;5;5;5;5;0;5
G7;b.RISCO NEUTRO;HVI3;R08;G7 - BHV;R17;5;5;5;5;0;5
G7;c.RISCO ALTO;HVI3;R08;G7 - BHV;R17;5;5;5;5;0;5
G7;a.RISCO BAIXO;HVI3;R08;G7 - BHV;R17;5;5;5;5;0;5
G7;c.RISCO ALTO;HVI3;R08;G7 - BHV;R18;5;5;5;5;0;5
G7;b.RISCO NEUTRO;HVI3;R08;G7 - BHV;R18;5;5;5;5;0;5
G7;a.RISCO BAIXO;HVI3;R08;G7 - BHV;R18;5;5;5;5;0;5
G7;c.RISCO ALTO;HVI3;R08;G7 - BHV;R19;5;5;5;5;0;0
G7;b.RISCO NEUTRO;HVI3;R08;G7 - BHV;R19;5;5;5;5;0;0
G7;a.RISCO BAIXO;HVI3;R08;G7 - BHV;R19;5;5;5;5;0;0
G7;c.RISCO ALTO;HVI3;R08;G7 - BHV;R20;5;5;5;5;0;0
G7;b.RISCO NEUTRO;HVI3;R08;G7 - BHV;R20;5;5;5;5;0;0
G7;a.RISCO BAIXO;HVI3;R08;G7 - BHV;R20;5;5;5;5;0;0
G7;c.RISCO ALTO;HVI3;R08;G7 - BHV;R99;5;5;5;5;0;0
G7;b.RISCO NEUTRO;HVI3;R08;G7 - BHV;R99;5;5;5;5;0;0
G7;a.RISCO BAIXO;HVI3;R08;G7 - BHV;R99;5;5;5;5;0;0
G7;c.RISCO ALTO;HVI3;R09;G7 - BHV;R01;8;8;8;8;0;8
G7;b.RISCO NEUTRO;HVI3;R09;G7 - BHV;R01;8;8;8;8;0;8
G7;a.RISCO BAIXO;HVI3;R09;G7 - BHV;R01;8;8;8;8;0;8
G7;c.RISCO ALTO;HVI3;R09;G7 - BHV;R02;8;8;8;8;0;8
G7;b.RISCO NEUTRO;HVI3;R09;G7 - BHV;R02;8;8;8;8;0;8
G7;a.RISCO BAIXO;HVI3;R09;G7 - BHV;R02;8;8;8;8;0;8
G7;c.RISCO ALTO;HVI3;R09;G7 - BHV;R03;5;5;5;5;0;5
G7;b.RISCO NEUTRO;HVI3;R09;G7 - BHV;R03;5;5;5;5;0;5
G7;a.RISCO BAIXO;HVI3;R09;G7 - BHV;R03;5;5;5;5;0;5
G7;c.RISCO ALTO;HVI3;R09;G7 - BHV;R04;5;5;5;5;0;5
G7;b.RISCO NEUTRO;HVI3;R09;G7 - BHV;R04;5;5;5;5;0;5
G7;a.RISCO BAIXO;HVI3;R09;G7 - BHV;R04;5;5;5;5;0;5
G7;c.RISCO ALTO;HVI3;R09;G7 - BHV;R05;5;5;5;5;0;5
G7;b.RISCO NEUTRO;HVI3;R09;G7 - BHV;R05;5;5;5;5;0;5
G7;a.RISCO BAIXO;HVI3;R09;G7 - BHV;R05;5;5;5;5;0;5
G7;c.RISCO ALTO;HVI3;R09;G7 - BHV;R06;5;5;5;5;0;5
G7;b.RISCO NEUTRO;HVI3;R09;G7 - BHV;R06;5;5;5;5;0;5
G7;a.RISCO BAIXO;HVI3;R09;G7 - BHV;R06;5;5;5;5;0;5
G7;c.RISCO ALTO;HVI3;R09;G7 - BHV;R07;5;5;5;5;0;5
G7;b.RISCO NEUTRO;HVI3;R09;G7 - BHV;R07;5;5;5;5;0;5
G7;a.RISCO BAIXO;HVI3;R09;G7 - BHV;R07;5;5;5;5;0;5
G7;c.RISCO ALTO;HVI3;R09;G7 - BHV;R08;5;5;5;5;0;5
G7;b.RISCO NEUTRO;HVI3;R09;G7 - BHV;R08;5;5;5;5;0;5
G7;a.RISCO BAIXO;HVI3;R09;G7 - BHV;R08;5;5;5;5;0;5
G7;c.RISCO ALTO;HVI3;R09;G7 - BHV;R09;5;5;5;5;0;5
G7;b.RISCO NEUTRO;HVI3;R09;G7 - BHV;R09;5;5;5;5;0;5
G7;a.RISCO BAIXO;HVI3;R09;G7 - BHV;R09;5;5;5;5;0;5
G7;c.RISCO ALTO;HVI3;R09;G7 - BHV;R10;5;5;5;5;0;5
G7;b.RISCO NEUTRO;HVI3;R09;G7 - BHV;R10;5;5;5;5;0;5
G7;a.RISCO BAIXO;HVI3;R09;G7 - BHV;R10;5;5;5;5;0;5
G7;c.RISCO ALTO;HVI3;R09;G7 - BHV;R11;5;5;5;5;0;5
G7;b.RISCO NEUTRO;HVI3;R09;G7 - BHV;R11;5;5;5;5;0;5
G7;a.RISCO BAIXO;HVI3;R09;G7 - BHV;R11;5;5;5;5;0;5
G7;c.RISCO ALTO;HVI3;R09;G7 - BHV;R12;5;5;5;5;0;5
G7;b.RISCO NEUTRO;HVI3;R09;G7 - BHV;R12;5;5;5;5;0;5
G7;a.RISCO BAIXO;HVI3;R09;G7 - BHV;R12;5;5;5;5;0;5
G7;c.RISCO ALTO;HVI3;R09;G7 - BHV;R13;5;5;5;5;0;5
G7;b.RISCO NEUTRO;HVI3;R09;G7 - BHV;R13;5;5;5;5;0;5
G7;a.RISCO BAIXO;HVI3;R09;G7 - BHV;R13;5;5;5;5;0;5
G7;c.RISCO ALTO;HVI3;R09;G7 - BHV;R14;5;5;5;5;0;5
G7;b.RISCO NEUTRO;HVI3;R09;G7 - BHV;R14;5;5;5;5;0;5
G7;a.RISCO BAIXO;HVI3;R09;G7 - BHV;R14;5;5;5;5;0;5
G7;b.RISCO NEUTRO;HVI3;R09;G7 - BHV;R15;5;5;5;5;0;5
G7;c.RISCO ALTO;HVI3;R09;G7 - BHV;R15;5;5;5;5;0;5
G7;a.RISCO BAIXO;HVI3;R09;G7 - BHV;R15;5;5;5;5;0;5
G7;c.RISCO ALTO;HVI3;R09;G7 - BHV;R16;5;5;5;5;0;5
G7;b.RISCO NEUTRO;HVI3;R09;G7 - BHV;R16;5;5;5;5;0;5
G7;a.RISCO BAIXO;HVI3;R09;G7 - BHV;R16;5;5;5;5;0;5
G7;c.RISCO ALTO;HVI3;R09;G7 - BHV;R17;5;5;5;5;0;5
G7;b.RISCO NEUTRO;HVI3;R09;G7 - BHV;R17;5;5;5;5;0;5
G7;a.RISCO BAIXO;HVI3;R09;G7 - BHV;R17;5;5;5;5;0;5
G7;c.RISCO ALTO;HVI3;R09;G7 - BHV;R18;5;5;5;5;0;5
G7;b.RISCO NEUTRO;HVI3;R09;G7 - BHV;R18;5;5;5;5;0;5
G7;a.RISCO BAIXO;HVI3;R09;G7 - BHV;R18;5;5;5;5;0;5
G7;b.RISCO NEUTRO;HVI3;R09;G7 - BHV;R19;5;5;5;5;0;0
G7;c.RISCO ALTO;HVI3;R09;G7 - BHV;R19;5;5;5;5;0;0
G7;a.RISCO BAIXO;HVI3;R09;G7 - BHV;R19;5;5;5;5;0;0
G7;b.RISCO NEUTRO;HVI3;R09;G7 - BHV;R20;5;5;5;5;0;0
G7;c.RISCO ALTO;HVI3;R09;G7 - BHV;R20;5;5;5;5;0;0
G7;a.RISCO BAIXO;HVI3;R09;G7 - BHV;R20;5;5;5;5;0;0
G7;c.RISCO ALTO;HVI3;R09;G7 - BHV;R99;5;5;5;5;0;0
G7;b.RISCO NEUTRO;HVI3;R09;G7 - BHV;R99;5;5;5;5;0;0
G7;a.RISCO BAIXO;HVI3;R09;G7 - BHV;R99;5;5;5;5;0;0
G7;c.RISCO ALTO;HVI3;R10;G7 - BHV;R01;8;8;8;8;0;8
G7;b.RISCO NEUTRO;HVI3;R10;G7 - BHV;R01;8;8;8;8;0;8
G7;a.RISCO BAIXO;HVI3;R10;G7 - BHV;R01;8;8;8;8;0;8
G7;c.RISCO ALTO;HVI3;R10;G7 - BHV;R02;8;8;8;8;0;8
G7;b.RISCO NEUTRO;HVI3;R10;G7 - BHV;R02;8;8;8;8;0;8
G7;a.RISCO BAIXO;HVI3;R10;G7 - BHV;R02;8;8;8;8;0;8
G7;c.RISCO ALTO;HVI3;R10;G7 - BHV;R03;5;3;5;0;0;5
G7;b.RISCO NEUTRO;HVI3;R10;G7 - BHV;R03;5;5;5;5;0;5
G7;a.RISCO BAIXO;HVI3;R10;G7 - BHV;R03;5;5;5;5;0;5
G7;c.RISCO ALTO;HVI3;R10;G7 - BHV;R04;5;3;5;0;0;5
G7;b.RISCO NEUTRO;HVI3;R10;G7 - BHV;R04;5;5;5;5;0;5
G7;a.RISCO BAIXO;HVI3;R10;G7 - BHV;R04;5;5;5;5;0;5
G7;c.RISCO ALTO;HVI3;R10;G7 - BHV;R05;5;3;5;0;0;5
G7;b.RISCO NEUTRO;HVI3;R10;G7 - BHV;R05;5;5;5;5;0;5
G7;a.RISCO BAIXO;HVI3;R10;G7 - BHV;R05;5;5;5;5;0;5
G7;c.RISCO ALTO;HVI3;R10;G7 - BHV;R06;5;3;5;0;0;5
G7;b.RISCO NEUTRO;HVI3;R10;G7 - BHV;R06;5;5;5;5;0;5
G7;a.RISCO BAIXO;HVI3;R10;G7 - BHV;R06;5;5;5;5;0;5
G7;c.RISCO ALTO;HVI3;R10;G7 - BHV;R07;5;3;5;0;0;5
G7;b.RISCO NEUTRO;HVI3;R10;G7 - BHV;R07;5;5;5;5;0;5
G7;a.RISCO BAIXO;HVI3;R10;G7 - BHV;R07;5;5;5;5;0;5
G7;c.RISCO ALTO;HVI3;R10;G7 - BHV;R08;5;3;5;0;0;5
G7;b.RISCO NEUTRO;HVI3;R10;G7 - BHV;R08;5;5;5;5;0;5
G7;a.RISCO BAIXO;HVI3;R10;G7 - BHV;R08;5;5;5;5;0;5
G7;c.RISCO ALTO;HVI3;R10;G7 - BHV;R09;5;3;5;0;0;5
G7;b.RISCO NEUTRO;HVI3;R10;G7 - BHV;R09;5;5;5;5;0;5
G7;a.RISCO BAIXO;HVI3;R10;G7 - BHV;R09;5;5;5;5;0;5
G7;b.RISCO NEUTRO;HVI3;R10;G7 - BHV;R10;5;5;5;5;0;5
G7;c.RISCO ALTO;HVI3;R10;G7 - BHV;R10;5;3;5;0;0;5
G7;a.RISCO BAIXO;HVI3;R10;G7 - BHV;R10;5;5;5;5;0;5
G7;c.RISCO ALTO;HVI3;R10;G7 - BHV;R11;5;3;5;0;0;5
G7;b.RISCO NEUTRO;HVI3;R10;G7 - BHV;R11;5;5;5;5;0;5
G7;a.RISCO BAIXO;HVI3;R10;G7 - BHV;R11;5;5;5;5;0;5
G7;c.RISCO ALTO;HVI3;R10;G7 - BHV;R12;5;3;5;0;0;5
G7;b.RISCO NEUTRO;HVI3;R10;G7 - BHV;R12;5;5;5;5;0;5
G7;a.RISCO BAIXO;HVI3;R10;G7 - BHV;R12;5;5;5;5;0;5
G7;c.RISCO ALTO;HVI3;R10;G7 - BHV;R13;5;3;5;0;0;5
G7;b.RISCO NEUTRO;HVI3;R10;G7 - BHV;R13;5;5;5;5;0;5
G7;a.RISCO BAIXO;HVI3;R10;G7 - BHV;R13;5;5;5;5;0;5
G7;c.RISCO ALTO;HVI3;R10;G7 - BHV;R14;5;3;5;0;0;5
G7;b.RISCO NEUTRO;HVI3;R10;G7 - BHV;R14;5;5;5;5;0;5
G7;a.RISCO BAIXO;HVI3;R10;G7 - BHV;R14;5;5;5;5;0;5
G7;c.RISCO ALTO;HVI3;R10;G7 - BHV;R15;5;3;5;0;0;5
G7;b.RISCO NEUTRO;HVI3;R10;G7 - BHV;R15;5;5;5;5;0;5
G7;a.RISCO BAIXO;HVI3;R10;G7 - BHV;R15;5;5;5;5;0;5
G7;c.RISCO ALTO;HVI3;R10;G7 - BHV;R16;5;3;5;0;0;5
G7;b.RISCO NEUTRO;HVI3;R10;G7 - BHV;R16;5;5;5;5;0;5
G7;a.RISCO BAIXO;HVI3;R10;G7 - BHV;R16;5;5;5;5;0;5
G7;c.RISCO ALTO;HVI3;R10;G7 - BHV;R17;5;3;5;0;0;5
G7;b.RISCO NEUTRO;HVI3;R10;G7 - BHV;R17;5;5;5;5;0;5
G7;a.RISCO BAIXO;HVI3;R10;G7 - BHV;R17;5;5;5;5;0;5
G7;c.RISCO ALTO;HVI3;R10;G7 - BHV;R18;5;3;5;0;0;5
G7;b.RISCO NEUTRO;HVI3;R10;G7 - BHV;R18;5;5;5;5;0;5
G7;a.RISCO BAIXO;HVI3;R10;G7 - BHV;R18;5;5;5;5;0;5
G7;c.RISCO ALTO;HVI3;R10;G7 - BHV;R19;5;3;5;0;0;0
G7;b.RISCO NEUTRO;HVI3;R10;G7 - BHV;R19;5;5;5;5;0;0
G7;a.RISCO BAIXO;HVI3;R10;G7 - BHV;R19;5;5;5;5;0;0
G7;c.RISCO ALTO;HVI3;R10;G7 - BHV;R20;5;3;5;0;0;0
G7;b.RISCO NEUTRO;HVI3;R10;G7 - BHV;R20;5;5;5;5;0;0
G7;a.RISCO BAIXO;HVI3;R10;G7 - BHV;R20;5;5;5;5;0;0
G7;c.RISCO ALTO;HVI3;R10;G7 - BHV;R99;5;3;5;0;0;0
G7;b.RISCO NEUTRO;HVI3;R10;G7 - BHV;R99;5;5;5;5;0;0
G7;a.RISCO BAIXO;HVI3;R10;G7 - BHV;R99;5;5;5;5;0;0
G7;b.RISCO NEUTRO;HVI3;R11;G7 - BHV;R01;8;8;8;8;0;8
G7;c.RISCO ALTO;HVI3;R11;G7 - BHV;R01;8;8;8;8;0;8
G7;a.RISCO BAIXO;HVI3;R11;G7 - BHV;R01;8;8;8;8;0;8
G7;c.RISCO ALTO;HVI3;R11;G7 - BHV;R02;8;8;8;8;0;8
G7;b.RISCO NEUTRO;HVI3;R11;G7 - BHV;R02;8;8;8;8;0;8
G7;a.RISCO BAIXO;HVI3;R11;G7 - BHV;R02;8;8;8;8;0;8
G7;c.RISCO ALTO;HVI3;R11;G7 - BHV;R03;5;3;5;0;0;5
G7;b.RISCO NEUTRO;HVI3;R11;G7 - BHV;R03;5;5;5;5;0;5
G7;a.RISCO BAIXO;HVI3;R11;G7 - BHV;R03;5;5;5;5;0;5
G7;c.RISCO ALTO;HVI3;R11;G7 - BHV;R04;5;3;5;0;0;5
G7;b.RISCO NEUTRO;HVI3;R11;G7 - BHV;R04;5;5;5;5;0;5
G7;a.RISCO BAIXO;HVI3;R11;G7 - BHV;R04;5;5;5;5;0;5
G7;c.RISCO ALTO;HVI3;R11;G7 - BHV;R05;5;3;5;0;0;5
G7;b.RISCO NEUTRO;HVI3;R11;G7 - BHV;R05;5;5;5;5;0;5
G7;a.RISCO BAIXO;HVI3;R11;G7 - BHV;R05;5;5;5;5;0;5
G7;c.RISCO ALTO;HVI3;R11;G7 - BHV;R06;5;0;5;0;0;5
G7;b.RISCO NEUTRO;HVI3;R11;G7 - BHV;R06;5;5;5;5;0;5
G7;a.RISCO BAIXO;HVI3;R11;G7 - BHV;R06;5;5;5;5;0;5
G7;c.RISCO ALTO;HVI3;R11;G7 - BHV;R07;5;0;5;0;0;5
G7;b.RISCO NEUTRO;HVI3;R11;G7 - BHV;R07;5;5;5;5;0;5
G7;a.RISCO BAIXO;HVI3;R11;G7 - BHV;R07;5;5;5;5;0;5
G7;c.RISCO ALTO;HVI3;R11;G7 - BHV;R08;5;0;5;0;0;5
G7;b.RISCO NEUTRO;HVI3;R11;G7 - BHV;R08;5;5;5;5;0;5
G7;a.RISCO BAIXO;HVI3;R11;G7 - BHV;R08;5;5;5;5;0;5
G7;c.RISCO ALTO;HVI3;R11;G7 - BHV;R09;5;0;5;0;0;5
G7;b.RISCO NEUTRO;HVI3;R11;G7 - BHV;R09;5;5;5;5;0;5
G7;a.RISCO BAIXO;HVI3;R11;G7 - BHV;R09;5;5;5;5;0;5
G7;c.RISCO ALTO;HVI3;R11;G7 - BHV;R10;5;0;5;0;0;5
G7;b.RISCO NEUTRO;HVI3;R11;G7 - BHV;R10;5;5;5;5;0;5
G7;a.RISCO BAIXO;HVI3;R11;G7 - BHV;R10;5;5;5;5;0;5
G7;c.RISCO ALTO;HVI3;R11;G7 - BHV;R11;5;0;5;0;0;5
G7;b.RISCO NEUTRO;HVI3;R11;G7 - BHV;R11;5;5;5;5;0;5
G7;a.RISCO BAIXO;HVI3;R11;G7 - BHV;R11;5;5;5;5;0;5
G7;c.RISCO ALTO;HVI3;R11;G7 - BHV;R12;5;0;5;0;0;5
G7;b.RISCO NEUTRO;HVI3;R11;G7 - BHV;R12;5;5;5;5;0;5
G7;a.RISCO BAIXO;HVI3;R11;G7 - BHV;R12;5;5;5;5;0;5
G7;c.RISCO ALTO;HVI3;R11;G7 - BHV;R13;5;0;5;0;0;5
G7;b.RISCO NEUTRO;HVI3;R11;G7 - BHV;R13;5;5;5;5;0;5
G7;a.RISCO BAIXO;HVI3;R11;G7 - BHV;R13;5;5;5;5;0;5
G7;c.RISCO ALTO;HVI3;R11;G7 - BHV;R14;5;0;5;0;0;5
G7;b.RISCO NEUTRO;HVI3;R11;G7 - BHV;R14;5;5;5;5;0;5
G7;a.RISCO BAIXO;HVI3;R11;G7 - BHV;R14;5;5;5;5;0;5
G7;c.RISCO ALTO;HVI3;R11;G7 - BHV;R15;5;0;5;0;0;5
G7;b.RISCO NEUTRO;HVI3;R11;G7 - BHV;R15;5;5;5;5;0;5
G7;a.RISCO BAIXO;HVI3;R11;G7 - BHV;R15;5;5;5;5;0;5
G7;c.RISCO ALTO;HVI3;R11;G7 - BHV;R16;5;0;5;0;0;5
G7;b.RISCO NEUTRO;HVI3;R11;G7 - BHV;R16;5;5;5;5;0;5
G7;a.RISCO BAIXO;HVI3;R11;G7 - BHV;R16;5;5;5;5;0;5
G7;c.RISCO ALTO;HVI3;R11;G7 - BHV;R17;5;0;5;0;0;5
G7;b.RISCO NEUTRO;HVI3;R11;G7 - BHV;R17;5;5;5;5;0;5
G7;a.RISCO BAIXO;HVI3;R11;G7 - BHV;R17;5;5;5;5;0;5
G7;c.RISCO ALTO;HVI3;R11;G7 - BHV;R18;5;0;5;0;0;5
G7;b.RISCO NEUTRO;HVI3;R11;G7 - BHV;R18;5;5;5;5;0;5
G7;a.RISCO BAIXO;HVI3;R11;G7 - BHV;R18;5;5;5;5;0;5
G7;c.RISCO ALTO;HVI3;R11;G7 - BHV;R19;5;0;5;0;0;0
G7;b.RISCO NEUTRO;HVI3;R11;G7 - BHV;R19;5;5;5;5;0;0
G7;a.RISCO BAIXO;HVI3;R11;G7 - BHV;R19;5;5;5;5;0;0
G7;c.RISCO ALTO;HVI3;R11;G7 - BHV;R20;5;0;5;0;0;0
G7;b.RISCO NEUTRO;HVI3;R11;G7 - BHV;R20;5;5;5;5;0;0
G7;a.RISCO BAIXO;HVI3;R11;G7 - BHV;R20;5;5;5;5;0;0
G7;c.RISCO ALTO;HVI3;R11;G7 - BHV;R99;5;0;5;0;0;0
G7;b.RISCO NEUTRO;HVI3;R11;G7 - BHV;R99;5;5;5;5;0;0
G7;a.RISCO BAIXO;HVI3;R11;G7 - BHV;R99;5;5;5;5;0;0
G7;c.RISCO ALTO;HVI3;R12;G7 - BHV;R01;8;8;8;8;0;8
G7;b.RISCO NEUTRO;HVI3;R12;G7 - BHV;R01;8;8;8;8;0;8
G7;a.RISCO BAIXO;HVI3;R12;G7 - BHV;R01;8;8;8;8;0;8
G7;c.RISCO ALTO;HVI3;R12;G7 - BHV;R02;8;8;8;8;0;8
G7;b.RISCO NEUTRO;HVI3;R12;G7 - BHV;R02;8;8;8;8;0;8
G7;a.RISCO BAIXO;HVI3;R12;G7 - BHV;R02;8;8;8;8;0;8
G7;c.RISCO ALTO;HVI3;R12;G7 - BHV;R03;5;3;5;0;0;5
G7;b.RISCO NEUTRO;HVI3;R12;G7 - BHV;R03;5;5;5;5;0;5
G7;a.RISCO BAIXO;HVI3;R12;G7 - BHV;R03;5;5;5;5;0;5
G7;b.RISCO NEUTRO;HVI3;R12;G7 - BHV;R04;5;5;5;5;0;5
G7;c.RISCO ALTO;HVI3;R12;G7 - BHV;R04;5;3;5;0;0;5
G7;a.RISCO BAIXO;HVI3;R12;G7 - BHV;R04;5;5;5;5;0;5
G7;c.RISCO ALTO;HVI3;R12;G7 - BHV;R05;5;3;5;0;0;5
G7;b.RISCO NEUTRO;HVI3;R12;G7 - BHV;R05;5;5;5;5;0;5
G7;a.RISCO BAIXO;HVI3;R12;G7 - BHV;R05;5;5;5;5;0;5
G7;c.RISCO ALTO;HVI3;R12;G7 - BHV;R06;5;0;5;0;0;5
G7;b.RISCO NEUTRO;HVI3;R12;G7 - BHV;R06;5;5;5;5;0;5
G7;a.RISCO BAIXO;HVI3;R12;G7 - BHV;R06;5;5;5;5;0;5
G7;c.RISCO ALTO;HVI3;R12;G7 - BHV;R07;5;0;5;0;0;5
G7;b.RISCO NEUTRO;HVI3;R12;G7 - BHV;R07;5;5;5;5;0;5
G7;a.RISCO BAIXO;HVI3;R12;G7 - BHV;R07;5;5;5;5;0;5
G7;c.RISCO ALTO;HVI3;R12;G7 - BHV;R08;5;0;5;0;0;5
G7;b.RISCO NEUTRO;HVI3;R12;G7 - BHV;R08;5;5;5;5;0;5
G7;a.RISCO BAIXO;HVI3;R12;G7 - BHV;R08;5;5;5;5;0;5
G7;c.RISCO ALTO;HVI3;R12;G7 - BHV;R09;5;0;5;0;0;5
G7;b.RISCO NEUTRO;HVI3;R12;G7 - BHV;R09;5;5;5;5;0;5
G7;a.RISCO BAIXO;HVI3;R12;G7 - BHV;R09;5;5;5;5;0;5
G7;c.RISCO ALTO;HVI3;R12;G7 - BHV;R10;5;0;5;0;0;5
G7;b.RISCO NEUTRO;HVI3;R12;G7 - BHV;R10;5;5;5;5;0;5
G7;a.RISCO BAIXO;HVI3;R12;G7 - BHV;R10;5;5;5;5;0;5
G7;c.RISCO ALTO;HVI3;R12;G7 - BHV;R11;5;0;5;0;0;5
G7;b.RISCO NEUTRO;HVI3;R12;G7 - BHV;R11;5;5;5;5;0;5
G7;a.RISCO BAIXO;HVI3;R12;G7 - BHV;R11;5;5;5;5;0;5
G7;c.RISCO ALTO;HVI3;R12;G7 - BHV;R12;5;0;5;0;0;5
G7;b.RISCO NEUTRO;HVI3;R12;G7 - BHV;R12;5;5;5;5;0;5
G7;a.RISCO BAIXO;HVI3;R12;G7 - BHV;R12;5;5;5;5;0;5
G7;c.RISCO ALTO;HVI3;R12;G7 - BHV;R13;5;0;5;0;0;5
G7;b.RISCO NEUTRO;HVI3;R12;G7 - BHV;R13;5;5;5;5;0;5
G7;a.RISCO BAIXO;HVI3;R12;G7 - BHV;R13;5;5;5;5;0;5
G7;c.RISCO ALTO;HVI3;R12;G7 - BHV;R14;5;0;5;0;0;5
G7;b.RISCO NEUTRO;HVI3;R12;G7 - BHV;R14;5;5;5;5;0;5
G7;a.RISCO BAIXO;HVI3;R12;G7 - BHV;R14;5;5;5;5;0;5
G7;c.RISCO ALTO;HVI3;R12;G7 - BHV;R15;5;0;5;0;0;5
G7;b.RISCO NEUTRO;HVI3;R12;G7 - BHV;R15;5;5;5;5;0;5
G7;a.RISCO BAIXO;HVI3;R12;G7 - BHV;R15;5;5;5;5;0;5
G7;b.RISCO NEUTRO;HVI3;R12;G7 - BHV;R16;5;5;5;5;0;5
G7;c.RISCO ALTO;HVI3;R12;G7 - BHV;R16;5;0;5;0;0;5
G7;a.RISCO BAIXO;HVI3;R12;G7 - BHV;R16;5;5;5;5;0;5
G7;c.RISCO ALTO;HVI3;R12;G7 - BHV;R17;5;0;5;0;0;5
G7;b.RISCO NEUTRO;HVI3;R12;G7 - BHV;R17;5;5;5;5;0;5
G7;a.RISCO BAIXO;HVI3;R12;G7 - BHV;R17;5;5;5;5;0;5
G7;c.RISCO ALTO;HVI3;R12;G7 - BHV;R18;5;0;5;0;0;5
G7;b.RISCO NEUTRO;HVI3;R12;G7 - BHV;R18;5;5;5;5;0;5
G7;a.RISCO BAIXO;HVI3;R12;G7 - BHV;R18;5;5;5;5;0;5
G7;c.RISCO ALTO;HVI3;R12;G7 - BHV;R19;5;0;5;0;0;0
G7;b.RISCO NEUTRO;HVI3;R12;G7 - BHV;R19;5;5;5;5;0;0
G7;a.RISCO BAIXO;HVI3;R12;G7 - BHV;R19;5;5;5;5;0;0
G7;c.RISCO ALTO;HVI3;R12;G7 - BHV;R20;5;0;5;0;0;0
G7;b.RISCO NEUTRO;HVI3;R12;G7 - BHV;R20;5;5;5;5;0;0
G7;a.RISCO BAIXO;HVI3;R12;G7 - BHV;R20;5;5;5;5;0;0
G7;c.RISCO ALTO;HVI3;R12;G7 - BHV;R99;5;0;5;0;0;0
G7;b.RISCO NEUTRO;HVI3;R12;G7 - BHV;R99;5;5;5;5;0;0
G7;a.RISCO BAIXO;HVI3;R12;G7 - BHV;R99;5;5;5;5;0;0
G7;c.RISCO ALTO;HVI3;R13;G7 - BHV;R01;8;8;8;8;0;8
G7;b.RISCO NEUTRO;HVI3;R13;G7 - BHV;R01;8;8;8;8;0;8
G7;a.RISCO BAIXO;HVI3;R13;G7 - BHV;R01;8;8;8;8;0;8
G7;c.RISCO ALTO;HVI3;R13;G7 - BHV;R02;8;8;8;8;0;8
G7;b.RISCO NEUTRO;HVI3;R13;G7 - BHV;R02;8;8;8;8;0;8
G7;a.RISCO BAIXO;HVI3;R13;G7 - BHV;R02;8;8;8;8;0;8
G7;c.RISCO ALTO;HVI3;R13;G7 - BHV;R03;5;3;3;0;0;3
G7;b.RISCO NEUTRO;HVI3;R13;G7 - BHV;R03;5;3;3;0;0;3
G7;a.RISCO BAIXO;HVI3;R13;G7 - BHV;R03;5;3;3;0;0;3
G7;c.RISCO ALTO;HVI3;R13;G7 - BHV;R04;5;3;3;0;0;3
G7;b.RISCO NEUTRO;HVI3;R13;G7 - BHV;R04;5;3;3;0;0;3
G7;a.RISCO BAIXO;HVI3;R13;G7 - BHV;R04;5;3;3;0;0;3
G7;c.RISCO ALTO;HVI3;R13;G7 - BHV;R05;5;0;3;0;0;3
G7;b.RISCO NEUTRO;HVI3;R13;G7 - BHV;R05;5;3;3;0;0;3
G7;a.RISCO BAIXO;HVI3;R13;G7 - BHV;R05;5;3;3;0;0;3
G7;c.RISCO ALTO;HVI3;R13;G7 - BHV;R06;5;0;3;0;0;3
G7;b.RISCO NEUTRO;HVI3;R13;G7 - BHV;R06;5;3;3;0;0;3
G7;a.RISCO BAIXO;HVI3;R13;G7 - BHV;R06;5;3;3;0;0;3
G7;b.RISCO NEUTRO;HVI3;R13;G7 - BHV;R07;5;3;3;0;0;3
G7;c.RISCO ALTO;HVI3;R13;G7 - BHV;R07;5;0;3;0;0;3
G7;a.RISCO BAIXO;HVI3;R13;G7 - BHV;R07;5;3;3;0;0;3
G7;c.RISCO ALTO;HVI3;R13;G7 - BHV;R08;5;0;3;0;0;3
G7;b.RISCO NEUTRO;HVI3;R13;G7 - BHV;R08;5;3;3;0;0;3
G7;a.RISCO BAIXO;HVI3;R13;G7 - BHV;R08;5;3;3;0;0;3
G7;c.RISCO ALTO;HVI3;R13;G7 - BHV;R09;5;0;3;0;0;3
G7;b.RISCO NEUTRO;HVI3;R13;G7 - BHV;R09;5;3;3;0;0;3
G7;a.RISCO BAIXO;HVI3;R13;G7 - BHV;R09;5;3;3;0;0;3
G7;c.RISCO ALTO;HVI3;R13;G7 - BHV;R10;5;0;3;0;0;3
G7;b.RISCO NEUTRO;HVI3;R13;G7 - BHV;R10;5;3;3;0;0;3
G7;a.RISCO BAIXO;HVI3;R13;G7 - BHV;R10;5;3;3;0;0;3
G7;c.RISCO ALTO;HVI3;R13;G7 - BHV;R11;5;0;3;0;0;3
G7;b.RISCO NEUTRO;HVI3;R13;G7 - BHV;R11;5;3;3;0;0;3
G7;a.RISCO BAIXO;HVI3;R13;G7 - BHV;R11;5;3;3;0;0;3
G7;c.RISCO ALTO;HVI3;R13;G7 - BHV;R12;5;0;3;0;0;3
G7;b.RISCO NEUTRO;HVI3;R13;G7 - BHV;R12;5;3;3;0;0;3
G7;a.RISCO BAIXO;HVI3;R13;G7 - BHV;R12;5;3;3;0;0;3
G7;c.RISCO ALTO;HVI3;R13;G7 - BHV;R13;5;0;3;0;0;3
G7;b.RISCO NEUTRO;HVI3;R13;G7 - BHV;R13;5;3;3;0;0;3
G7;a.RISCO BAIXO;HVI3;R13;G7 - BHV;R13;5;3;3;0;0;3
G7;c.RISCO ALTO;HVI3;R13;G7 - BHV;R14;5;0;3;0;0;3
G7;b.RISCO NEUTRO;HVI3;R13;G7 - BHV;R14;5;3;3;0;0;3
G7;a.RISCO BAIXO;HVI3;R13;G7 - BHV;R14;5;3;3;0;0;3
G7;c.RISCO ALTO;HVI3;R13;G7 - BHV;R15;5;0;3;0;0;0
G7;b.RISCO NEUTRO;HVI3;R13;G7 - BHV;R15;5;3;3;0;0;0
G7;a.RISCO BAIXO;HVI3;R13;G7 - BHV;R15;5;3;3;0;0;0
G7;c.RISCO ALTO;HVI3;R13;G7 - BHV;R16;5;0;3;0;0;0
G7;b.RISCO NEUTRO;HVI3;R13;G7 - BHV;R16;5;3;3;0;0;0
G7;a.RISCO BAIXO;HVI3;R13;G7 - BHV;R16;5;3;3;0;0;0
G7;c.RISCO ALTO;HVI3;R13;G7 - BHV;R17;5;0;3;0;0;0
G7;b.RISCO NEUTRO;HVI3;R13;G7 - BHV;R17;5;3;3;0;0;0
G7;a.RISCO BAIXO;HVI3;R13;G7 - BHV;R17;5;3;3;0;0;0
G7;c.RISCO ALTO;HVI3;R13;G7 - BHV;R18;5;0;3;0;0;0
G7;b.RISCO NEUTRO;HVI3;R13;G7 - BHV;R18;5;3;3;0;0;0
G7;a.RISCO BAIXO;HVI3;R13;G7 - BHV;R18;5;3;3;0;0;0
G7;c.RISCO ALTO;HVI3;R13;G7 - BHV;R19;5;0;3;0;0;0
G7;b.RISCO NEUTRO;HVI3;R13;G7 - BHV;R19;5;3;3;0;0;0
G7;a.RISCO BAIXO;HVI3;R13;G7 - BHV;R19;5;3;3;0;0;0
G7;c.RISCO ALTO;HVI3;R13;G7 - BHV;R20;5;0;3;0;0;0
G7;b.RISCO NEUTRO;HVI3;R13;G7 - BHV;R20;5;3;3;0;0;0
G7;a.RISCO BAIXO;HVI3;R13;G7 - BHV;R20;5;3;3;0;0;0
G7;c.RISCO ALTO;HVI3;R13;G7 - BHV;R99;5;0;5;0;0;0
G7;b.RISCO NEUTRO;HVI3;R13;G7 - BHV;R99;5;3;5;0;0;0
G7;a.RISCO BAIXO;HVI3;R13;G7 - BHV;R99;5;3;5;0;0;0
G7;c.RISCO ALTO;HVI3;R14;G7 - BHV;R01;8;8;8;8;0;8
G7;b.RISCO NEUTRO;HVI3;R14;G7 - BHV;R01;8;8;8;8;0;8
G7;a.RISCO BAIXO;HVI3;R14;G7 - BHV;R01;8;8;8;8;0;8
G7;c.RISCO ALTO;HVI3;R14;G7 - BHV;R02;8;8;8;8;0;8
G7;b.RISCO NEUTRO;HVI3;R14;G7 - BHV;R02;8;8;8;8;0;8
G7;a.RISCO BAIXO;HVI3;R14;G7 - BHV;R02;8;8;8;8;0;8
G7;c.RISCO ALTO;HVI3;R14;G7 - BHV;R03;5;3;3;0;0;3
G7;b.RISCO NEUTRO;HVI3;R14;G7 - BHV;R03;5;3;3;0;0;3
G7;a.RISCO BAIXO;HVI3;R14;G7 - BHV;R03;5;3;3;0;0;3
G7;c.RISCO ALTO;HVI3;R14;G7 - BHV;R04;5;3;3;0;0;3
G7;b.RISCO NEUTRO;HVI3;R14;G7 - BHV;R04;5;3;3;0;0;3
G7;a.RISCO BAIXO;HVI3;R14;G7 - BHV;R04;5;3;3;0;0;3
G7;c.RISCO ALTO;HVI3;R14;G7 - BHV;R05;5;0;3;0;0;3
G7;b.RISCO NEUTRO;HVI3;R14;G7 - BHV;R05;5;3;3;0;0;3
G7;a.RISCO BAIXO;HVI3;R14;G7 - BHV;R05;5;3;3;0;0;3
G7;c.RISCO ALTO;HVI3;R14;G7 - BHV;R06;5;0;3;0;0;3
G7;b.RISCO NEUTRO;HVI3;R14;G7 - BHV;R06;5;3;3;0;0;3
G7;a.RISCO BAIXO;HVI3;R14;G7 - BHV;R06;5;3;3;0;0;3
G7;c.RISCO ALTO;HVI3;R14;G7 - BHV;R07;5;0;3;0;0;3
G7;b.RISCO NEUTRO;HVI3;R14;G7 - BHV;R07;5;3;3;0;0;3
G7;a.RISCO BAIXO;HVI3;R14;G7 - BHV;R07;5;3;3;0;0;3
G7;c.RISCO ALTO;HVI3;R14;G7 - BHV;R08;5;0;3;0;0;3
G7;b.RISCO NEUTRO;HVI3;R14;G7 - BHV;R08;5;3;3;0;0;3
G7;a.RISCO BAIXO;HVI3;R14;G7 - BHV;R08;5;3;3;0;0;3
G7;c.RISCO ALTO;HVI3;R14;G7 - BHV;R09;5;0;3;0;0;3
G7;b.RISCO NEUTRO;HVI3;R14;G7 - BHV;R09;5;3;3;0;0;3
G7;a.RISCO BAIXO;HVI3;R14;G7 - BHV;R09;5;3;3;0;0;3
G7;b.RISCO NEUTRO;HVI3;R14;G7 - BHV;R10;5;3;3;0;0;3
G7;c.RISCO ALTO;HVI3;R14;G7 - BHV;R10;5;0;3;0;0;3
G7;a.RISCO BAIXO;HVI3;R14;G7 - BHV;R10;5;3;3;0;0;3
G7;c.RISCO ALTO;HVI3;R14;G7 - BHV;R11;5;0;3;0;0;3
G7;b.RISCO NEUTRO;HVI3;R14;G7 - BHV;R11;5;3;3;0;0;3
G7;a.RISCO BAIXO;HVI3;R14;G7 - BHV;R11;5;3;3;0;0;3
G7;c.RISCO ALTO;HVI3;R14;G7 - BHV;R12;5;0;3;0;0;3
G7;b.RISCO NEUTRO;HVI3;R14;G7 - BHV;R12;5;3;3;0;0;3
G7;a.RISCO BAIXO;HVI3;R14;G7 - BHV;R12;5;3;3;0;0;3
G7;c.RISCO ALTO;HVI3;R14;G7 - BHV;R13;5;0;3;0;0;3
G7;b.RISCO NEUTRO;HVI3;R14;G7 - BHV;R13;5;3;3;0;0;3
G7;a.RISCO BAIXO;HVI3;R14;G7 - BHV;R13;5;3;3;0;0;3
G7;c.RISCO ALTO;HVI3;R14;G7 - BHV;R14;5;0;3;0;0;3
G7;b.RISCO NEUTRO;HVI3;R14;G7 - BHV;R14;5;3;3;0;0;3
G7;a.RISCO BAIXO;HVI3;R14;G7 - BHV;R14;5;3;3;0;0;3
G7;c.RISCO ALTO;HVI3;R14;G7 - BHV;R15;5;0;3;0;0;0
G7;b.RISCO NEUTRO;HVI3;R14;G7 - BHV;R15;5;3;3;0;0;0
G7;a.RISCO BAIXO;HVI3;R14;G7 - BHV;R15;5;3;3;0;0;0
G7;c.RISCO ALTO;HVI3;R14;G7 - BHV;R16;5;0;3;0;0;0
G7;b.RISCO NEUTRO;HVI3;R14;G7 - BHV;R16;5;3;3;0;0;0
G7;a.RISCO BAIXO;HVI3;R14;G7 - BHV;R16;5;3;3;0;0;0
G7;c.RISCO ALTO;HVI3;R14;G7 - BHV;R17;5;0;3;0;0;0
G7;b.RISCO NEUTRO;HVI3;R14;G7 - BHV;R17;5;3;3;0;0;0
G7;a.RISCO BAIXO;HVI3;R14;G7 - BHV;R17;5;3;3;0;0;0
G7;b.RISCO NEUTRO;HVI3;R14;G7 - BHV;R18;5;3;3;0;0;0
G7;c.RISCO ALTO;HVI3;R14;G7 - BHV;R18;5;0;3;0;0;0
G7;a.RISCO BAIXO;HVI3;R14;G7 - BHV;R18;5;3;3;0;0;0
G7;c.RISCO ALTO;HVI3;R14;G7 - BHV;R19;5;0;3;0;0;0
G7;b.RISCO NEUTRO;HVI3;R14;G7 - BHV;R19;5;3;3;0;0;0
G7;a.RISCO BAIXO;HVI3;R14;G7 - BHV;R19;5;3;3;0;0;0
G7;c.RISCO ALTO;HVI3;R14;G7 - BHV;R20;5;0;3;0;0;0
G7;b.RISCO NEUTRO;HVI3;R14;G7 - BHV;R20;5;3;3;0;0;0
G7;a.RISCO BAIXO;HVI3;R14;G7 - BHV;R20;5;3;3;0;0;0
G7;c.RISCO ALTO;HVI3;R14;G7 - BHV;R99;5;0;3;0;0;0
G7;b.RISCO NEUTRO;HVI3;R14;G7 - BHV;R99;5;3;3;0;0;0
G7;a.RISCO BAIXO;HVI3;R14;G7 - BHV;R99;5;3;3;0;0;0
G7;b.RISCO NEUTRO;HVI3;R15;G7 - BHV;R01;8;8;8;0;0;8
G7;c.RISCO ALTO;HVI3;R15;G7 - BHV;R01;8;8;8;0;0;8
G7;a.RISCO BAIXO;HVI3;R15;G7 - BHV;R01;8;8;8;0;0;8
G7;c.RISCO ALTO;HVI3;R15;G7 - BHV;R02;8;8;8;0;0;8
G7;b.RISCO NEUTRO;HVI3;R15;G7 - BHV;R02;8;8;8;0;0;8
G7;a.RISCO BAIXO;HVI3;R15;G7 - BHV;R02;8;8;8;0;0;8
G7;c.RISCO ALTO;HVI3;R15;G7 - BHV;R03;5;3;3;0;0;3
G7;b.RISCO NEUTRO;HVI3;R15;G7 - BHV;R03;5;3;3;0;0;3
G7;a.RISCO BAIXO;HVI3;R15;G7 - BHV;R03;5;3;3;0;0;3
G7;c.RISCO ALTO;HVI3;R15;G7 - BHV;R04;5;3;3;0;0;3
G7;b.RISCO NEUTRO;HVI3;R15;G7 - BHV;R04;5;3;3;0;0;3
G7;a.RISCO BAIXO;HVI3;R15;G7 - BHV;R04;5;3;3;0;0;3
G7;c.RISCO ALTO;HVI3;R15;G7 - BHV;R05;5;0;3;0;0;3
G7;b.RISCO NEUTRO;HVI3;R15;G7 - BHV;R05;5;3;3;0;0;3
G7;a.RISCO BAIXO;HVI3;R15;G7 - BHV;R05;5;3;3;0;0;3
G7;c.RISCO ALTO;HVI3;R15;G7 - BHV;R06;5;0;3;0;0;3
G7;b.RISCO NEUTRO;HVI3;R15;G7 - BHV;R06;5;3;3;0;0;3
G7;a.RISCO BAIXO;HVI3;R15;G7 - BHV;R06;5;3;3;0;0;3
G7;c.RISCO ALTO;HVI3;R15;G7 - BHV;R07;5;0;3;0;0;3
G7;b.RISCO NEUTRO;HVI3;R15;G7 - BHV;R07;5;3;3;0;0;3
G7;a.RISCO BAIXO;HVI3;R15;G7 - BHV;R07;5;3;3;0;0;3
G7;c.RISCO ALTO;HVI3;R15;G7 - BHV;R08;5;0;3;0;0;3
G7;b.RISCO NEUTRO;HVI3;R15;G7 - BHV;R08;5;3;3;0;0;3
G7;a.RISCO BAIXO;HVI3;R15;G7 - BHV;R08;5;3;3;0;0;3
G7;c.RISCO ALTO;HVI3;R15;G7 - BHV;R09;5;0;3;0;0;3
G7;b.RISCO NEUTRO;HVI3;R15;G7 - BHV;R09;5;3;3;0;0;3
G7;a.RISCO BAIXO;HVI3;R15;G7 - BHV;R09;5;3;3;0;0;3
G7;c.RISCO ALTO;HVI3;R15;G7 - BHV;R10;5;0;3;0;0;3
G7;b.RISCO NEUTRO;HVI3;R15;G7 - BHV;R10;5;3;3;0;0;3
G7;a.RISCO BAIXO;HVI3;R15;G7 - BHV;R10;5;3;3;0;0;3
G7;c.RISCO ALTO;HVI3;R15;G7 - BHV;R11;5;0;3;0;0;3
G7;b.RISCO NEUTRO;HVI3;R15;G7 - BHV;R11;5;3;3;0;0;3
G7;a.RISCO BAIXO;HVI3;R15;G7 - BHV;R11;5;3;3;0;0;3
G7;c.RISCO ALTO;HVI3;R15;G7 - BHV;R12;5;0;3;0;0;3
G7;b.RISCO NEUTRO;HVI3;R15;G7 - BHV;R12;5;3;3;0;0;3
G7;a.RISCO BAIXO;HVI3;R15;G7 - BHV;R12;5;3;3;0;0;3
G7;b.RISCO NEUTRO;HVI3;R15;G7 - BHV;R13;5;3;3;0;0;3
G7;c.RISCO ALTO;HVI3;R15;G7 - BHV;R13;5;0;3;0;0;3
G7;a.RISCO BAIXO;HVI3;R15;G7 - BHV;R13;5;3;3;0;0;3
G7;c.RISCO ALTO;HVI3;R15;G7 - BHV;R14;5;0;3;0;0;3
G7;b.RISCO NEUTRO;HVI3;R15;G7 - BHV;R14;5;3;3;0;0;3
G7;a.RISCO BAIXO;HVI3;R15;G7 - BHV;R14;5;3;3;0;0;3
G7;c.RISCO ALTO;HVI3;R15;G7 - BHV;R15;5;0;3;0;0;0
G7;b.RISCO NEUTRO;HVI3;R15;G7 - BHV;R15;5;0;3;0;0;0
G7;a.RISCO BAIXO;HVI3;R15;G7 - BHV;R15;5;3;3;0;0;0
G7;c.RISCO ALTO;HVI3;R15;G7 - BHV;R16;5;0;3;0;0;0
G7;b.RISCO NEUTRO;HVI3;R15;G7 - BHV;R16;5;0;3;0;0;0
G7;a.RISCO BAIXO;HVI3;R15;G7 - BHV;R16;5;3;3;0;0;0
G7;c.RISCO ALTO;HVI3;R15;G7 - BHV;R17;5;0;3;0;0;0
G7;b.RISCO NEUTRO;HVI3;R15;G7 - BHV;R17;5;0;3;0;0;0
G7;a.RISCO BAIXO;HVI3;R15;G7 - BHV;R17;5;3;3;0;0;0
G7;c.RISCO ALTO;HVI3;R15;G7 - BHV;R18;5;0;3;0;0;0
G7;b.RISCO NEUTRO;HVI3;R15;G7 - BHV;R18;5;0;3;0;0;0
G7;a.RISCO BAIXO;HVI3;R15;G7 - BHV;R18;5;3;3;0;0;0
G7;c.RISCO ALTO;HVI3;R15;G7 - BHV;R19;5;0;3;0;0;0
G7;b.RISCO NEUTRO;HVI3;R15;G7 - BHV;R19;5;0;3;0;0;0
G7;a.RISCO BAIXO;HVI3;R15;G7 - BHV;R19;5;3;3;0;0;0
G7;c.RISCO ALTO;HVI3;R15;G7 - BHV;R20;5;0;3;0;0;0
G7;b.RISCO NEUTRO;HVI3;R15;G7 - BHV;R20;5;0;3;0;0;0
G7;a.RISCO BAIXO;HVI3;R15;G7 - BHV;R20;5;3;3;0;0;0
G7;c.RISCO ALTO;HVI3;R15;G7 - BHV;R99;5;0;0;0;0;0
G7;b.RISCO NEUTRO;HVI3;R15;G7 - BHV;R99;5;0;0;0;0;0
G7;a.RISCO BAIXO;HVI3;R15;G7 - BHV;R99;5;3;0;0;0;0
G7;c.RISCO ALTO;HVI3;R16;G7 - BHV;R01;8;8;8;0;0;8
G7;b.RISCO NEUTRO;HVI3;R16;G7 - BHV;R01;8;8;8;0;0;8
G7;a.RISCO BAIXO;HVI3;R16;G7 - BHV;R01;8;8;8;0;0;8
G7;c.RISCO ALTO;HVI3;R16;G7 - BHV;R02;8;8;8;0;0;8
G7;b.RISCO NEUTRO;HVI3;R16;G7 - BHV;R02;8;8;8;0;0;8
G7;a.RISCO BAIXO;HVI3;R16;G7 - BHV;R02;8;8;8;0;0;8
G7;c.RISCO ALTO;HVI3;R16;G7 - BHV;R03;5;3;3;0;0;3
G7;b.RISCO NEUTRO;HVI3;R16;G7 - BHV;R03;5;3;3;0;0;3
G7;a.RISCO BAIXO;HVI3;R16;G7 - BHV;R03;5;3;3;0;0;3
G7;c.RISCO ALTO;HVI3;R16;G7 - BHV;R04;5;3;3;0;0;3
G7;b.RISCO NEUTRO;HVI3;R16;G7 - BHV;R04;5;3;3;0;0;3
G7;a.RISCO BAIXO;HVI3;R16;G7 - BHV;R04;5;3;3;0;0;3
G7;c.RISCO ALTO;HVI3;R16;G7 - BHV;R05;5;0;3;0;0;3
G7;b.RISCO NEUTRO;HVI3;R16;G7 - BHV;R05;5;3;3;0;0;3
G7;a.RISCO BAIXO;HVI3;R16;G7 - BHV;R05;5;3;3;0;0;3
G7;c.RISCO ALTO;HVI3;R16;G7 - BHV;R06;5;0;3;0;0;3
G7;b.RISCO NEUTRO;HVI3;R16;G7 - BHV;R06;5;0;3;0;0;3
G7;a.RISCO BAIXO;HVI3;R16;G7 - BHV;R06;5;3;3;0;0;3
G7;c.RISCO ALTO;HVI3;R16;G7 - BHV;R07;5;0;3;0;0;3
G7;b.RISCO NEUTRO;HVI3;R16;G7 - BHV;R07;5;0;3;0;0;3
G7;a.RISCO BAIXO;HVI3;R16;G7 - BHV;R07;5;3;3;0;0;3
G7;c.RISCO ALTO;HVI3;R16;G7 - BHV;R08;5;0;3;0;0;3
G7;b.RISCO NEUTRO;HVI3;R16;G7 - BHV;R08;5;0;3;0;0;3
G7;a.RISCO BAIXO;HVI3;R16;G7 - BHV;R08;5;3;3;0;0;3
G7;c.RISCO ALTO;HVI3;R16;G7 - BHV;R09;5;0;3;0;0;3
G7;b.RISCO NEUTRO;HVI3;R16;G7 - BHV;R09;5;0;3;0;0;3
G7;a.RISCO BAIXO;HVI3;R16;G7 - BHV;R09;5;3;3;0;0;3
G7;c.RISCO ALTO;HVI3;R16;G7 - BHV;R10;5;0;3;0;0;3
G7;b.RISCO NEUTRO;HVI3;R16;G7 - BHV;R10;5;0;3;0;0;3
G7;a.RISCO BAIXO;HVI3;R16;G7 - BHV;R10;5;3;3;0;0;3
G7;c.RISCO ALTO;HVI3;R16;G7 - BHV;R11;5;0;3;0;0;3
G7;b.RISCO NEUTRO;HVI3;R16;G7 - BHV;R11;5;0;3;0;0;3
G7;a.RISCO BAIXO;HVI3;R16;G7 - BHV;R11;5;3;3;0;0;3
G7;b.RISCO NEUTRO;HVI3;R16;G7 - BHV;R12;5;0;3;0;0;3
G7;c.RISCO ALTO;HVI3;R16;G7 - BHV;R12;5;0;3;0;0;3
G7;a.RISCO BAIXO;HVI3;R16;G7 - BHV;R12;5;3;3;0;0;3
G7;c.RISCO ALTO;HVI3;R16;G7 - BHV;R13;5;0;3;0;0;3
G7;b.RISCO NEUTRO;HVI3;R16;G7 - BHV;R13;5;0;3;0;0;3
G7;a.RISCO BAIXO;HVI3;R16;G7 - BHV;R13;5;3;3;0;0;3
G7;c.RISCO ALTO;HVI3;R16;G7 - BHV;R14;5;0;3;0;0;3
G7;b.RISCO NEUTRO;HVI3;R16;G7 - BHV;R14;5;0;3;0;0;3
G7;a.RISCO BAIXO;HVI3;R16;G7 - BHV;R14;5;3;3;0;0;3
G7;c.RISCO ALTO;HVI3;R16;G7 - BHV;R15;5;0;3;0;0;0
G7;b.RISCO NEUTRO;HVI3;R16;G7 - BHV;R15;5;0;3;0;0;0
G7;a.RISCO BAIXO;HVI3;R16;G7 - BHV;R15;5;0;3;0;0;0
G7;b.RISCO NEUTRO;HVI3;R16;G7 - BHV;R16;5;0;3;0;0;0
G7;c.RISCO ALTO;HVI3;R16;G7 - BHV;R16;5;0;3;0;0;0
G7;a.RISCO BAIXO;HVI3;R16;G7 - BHV;R16;5;0;3;0;0;0
G7;c.RISCO ALTO;HVI3;R16;G7 - BHV;R17;5;0;3;0;0;0
G7;b.RISCO NEUTRO;HVI3;R16;G7 - BHV;R17;5;0;3;0;0;0
G7;a.RISCO BAIXO;HVI3;R16;G7 - BHV;R17;5;0;3;0;0;0
G7;c.RISCO ALTO;HVI3;R16;G7 - BHV;R18;5;0;3;0;0;0
G7;b.RISCO NEUTRO;HVI3;R16;G7 - BHV;R18;5;0;3;0;0;0
G7;a.RISCO BAIXO;HVI3;R16;G7 - BHV;R18;5;0;3;0;0;0
G7;c.RISCO ALTO;HVI3;R16;G7 - BHV;R19;5;0;0;0;0;0
G7;b.RISCO NEUTRO;HVI3;R16;G7 - BHV;R19;5;0;0;0;0;0
G7;a.RISCO BAIXO;HVI3;R16;G7 - BHV;R19;5;0;0;0;0;0
G7;c.RISCO ALTO;HVI3;R16;G7 - BHV;R20;5;0;0;0;0;0
G7;b.RISCO NEUTRO;HVI3;R16;G7 - BHV;R20;5;0;0;0;0;0
G7;a.RISCO BAIXO;HVI3;R16;G7 - BHV;R20;5;0;0;0;0;0
G7;c.RISCO ALTO;HVI3;R16;G7 - BHV;R99;5;0;0;0;0;0
G7;b.RISCO NEUTRO;HVI3;R16;G7 - BHV;R99;5;0;0;0;0;0
G7;a.RISCO BAIXO;HVI3;R16;G7 - BHV;R99;5;0;0;0;0;0
G7;c.RISCO ALTO;HVI3;R17;G7 - BHV;R01;8;8;8;0;0;8
G7;b.RISCO NEUTRO;HVI3;R17;G7 - BHV;R01;8;8;8;0;0;8
G7;a.RISCO BAIXO;HVI3;R17;G7 - BHV;R01;8;8;8;0;0;8
G7;c.RISCO ALTO;HVI3;R17;G7 - BHV;R02;8;8;8;0;0;8
G7;b.RISCO NEUTRO;HVI3;R17;G7 - BHV;R02;8;8;8;0;0;8
G7;a.RISCO BAIXO;HVI3;R17;G7 - BHV;R02;8;8;8;0;0;8
G7;c.RISCO ALTO;HVI3;R17;G7 - BHV;R03;5;3;3;0;0;3
G7;b.RISCO NEUTRO;HVI3;R17;G7 - BHV;R03;5;3;3;0;0;3
G7;a.RISCO BAIXO;HVI3;R17;G7 - BHV;R03;5;3;3;0;0;3
G7;c.RISCO ALTO;HVI3;R17;G7 - BHV;R04;5;3;3;0;0;3
G7;b.RISCO NEUTRO;HVI3;R17;G7 - BHV;R04;5;3;3;0;0;3
G7;a.RISCO BAIXO;HVI3;R17;G7 - BHV;R04;5;3;3;0;0;3
G7;c.RISCO ALTO;HVI3;R17;G7 - BHV;R05;5;0;3;0;0;3
G7;b.RISCO NEUTRO;HVI3;R17;G7 - BHV;R05;5;3;3;0;0;3
G7;a.RISCO BAIXO;HVI3;R17;G7 - BHV;R05;5;3;3;0;0;3
G7;c.RISCO ALTO;HVI3;R17;G7 - BHV;R06;5;0;3;0;0;3
G7;b.RISCO NEUTRO;HVI3;R17;G7 - BHV;R06;5;0;3;0;0;3
G7;a.RISCO BAIXO;HVI3;R17;G7 - BHV;R06;5;3;3;0;0;3
G7;b.RISCO NEUTRO;HVI3;R17;G7 - BHV;R07;5;0;3;0;0;0
G7;c.RISCO ALTO;HVI3;R17;G7 - BHV;R07;5;0;3;0;0;0
G7;a.RISCO BAIXO;HVI3;R17;G7 - BHV;R07;5;0;3;0;0;0
G7;c.RISCO ALTO;HVI3;R17;G7 - BHV;R08;5;0;3;0;0;0
G7;b.RISCO NEUTRO;HVI3;R17;G7 - BHV;R08;5;0;3;0;0;0
G7;a.RISCO BAIXO;HVI3;R17;G7 - BHV;R08;5;0;3;0;0;0
G7;c.RISCO ALTO;HVI3;R17;G7 - BHV;R09;5;0;3;0;0;0
G7;b.RISCO NEUTRO;HVI3;R17;G7 - BHV;R09;5;0;3;0;0;0
G7;a.RISCO BAIXO;HVI3;R17;G7 - BHV;R09;5;0;3;0;0;0
G7;c.RISCO ALTO;HVI3;R17;G7 - BHV;R10;5;0;3;0;0;0
G7;b.RISCO NEUTRO;HVI3;R17;G7 - BHV;R10;5;0;3;0;0;0
G7;a.RISCO BAIXO;HVI3;R17;G7 - BHV;R10;5;0;3;0;0;0
G7;c.RISCO ALTO;HVI3;R17;G7 - BHV;R11;5;0;3;0;0;0
G7;b.RISCO NEUTRO;HVI3;R17;G7 - BHV;R11;5;0;3;0;0;0
G7;a.RISCO BAIXO;HVI3;R17;G7 - BHV;R11;5;0;3;0;0;0
G7;c.RISCO ALTO;HVI3;R17;G7 - BHV;R12;5;0;3;0;0;0
G7;b.RISCO NEUTRO;HVI3;R17;G7 - BHV;R12;5;0;3;0;0;0
G7;a.RISCO BAIXO;HVI3;R17;G7 - BHV;R12;5;0;3;0;0;0
G7;c.RISCO ALTO;HVI3;R17;G7 - BHV;R13;5;0;3;0;0;0
G7;b.RISCO NEUTRO;HVI3;R17;G7 - BHV;R13;5;0;3;0;0;0
G7;a.RISCO BAIXO;HVI3;R17;G7 - BHV;R13;5;0;3;0;0;0
G7;c.RISCO ALTO;HVI3;R17;G7 - BHV;R14;5;0;3;0;0;0
G7;b.RISCO NEUTRO;HVI3;R17;G7 - BHV;R14;5;0;3;0;0;0
G7;a.RISCO BAIXO;HVI3;R17;G7 - BHV;R14;5;0;3;0;0;0
G7;c.RISCO ALTO;HVI3;R17;G7 - BHV;R15;5;0;3;0;0;0
G7;b.RISCO NEUTRO;HVI3;R17;G7 - BHV;R15;5;0;3;0;0;0
G7;a.RISCO BAIXO;HVI3;R17;G7 - BHV;R15;5;0;3;0;0;0
G7;c.RISCO ALTO;HVI3;R17;G7 - BHV;R16;5;0;3;0;0;0
G7;b.RISCO NEUTRO;HVI3;R17;G7 - BHV;R16;5;0;3;0;0;0
G7;a.RISCO BAIXO;HVI3;R17;G7 - BHV;R16;5;0;3;0;0;0
G7;c.RISCO ALTO;HVI3;R17;G7 - BHV;R17;5;0;0;0;0;0
G7;b.RISCO NEUTRO;HVI3;R17;G7 - BHV;R17;5;0;0;0;0;0
G7;a.RISCO BAIXO;HVI3;R17;G7 - BHV;R17;5;0;0;0;0;0
G7;c.RISCO ALTO;HVI3;R17;G7 - BHV;R18;5;0;0;0;0;0
G7;b.RISCO NEUTRO;HVI3;R17;G7 - BHV;R18;5;0;0;0;0;0
G7;a.RISCO BAIXO;HVI3;R17;G7 - BHV;R18;5;0;0;0;0;0
G7;b.RISCO NEUTRO;HVI3;R17;G7 - BHV;R19;5;0;0;0;0;0
G7;c.RISCO ALTO;HVI3;R17;G7 - BHV;R19;5;0;0;0;0;0
G7;a.RISCO BAIXO;HVI3;R17;G7 - BHV;R19;5;0;0;0;0;0
G7;c.RISCO ALTO;HVI3;R17;G7 - BHV;R20;5;0;0;0;0;0
G7;b.RISCO NEUTRO;HVI3;R17;G7 - BHV;R20;5;0;0;0;0;0
G7;a.RISCO BAIXO;HVI3;R17;G7 - BHV;R20;5;0;0;0;0;0
G7;c.RISCO ALTO;HVI3;R17;G7 - BHV;R99;5;0;0;0;0;0
G7;b.RISCO NEUTRO;HVI3;R17;G7 - BHV;R99;5;0;0;0;0;0
G7;a.RISCO BAIXO;HVI3;R17;G7 - BHV;R99;5;0;0;0;0;0
G7;c.RISCO ALTO;HVI3;R18;G7 - BHV;R01;8;8;8;0;0;8
G7;b.RISCO NEUTRO;HVI3;R18;G7 - BHV;R01;8;8;8;0;0;8
G7;a.RISCO BAIXO;HVI3;R18;G7 - BHV;R01;8;8;8;0;0;8
G7;c.RISCO ALTO;HVI3;R18;G7 - BHV;R02;8;8;8;0;0;8
G7;b.RISCO NEUTRO;HVI3;R18;G7 - BHV;R02;8;8;8;0;0;8
G7;a.RISCO BAIXO;HVI3;R18;G7 - BHV;R02;8;8;8;0;0;8
G7;c.RISCO ALTO;HVI3;R18;G7 - BHV;R03;5;3;3;0;0;3
G7;b.RISCO NEUTRO;HVI3;R18;G7 - BHV;R03;5;3;3;0;0;3
G7;a.RISCO BAIXO;HVI3;R18;G7 - BHV;R03;5;3;3;0;0;3
G7;c.RISCO ALTO;HVI3;R18;G7 - BHV;R04;5;3;3;0;0;3
G7;b.RISCO NEUTRO;HVI3;R18;G7 - BHV;R04;5;3;3;0;0;3
G7;a.RISCO BAIXO;HVI3;R18;G7 - BHV;R04;5;3;3;0;0;3
G7;c.RISCO ALTO;HVI3;R18;G7 - BHV;R05;5;0;3;0;0;3
G7;b.RISCO NEUTRO;HVI3;R18;G7 - BHV;R05;5;3;3;0;0;3
G7;a.RISCO BAIXO;HVI3;R18;G7 - BHV;R05;5;3;3;0;0;3
G7;c.RISCO ALTO;HVI3;R18;G7 - BHV;R06;5;0;3;0;0;3
G7;b.RISCO NEUTRO;HVI3;R18;G7 - BHV;R06;5;0;3;0;0;3
G7;a.RISCO BAIXO;HVI3;R18;G7 - BHV;R06;5;3;3;0;0;3
G7;c.RISCO ALTO;HVI3;R18;G7 - BHV;R07;5;0;3;0;0;0
G7;b.RISCO NEUTRO;HVI3;R18;G7 - BHV;R07;5;0;3;0;0;0
G7;a.RISCO BAIXO;HVI3;R18;G7 - BHV;R07;5;0;3;0;0;0
G7;c.RISCO ALTO;HVI3;R18;G7 - BHV;R08;5;0;3;0;0;0
G7;b.RISCO NEUTRO;HVI3;R18;G7 - BHV;R08;5;0;3;0;0;0
G7;a.RISCO BAIXO;HVI3;R18;G7 - BHV;R08;5;0;3;0;0;0
G7;c.RISCO ALTO;HVI3;R18;G7 - BHV;R09;5;0;3;0;0;0
G7;b.RISCO NEUTRO;HVI3;R18;G7 - BHV;R09;5;0;3;0;0;0
G7;a.RISCO BAIXO;HVI3;R18;G7 - BHV;R09;5;0;3;0;0;0
G7;c.RISCO ALTO;HVI3;R18;G7 - BHV;R10;5;0;3;0;0;0
G7;b.RISCO NEUTRO;HVI3;R18;G7 - BHV;R10;5;0;3;0;0;0
G7;a.RISCO BAIXO;HVI3;R18;G7 - BHV;R10;5;0;3;0;0;0
G7;c.RISCO ALTO;HVI3;R18;G7 - BHV;R11;5;0;0;0;0;0
G7;b.RISCO NEUTRO;HVI3;R18;G7 - BHV;R11;5;0;0;0;0;0
G7;a.RISCO BAIXO;HVI3;R18;G7 - BHV;R11;5;0;0;0;0;0
G7;c.RISCO ALTO;HVI3;R18;G7 - BHV;R12;5;0;0;0;0;0
G7;b.RISCO NEUTRO;HVI3;R18;G7 - BHV;R12;5;0;0;0;0;0
G7;a.RISCO BAIXO;HVI3;R18;G7 - BHV;R12;5;0;0;0;0;0
G7;c.RISCO ALTO;HVI3;R18;G7 - BHV;R13;5;0;0;0;0;0
G7;b.RISCO NEUTRO;HVI3;R18;G7 - BHV;R13;5;0;0;0;0;0
G7;a.RISCO BAIXO;HVI3;R18;G7 - BHV;R13;5;0;0;0;0;0
G7;c.RISCO ALTO;HVI3;R18;G7 - BHV;R14;5;0;0;0;0;0
G7;b.RISCO NEUTRO;HVI3;R18;G7 - BHV;R14;5;0;0;0;0;0
G7;a.RISCO BAIXO;HVI3;R18;G7 - BHV;R14;5;0;0;0;0;0
G7;c.RISCO ALTO;HVI3;R18;G7 - BHV;R15;5;0;0;0;0;0
G7;b.RISCO NEUTRO;HVI3;R18;G7 - BHV;R15;5;0;0;0;0;0
G7;a.RISCO BAIXO;HVI3;R18;G7 - BHV;R15;5;0;0;0;0;0
G7;c.RISCO ALTO;HVI3;R18;G7 - BHV;R16;5;0;0;0;0;0
G7;b.RISCO NEUTRO;HVI3;R18;G7 - BHV;R16;5;0;0;0;0;0
G7;a.RISCO BAIXO;HVI3;R18;G7 - BHV;R16;5;0;0;0;0;0
G7;c.RISCO ALTO;HVI3;R18;G7 - BHV;R17;5;0;0;0;0;0
G7;b.RISCO NEUTRO;HVI3;R18;G7 - BHV;R17;5;0;0;0;0;0
G7;a.RISCO BAIXO;HVI3;R18;G7 - BHV;R17;5;0;0;0;0;0
G7;c.RISCO ALTO;HVI3;R18;G7 - BHV;R18;5;0;0;0;0;0
G7;b.RISCO NEUTRO;HVI3;R18;G7 - BHV;R18;5;0;0;0;0;0
G7;a.RISCO BAIXO;HVI3;R18;G7 - BHV;R18;5;0;0;0;0;0
G7;c.RISCO ALTO;HVI3;R18;G7 - BHV;R19;5;0;0;0;0;0
G7;b.RISCO NEUTRO;HVI3;R18;G7 - BHV;R19;5;0;0;0;0;0
G7;a.RISCO BAIXO;HVI3;R18;G7 - BHV;R19;5;0;0;0;0;0
G7;c.RISCO ALTO;HVI3;R18;G7 - BHV;R20;5;0;0;0;0;0
G7;b.RISCO NEUTRO;HVI3;R18;G7 - BHV;R20;5;0;0;0;0;0
G7;a.RISCO BAIXO;HVI3;R18;G7 - BHV;R20;5;0;0;0;0;0
G7;c.RISCO ALTO;HVI3;R18;G7 - BHV;R99;5;0;0;0;0;0
G7;b.RISCO NEUTRO;HVI3;R18;G7 - BHV;R99;5;0;0;0;0;0
G7;a.RISCO BAIXO;HVI3;R18;G7 - BHV;R99;5;0;0;0;0;0
G7;b.RISCO NEUTRO;HVI3;R19;G7 - BHV;R01;8;8;8;0;0;8
G7;c.RISCO ALTO;HVI3;R19;G7 - BHV;R01;8;8;8;0;0;8
G7;a.RISCO BAIXO;HVI3;R19;G7 - BHV;R01;8;8;8;0;0;8
G7;c.RISCO ALTO;HVI3;R19;G7 - BHV;R02;8;8;8;0;0;8
G7;b.RISCO NEUTRO;HVI3;R19;G7 - BHV;R02;8;8;8;0;0;8
G7;a.RISCO BAIXO;HVI3;R19;G7 - BHV;R02;8;8;8;0;0;8
G7;c.RISCO ALTO;HVI3;R19;G7 - BHV;R03;5;3;3;0;0;3
G7;b.RISCO NEUTRO;HVI3;R19;G7 - BHV;R03;5;3;3;0;0;3
G7;a.RISCO BAIXO;HVI3;R19;G7 - BHV;R03;5;3;3;0;0;3
G7;c.RISCO ALTO;HVI3;R19;G7 - BHV;R04;5;3;3;0;0;3
G7;b.RISCO NEUTRO;HVI3;R19;G7 - BHV;R04;5;3;3;0;0;3
G7;a.RISCO BAIXO;HVI3;R19;G7 - BHV;R04;5;3;3;0;0;3
G7;c.RISCO ALTO;HVI3;R19;G7 - BHV;R05;5;0;3;0;0;3
G7;b.RISCO NEUTRO;HVI3;R19;G7 - BHV;R05;5;3;3;0;0;3
G7;a.RISCO BAIXO;HVI3;R19;G7 - BHV;R05;5;3;3;0;0;3
G7;c.RISCO ALTO;HVI3;R19;G7 - BHV;R06;5;0;3;0;0;3
G7;b.RISCO NEUTRO;HVI3;R19;G7 - BHV;R06;5;0;3;0;0;3
G7;a.RISCO BAIXO;HVI3;R19;G7 - BHV;R06;5;3;3;0;0;3
G7;c.RISCO ALTO;HVI3;R19;G7 - BHV;R07;5;0;3;0;0;0
G7;b.RISCO NEUTRO;HVI3;R19;G7 - BHV;R07;5;0;3;0;0;0
G7;a.RISCO BAIXO;HVI3;R19;G7 - BHV;R07;5;0;3;0;0;0
G7;c.RISCO ALTO;HVI3;R19;G7 - BHV;R08;5;0;3;0;0;0
G7;b.RISCO NEUTRO;HVI3;R19;G7 - BHV;R08;5;0;3;0;0;0
G7;a.RISCO BAIXO;HVI3;R19;G7 - BHV;R08;5;0;3;0;0;0
G7;c.RISCO ALTO;HVI3;R19;G7 - BHV;R09;5;0;3;0;0;0
G7;b.RISCO NEUTRO;HVI3;R19;G7 - BHV;R09;5;0;3;0;0;0
G7;a.RISCO BAIXO;HVI3;R19;G7 - BHV;R09;5;0;3;0;0;0
G7;c.RISCO ALTO;HVI3;R19;G7 - BHV;R10;5;0;3;0;0;0
G7;b.RISCO NEUTRO;HVI3;R19;G7 - BHV;R10;5;0;3;0;0;0
G7;a.RISCO BAIXO;HVI3;R19;G7 - BHV;R10;5;0;3;0;0;0
G7;c.RISCO ALTO;HVI3;R19;G7 - BHV;R11;5;0;0;0;0;0
G7;b.RISCO NEUTRO;HVI3;R19;G7 - BHV;R11;5;0;0;0;0;0
G7;a.RISCO BAIXO;HVI3;R19;G7 - BHV;R11;5;0;0;0;0;0
G7;c.RISCO ALTO;HVI3;R19;G7 - BHV;R12;5;0;0;0;0;0
G7;b.RISCO NEUTRO;HVI3;R19;G7 - BHV;R12;5;0;0;0;0;0
G7;a.RISCO BAIXO;HVI3;R19;G7 - BHV;R12;5;0;0;0;0;0
G7;b.RISCO NEUTRO;HVI3;R19;G7 - BHV;R13;5;0;0;0;0;0
G7;c.RISCO ALTO;HVI3;R19;G7 - BHV;R13;5;0;0;0;0;0
G7;a.RISCO BAIXO;HVI3;R19;G7 - BHV;R13;5;0;0;0;0;0
G7;c.RISCO ALTO;HVI3;R19;G7 - BHV;R14;5;0;0;0;0;0
G7;b.RISCO NEUTRO;HVI3;R19;G7 - BHV;R14;5;0;0;0;0;0
G7;a.RISCO BAIXO;HVI3;R19;G7 - BHV;R14;5;0;0;0;0;0
G7;c.RISCO ALTO;HVI3;R19;G7 - BHV;R15;5;0;0;0;0;0
G7;b.RISCO NEUTRO;HVI3;R19;G7 - BHV;R15;5;0;0;0;0;0
G7;a.RISCO BAIXO;HVI3;R19;G7 - BHV;R15;5;0;0;0;0;0
G7;c.RISCO ALTO;HVI3;R19;G7 - BHV;R16;5;0;0;0;0;0
G7;b.RISCO NEUTRO;HVI3;R19;G7 - BHV;R16;5;0;0;0;0;0
G7;a.RISCO BAIXO;HVI3;R19;G7 - BHV;R16;5;0;0;0;0;0
G7;c.RISCO ALTO;HVI3;R19;G7 - BHV;R17;5;0;0;0;0;0
G7;b.RISCO NEUTRO;HVI3;R19;G7 - BHV;R17;5;0;0;0;0;0
G7;a.RISCO BAIXO;HVI3;R19;G7 - BHV;R17;5;0;0;0;0;0
G7;c.RISCO ALTO;HVI3;R19;G7 - BHV;R18;5;0;0;0;0;0
G7;b.RISCO NEUTRO;HVI3;R19;G7 - BHV;R18;5;0;0;0;0;0
G7;a.RISCO BAIXO;HVI3;R19;G7 - BHV;R18;5;0;0;0;0;0
G7;c.RISCO ALTO;HVI3;R19;G7 - BHV;R19;5;0;0;0;0;0
G7;b.RISCO NEUTRO;HVI3;R19;G7 - BHV;R19;5;0;0;0;0;0
G7;a.RISCO BAIXO;HVI3;R19;G7 - BHV;R19;5;0;0;0;0;0
G7;c.RISCO ALTO;HVI3;R19;G7 - BHV;R20;5;0;0;0;0;0
G7;b.RISCO NEUTRO;HVI3;R19;G7 - BHV;R20;5;0;0;0;0;0
G7;a.RISCO BAIXO;HVI3;R19;G7 - BHV;R20;5;0;0;0;0;0
G7;c.RISCO ALTO;HVI3;R19;G7 - BHV;R99;5;0;0;0;0;0
G7;b.RISCO NEUTRO;HVI3;R19;G7 - BHV;R99;5;0;0;0;0;0
G7;a.RISCO BAIXO;HVI3;R19;G7 - BHV;R99;5;0;0;0;0;0
G7;c.RISCO ALTO;HVI3;R20;G7 - BHV;R01;8;8;8;0;0;8
G7;b.RISCO NEUTRO;HVI3;R20;G7 - BHV;R01;8;8;8;0;0;8
G7;a.RISCO BAIXO;HVI3;R20;G7 - BHV;R01;8;8;8;0;0;8
G7;c.RISCO ALTO;HVI3;R20;G7 - BHV;R02;8;8;8;0;0;8
G7;b.RISCO NEUTRO;HVI3;R20;G7 - BHV;R02;8;8;8;0;0;8
G7;a.RISCO BAIXO;HVI3;R20;G7 - BHV;R02;8;8;8;0;0;8
G7;c.RISCO ALTO;HVI3;R20;G7 - BHV;R03;5;3;3;0;0;3
G7;b.RISCO NEUTRO;HVI3;R20;G7 - BHV;R03;5;3;3;0;0;3
G7;a.RISCO BAIXO;HVI3;R20;G7 - BHV;R03;5;3;3;0;0;3
G7;b.RISCO NEUTRO;HVI3;R20;G7 - BHV;R04;5;3;3;0;0;3
G7;c.RISCO ALTO;HVI3;R20;G7 - BHV;R04;5;3;3;0;0;3
G7;a.RISCO BAIXO;HVI3;R20;G7 - BHV;R04;5;3;3;0;0;3
G7;c.RISCO ALTO;HVI3;R20;G7 - BHV;R05;5;0;3;0;0;3
G7;b.RISCO NEUTRO;HVI3;R20;G7 - BHV;R05;5;3;3;0;0;3
G7;a.RISCO BAIXO;HVI3;R20;G7 - BHV;R05;5;3;3;0;0;3
G7;c.RISCO ALTO;HVI3;R20;G7 - BHV;R06;5;0;3;0;0;3
G7;b.RISCO NEUTRO;HVI3;R20;G7 - BHV;R06;5;0;3;0;0;3
G7;a.RISCO BAIXO;HVI3;R20;G7 - BHV;R06;5;3;3;0;0;3
G7;c.RISCO ALTO;HVI3;R20;G7 - BHV;R07;5;0;3;0;0;0
G7;b.RISCO NEUTRO;HVI3;R20;G7 - BHV;R07;5;0;3;0;0;0
G7;a.RISCO BAIXO;HVI3;R20;G7 - BHV;R07;5;0;3;0;0;0
G7;c.RISCO ALTO;HVI3;R20;G7 - BHV;R08;5;0;3;0;0;0
G7;b.RISCO NEUTRO;HVI3;R20;G7 - BHV;R08;5;0;3;0;0;0
G7;a.RISCO BAIXO;HVI3;R20;G7 - BHV;R08;5;0;3;0;0;0
G7;c.RISCO ALTO;HVI3;R20;G7 - BHV;R09;5;0;3;0;0;0
G7;b.RISCO NEUTRO;HVI3;R20;G7 - BHV;R09;5;0;3;0;0;0
G7;a.RISCO BAIXO;HVI3;R20;G7 - BHV;R09;5;0;3;0;0;0
G7;c.RISCO ALTO;HVI3;R20;G7 - BHV;R10;5;0;3;0;0;0
G7;b.RISCO NEUTRO;HVI3;R20;G7 - BHV;R10;5;0;3;0;0;0
G7;a.RISCO BAIXO;HVI3;R20;G7 - BHV;R10;5;0;3;0;0;0
G7;c.RISCO ALTO;HVI3;R20;G7 - BHV;R11;5;0;0;0;0;0
G7;b.RISCO NEUTRO;HVI3;R20;G7 - BHV;R11;5;0;0;0;0;0
G7;a.RISCO BAIXO;HVI3;R20;G7 - BHV;R11;5;0;0;0;0;0
G7;c.RISCO ALTO;HVI3;R20;G7 - BHV;R12;5;0;0;0;0;0
G7;b.RISCO NEUTRO;HVI3;R20;G7 - BHV;R12;5;0;0;0;0;0
G7;a.RISCO BAIXO;HVI3;R20;G7 - BHV;R12;5;0;0;0;0;0
G7;c.RISCO ALTO;HVI3;R20;G7 - BHV;R13;5;0;0;0;0;0
G7;b.RISCO NEUTRO;HVI3;R20;G7 - BHV;R13;5;0;0;0;0;0
G7;a.RISCO BAIXO;HVI3;R20;G7 - BHV;R13;5;0;0;0;0;0
G7;c.RISCO ALTO;HVI3;R20;G7 - BHV;R14;5;0;0;0;0;0
G7;b.RISCO NEUTRO;HVI3;R20;G7 - BHV;R14;5;0;0;0;0;0
G7;a.RISCO BAIXO;HVI3;R20;G7 - BHV;R14;5;0;0;0;0;0
G7;c.RISCO ALTO;HVI3;R20;G7 - BHV;R15;5;0;0;0;0;0
G7;b.RISCO NEUTRO;HVI3;R20;G7 - BHV;R15;5;0;0;0;0;0
G7;a.RISCO BAIXO;HVI3;R20;G7 - BHV;R15;5;0;0;0;0;0
G7;c.RISCO ALTO;HVI3;R20;G7 - BHV;R16;5;0;0;0;0;0
G7;b.RISCO NEUTRO;HVI3;R20;G7 - BHV;R16;5;0;0;0;0;0
G7;a.RISCO BAIXO;HVI3;R20;G7 - BHV;R16;5;0;0;0;0;0
G7;c.RISCO ALTO;HVI3;R20;G7 - BHV;R17;5;0;0;0;0;0
G7;b.RISCO NEUTRO;HVI3;R20;G7 - BHV;R17;5;0;0;0;0;0
G7;a.RISCO BAIXO;HVI3;R20;G7 - BHV;R17;5;0;0;0;0;0
G7;c.RISCO ALTO;HVI3;R20;G7 - BHV;R18;5;0;0;0;0;0
G7;b.RISCO NEUTRO;HVI3;R20;G7 - BHV;R18;5;0;0;0;0;0
G7;a.RISCO BAIXO;HVI3;R20;G7 - BHV;R18;5;0;0;0;0;0
G7;c.RISCO ALTO;HVI3;R20;G7 - BHV;R19;5;0;0;0;0;0
G7;b.RISCO NEUTRO;HVI3;R20;G7 - BHV;R19;5;0;0;0;0;0
G7;a.RISCO BAIXO;HVI3;R20;G7 - BHV;R19;5;0;0;0;0;0
G7;c.RISCO ALTO;HVI3;R20;G7 - BHV;R20;5;0;0;0;0;0
G7;b.RISCO NEUTRO;HVI3;R20;G7 - BHV;R20;5;0;0;0;0;0
G7;a.RISCO BAIXO;HVI3;R20;G7 - BHV;R20;5;0;0;0;0;0
G7;c.RISCO ALTO;HVI3;R20;G7 - BHV;R99;5;0;0;0;0;0
G7;b.RISCO NEUTRO;HVI3;R20;G7 - BHV;R99;5;0;0;0;0;0
G7;a.RISCO BAIXO;HVI3;R20;G7 - BHV;R99;5;0;0;0;0;0
G7;c.RISCO ALTO;HVI3;R99;G7 - BHV;R01;5;0;5;0;0;5
G7;b.RISCO NEUTRO;HVI3;R99;G7 - BHV;R01;5;0;5;0;0;5
G7;a.RISCO BAIXO;HVI3;R99;G7 - BHV;R01;5;0;5;0;0;5
G7;c.RISCO ALTO;HVI3;R99;G7 - BHV;R02;5;0;5;0;0;5
G7;b.RISCO NEUTRO;HVI3;R99;G7 - BHV;R02;5;0;5;0;0;5
G7;a.RISCO BAIXO;HVI3;R99;G7 - BHV;R02;5;0;5;0;0;5
G7;c.RISCO ALTO;HVI3;R99;G7 - BHV;R03;5;0;5;0;0;5
G7;b.RISCO NEUTRO;HVI3;R99;G7 - BHV;R03;5;0;5;0;0;5
G7;a.RISCO BAIXO;HVI3;R99;G7 - BHV;R03;5;0;5;0;0;5
G7;c.RISCO ALTO;HVI3;R99;G7 - BHV;R04;5;0;5;0;0;5
G7;b.RISCO NEUTRO;HVI3;R99;G7 - BHV;R04;5;0;5;0;0;5
G7;a.RISCO BAIXO;HVI3;R99;G7 - BHV;R04;5;0;5;0;0;5
G7;c.RISCO ALTO;HVI3;R99;G7 - BHV;R05;5;0;5;0;0;5
G7;b.RISCO NEUTRO;HVI3;R99;G7 - BHV;R05;5;0;5;0;0;5
G7;a.RISCO BAIXO;HVI3;R99;G7 - BHV;R05;5;0;5;0;0;5
G7;c.RISCO ALTO;HVI3;R99;G7 - BHV;R06;5;0;5;0;0;5
G7;b.RISCO NEUTRO;HVI3;R99;G7 - BHV;R06;5;0;5;0;0;5
G7;a.RISCO BAIXO;HVI3;R99;G7 - BHV;R06;5;0;5;0;0;5
G7;c.RISCO ALTO;HVI3;R99;G7 - BHV;R07;5;0;5;0;0;5
G7;b.RISCO NEUTRO;HVI3;R99;G7 - BHV;R07;5;0;5;0;0;5
G7;a.RISCO BAIXO;HVI3;R99;G7 - BHV;R07;5;0;5;0;0;5
G7;c.RISCO ALTO;HVI3;R99;G7 - BHV;R08;5;0;5;0;0;5
G7;b.RISCO NEUTRO;HVI3;R99;G7 - BHV;R08;5;0;5;0;0;5
G7;a.RISCO BAIXO;HVI3;R99;G7 - BHV;R08;5;0;5;0;0;5
G7;c.RISCO ALTO;HVI3;R99;G7 - BHV;R09;5;0;5;0;0;5
G7;b.RISCO NEUTRO;HVI3;R99;G7 - BHV;R09;5;0;5;0;0;5
G7;a.RISCO BAIXO;HVI3;R99;G7 - BHV;R09;5;0;5;0;0;5
G7;c.RISCO ALTO;HVI3;R99;G7 - BHV;R10;5;0;5;0;0;5
G7;b.RISCO NEUTRO;HVI3;R99;G7 - BHV;R10;5;0;5;0;0;5
G7;a.RISCO BAIXO;HVI3;R99;G7 - BHV;R10;5;0;5;0;0;5
G7;c.RISCO ALTO;HVI3;R99;G7 - BHV;R11;5;0;5;0;0;5
G7;b.RISCO NEUTRO;HVI3;R99;G7 - BHV;R11;5;0;5;0;0;5
G7;a.RISCO BAIXO;HVI3;R99;G7 - BHV;R11;5;0;5;0;0;5
G7;c.RISCO ALTO;HVI3;R99;G7 - BHV;R12;5;0;5;0;0;5
G7;b.RISCO NEUTRO;HVI3;R99;G7 - BHV;R12;5;0;5;0;0;5
G7;a.RISCO BAIXO;HVI3;R99;G7 - BHV;R12;5;0;5;0;0;5
G7;c.RISCO ALTO;HVI3;R99;G7 - BHV;R13;5;0;5;0;0;5
G7;b.RISCO NEUTRO;HVI3;R99;G7 - BHV;R13;5;0;5;0;0;5
G7;a.RISCO BAIXO;HVI3;R99;G7 - BHV;R13;5;0;5;0;0;5
G7;c.RISCO ALTO;HVI3;R99;G7 - BHV;R14;5;0;5;0;0;5
G7;b.RISCO NEUTRO;HVI3;R99;G7 - BHV;R14;5;0;5;0;0;5
G7;a.RISCO BAIXO;HVI3;R99;G7 - BHV;R14;5;0;5;0;0;5
G7;c.RISCO ALTO;HVI3;R99;G7 - BHV;R15;5;0;5;0;0;5
G7;b.RISCO NEUTRO;HVI3;R99;G7 - BHV;R15;5;0;5;0;0;5
G7;a.RISCO BAIXO;HVI3;R99;G7 - BHV;R15;5;0;5;0;0;5
G7;c.RISCO ALTO;HVI3;R99;G7 - BHV;R16;5;0;5;0;0;5
G7;b.RISCO NEUTRO;HVI3;R99;G7 - BHV;R16;5;0;5;0;0;5
G7;a.RISCO BAIXO;HVI3;R99;G7 - BHV;R16;5;0;5;0;0;5
G7;c.RISCO ALTO;HVI3;R99;G7 - BHV;R17;5;0;5;0;0;5
G7;b.RISCO NEUTRO;HVI3;R99;G7 - BHV;R17;5;0;5;0;0;5
G7;a.RISCO BAIXO;HVI3;R99;G7 - BHV;R17;5;0;5;0;0;5
G7;c.RISCO ALTO;HVI3;R99;G7 - BHV;R18;5;0;5;0;0;5
G7;b.RISCO NEUTRO;HVI3;R99;G7 - BHV;R18;5;0;5;0;0;5
G7;a.RISCO BAIXO;HVI3;R99;G7 - BHV;R18;5;0;5;0;0;5
G7;c.RISCO ALTO;HVI3;R99;G7 - BHV;R19;5;0;5;0;0;5
G7;b.RISCO NEUTRO;HVI3;R99;G7 - BHV;R19;5;0;5;0;0;5
G7;a.RISCO BAIXO;HVI3;R99;G7 - BHV;R19;5;0;5;0;0;5
G7;c.RISCO ALTO;HVI3;R99;G7 - BHV;R20;5;0;5;0;0;5
G7;b.RISCO NEUTRO;HVI3;R99;G7 - BHV;R20;5;0;5;0;0;5
G7;a.RISCO BAIXO;HVI3;R99;G7 - BHV;R20;5;0;5;0;0;5
G7;c.RISCO ALTO;HVI3;R99;G7 - BHV;R99;5;0;5;0;0;5
G7;b.RISCO NEUTRO;HVI3;R99;G7 - BHV;R99;5;0;5;0;0;5
G7;a.RISCO BAIXO;HVI3;R99;G7 - BHV;R99;5;0;5;0;0;5
